"#","Date Time, GMT-04:00","Temp, °C","Coupler Detached","Coupler Attached","Host Connected","Stopped","End Of File"
1,04/06/21 08:00:00,24.388,Logged,,,,
2,04/06/21 08:15:00,24.436,,,,,
3,04/06/21 08:30:00,24.460,,,,,
4,04/06/21 08:45:00,24.508,,,,,
5,04/06/21 09:00:00,24.532,,,,,
6,04/06/21 09:15:00,24.581,,,,,
7,04/06/21 09:30:00,24.605,,,,,
8,04/06/21 09:45:00,24.629,,,,,
9,04/06/21 10:00:00,24.677,,,,,
10,04/06/21 10:15:00,24.726,,,,,
11,04/06/21 10:30:00,24.750,,,,,
12,04/06/21 10:45:00,24.798,,,,,
13,04/06/21 11:00:00,24.823,,,,,
14,04/06/21 11:15:00,24.871,,,,,
15,04/06/21 11:30:00,24.919,,,,,
16,04/06/21 11:45:00,24.968,,,,,
17,04/06/21 12:00:00,25.016,,,,,
18,04/06/21 12:15:00,25.065,,,,,
19,04/06/21 12:30:00,25.089,,,,,
20,04/06/21 12:45:00,25.137,,,,,
21,04/06/21 13:00:00,25.186,,,,,
22,04/06/21 13:15:00,25.234,,,,,
23,04/06/21 13:30:00,25.283,,,,,
24,04/06/21 13:45:00,25.331,,,,,
25,04/06/21 14:00:00,25.380,,,,,
26,04/06/21 14:15:00,25.453,,,,,
27,04/06/21 14:30:00,26.158,,,,,
28,04/06/21 14:45:00,26.793,,,,,
29,04/06/21 15:00:00,26.818,,,,,
30,04/06/21 15:15:00,26.793,,,,,
31,04/06/21 15:30:00,26.744,,,,,
32,04/06/21 15:45:00,26.671,,,,,
33,04/06/21 16:00:00,26.573,,,,,
34,04/06/21 16:15:00,26.451,,,,,
35,04/06/21 16:30:00,26.207,,,,,
36,04/06/21 16:45:00,25.939,,,,,
37,04/06/21 17:00:00,25.695,,,,,
38,04/06/21 17:15:00,25.428,,,,,
39,04/06/21 17:30:00,25.234,,,,,
40,04/06/21 17:45:00,25.040,,,,,
41,04/06/21 18:00:00,24.847,,,,,
42,04/06/21 18:15:00,24.702,,,,,
43,04/06/21 18:30:00,24.508,,,,,
44,04/06/21 18:45:00,24.339,,,,,
45,04/06/21 19:00:00,24.146,,,,,
46,04/06/21 19:15:00,23.978,,,,,
47,04/06/21 19:30:00,23.809,,,,,
48,04/06/21 19:45:00,23.641,,,,,
49,04/06/21 20:00:00,23.497,,,,,
50,04/06/21 20:15:00,23.376,,,,,
51,04/06/21 20:30:00,23.232,,,,,
52,04/06/21 20:45:00,23.112,,,,,
53,04/06/21 21:00:00,23.016,,,,,
54,04/06/21 21:15:00,22.896,,,,,
55,04/06/21 21:30:00,22.800,,,,,
56,04/06/21 21:45:00,22.705,,,,,
57,04/06/21 22:00:00,22.633,,,,,
58,04/06/21 22:15:00,22.537,,,,,
59,04/06/21 22:30:00,22.465,,,,,
60,04/06/21 22:45:00,22.393,,,,,
61,04/06/21 23:00:00,22.321,,,,,
62,04/06/21 23:15:00,22.250,,,,,
63,04/06/21 23:30:00,22.178,,,,,
64,04/06/21 23:45:00,22.106,,,,,
65,04/07/21 00:00:00,22.034,,,,,
66,04/07/21 00:15:00,21.963,,,,,
67,04/07/21 00:30:00,21.891,,,,,
68,04/07/21 00:45:00,21.819,,,,,
69,04/07/21 01:00:00,21.772,,,,,
70,04/07/21 01:15:00,21.724,,,,,
71,04/07/21 01:30:00,21.676,,,,,
72,04/07/21 01:45:00,21.628,,,,,
73,04/07/21 02:00:00,21.581,,,,,
74,04/07/21 02:15:00,21.533,,,,,
75,04/07/21 02:30:00,21.485,,,,,
76,04/07/21 02:45:00,21.413,,,,,
77,04/07/21 03:00:00,21.366,,,,,
78,04/07/21 03:15:00,21.294,,,,,
79,04/07/21 03:30:00,21.246,,,,,
80,04/07/21 03:45:00,21.175,,,,,
81,04/07/21 04:00:00,21.151,,,,,
82,04/07/21 04:15:00,21.127,,,,,
83,04/07/21 04:30:00,21.079,,,,,
84,04/07/21 04:45:00,21.056,,,,,
85,04/07/21 05:00:00,21.032,,,,,
86,04/07/21 05:15:00,21.032,,,,,
87,04/07/21 05:30:00,21.008,,,,,
88,04/07/21 05:45:00,21.032,,,,,
89,04/07/21 06:00:00,21.032,,,,,
90,04/07/21 06:15:00,21.056,,,,,
91,04/07/21 06:30:00,21.056,,,,,
92,04/07/21 06:45:00,21.032,,,,,
93,04/07/21 07:00:00,21.008,,,,,
94,04/07/21 07:15:00,21.032,,,,,
95,04/07/21 07:30:00,21.056,,,,,
96,04/07/21 07:45:00,21.079,,,,,
97,04/07/21 08:00:00,21.103,,,,,
98,04/07/21 08:15:00,21.103,,,,,
99,04/07/21 08:30:00,21.127,,,,,
100,04/07/21 08:45:00,21.199,,,,,
101,04/07/21 09:00:00,21.294,,,,,
102,04/07/21 09:15:00,21.437,,,,,
103,04/07/21 09:30:00,21.581,,,,,
104,04/07/21 09:45:00,21.724,,,,,
105,04/07/21 10:00:00,21.843,,,,,
106,04/07/21 10:15:00,21.963,,,,,
107,04/07/21 10:30:00,22.082,,,,,
108,04/07/21 10:45:00,22.178,,,,,
109,04/07/21 11:00:00,22.274,,,,,
110,04/07/21 11:15:00,22.345,,,,,
111,04/07/21 11:30:00,22.441,,,,,
112,04/07/21 11:45:00,22.489,,,,,
113,04/07/21 12:00:00,22.561,,,,,
114,04/07/21 12:15:00,22.609,,,,,
115,04/07/21 12:30:00,22.633,,,,,
116,04/07/21 12:45:00,22.657,,,,,
117,04/07/21 13:00:00,22.681,,,,,
118,04/07/21 13:15:00,22.681,,,,,
119,04/07/21 13:30:00,22.705,,,,,
120,04/07/21 13:45:00,22.705,,,,,
121,04/07/21 14:00:00,22.705,,,,,
122,04/07/21 14:15:00,22.705,,,,,
123,04/07/21 14:30:00,22.705,,,,,
124,04/07/21 14:45:00,22.705,,,,,
125,04/07/21 15:00:00,22.705,,,,,
126,04/07/21 15:15:00,22.705,,,,,
127,04/07/21 15:30:00,22.681,,,,,
128,04/07/21 15:45:00,22.681,,,,,
129,04/07/21 16:00:00,22.681,,,,,
130,04/07/21 16:15:00,22.681,,,,,
131,04/07/21 16:30:00,22.729,,,,,
132,04/07/21 16:45:00,23.088,,,,,
133,04/07/21 17:00:00,23.280,,,,,
134,04/07/21 17:15:00,23.352,,,,,
135,04/07/21 17:30:00,23.328,,,,,
136,04/07/21 17:45:00,23.232,,,,,
137,04/07/21 18:00:00,23.136,,,,,
138,04/07/21 18:15:00,23.016,,,,,
139,04/07/21 18:30:00,22.872,,,,,
140,04/07/21 18:45:00,22.753,,,,,
141,04/07/21 19:00:00,22.681,,,,,
142,04/07/21 19:15:00,22.633,,,,,
143,04/07/21 19:30:00,22.585,,,,,
144,04/07/21 19:45:00,22.561,,,,,
145,04/07/21 20:00:00,22.537,,,,,
146,04/07/21 20:15:00,22.537,,,,,
147,04/07/21 20:30:00,22.537,,,,,
148,04/07/21 20:45:00,22.513,,,,,
149,04/07/21 21:00:00,22.489,,,,,
150,04/07/21 21:15:00,22.465,,,,,
151,04/07/21 21:30:00,22.441,,,,,
152,04/07/21 21:45:00,22.393,,,,,
153,04/07/21 22:00:00,22.369,,,,,
154,04/07/21 22:15:00,22.345,,,,,
155,04/07/21 22:30:00,22.298,,,,,
156,04/07/21 22:45:00,22.274,,,,,
157,04/07/21 23:00:00,22.274,,,,,
158,04/07/21 23:15:00,22.250,,,,,
159,04/07/21 23:30:00,22.250,,,,,
160,04/07/21 23:45:00,22.250,,,,,
161,04/08/21 00:00:00,22.226,,,,,
162,04/08/21 00:15:00,22.250,,,,,
163,04/08/21 00:30:00,22.250,,,,,
164,04/08/21 00:45:00,22.298,,,,,
165,04/08/21 01:00:00,22.321,,,,,
166,04/08/21 01:15:00,22.345,,,,,
167,04/08/21 01:30:00,22.369,,,,,
168,04/08/21 01:45:00,22.393,,,,,
169,04/08/21 02:00:00,22.393,,,,,
170,04/08/21 02:15:00,22.393,,,,,
171,04/08/21 02:30:00,22.417,,,,,
172,04/08/21 02:45:00,22.417,,,,,
173,04/08/21 03:00:00,22.417,,,,,
174,04/08/21 03:15:00,22.417,,,,,
175,04/08/21 03:30:00,22.417,,,,,
176,04/08/21 03:45:00,22.417,,,,,
177,04/08/21 04:00:00,22.417,,,,,
178,04/08/21 04:15:00,22.393,,,,,
179,04/08/21 04:30:00,22.417,,,,,
180,04/08/21 04:45:00,22.417,,,,,
181,04/08/21 05:00:00,22.417,,,,,
182,04/08/21 05:15:00,22.441,,,,,
183,04/08/21 05:30:00,22.441,,,,,
184,04/08/21 05:45:00,22.441,,,,,
185,04/08/21 06:00:00,22.465,,,,,
186,04/08/21 06:15:00,22.489,,,,,
187,04/08/21 06:30:00,22.513,,,,,
188,04/08/21 06:45:00,22.537,,,,,
189,04/08/21 07:00:00,22.561,,,,,
190,04/08/21 07:15:00,22.130,,,,,
191,04/08/21 07:30:00,21.891,,,,,
192,04/08/21 07:45:00,22.058,,,,,
193,04/08/21 08:00:00,22.561,,,,,
194,04/08/21 08:15:00,22.968,,,,,
195,04/08/21 08:30:00,23.593,,,,,
196,04/08/21 08:45:00,24.026,,,,,
197,04/08/21 09:00:00,24.532,,,,,
198,04/08/21 09:15:00,25.331,,,,,
199,04/08/21 09:30:00,26.036,,,,,
200,04/08/21 09:45:00,26.500,,,,,
201,04/08/21 10:00:00,26.598,,,,,
202,04/08/21 10:15:00,26.549,,,,,
203,04/08/21 10:30:00,26.549,,,,,
204,04/08/21 10:45:00,26.549,,,,,
205,04/08/21 11:00:00,26.573,,,,,
206,04/08/21 11:15:00,26.549,,,,,
207,04/08/21 11:30:00,26.549,,,,,
208,04/08/21 11:45:00,26.573,,,,,
209,04/08/21 12:00:00,26.573,,,,,
210,04/08/21 12:15:00,26.573,,,,,
211,04/08/21 12:30:00,26.573,,,,,
212,04/08/21 12:45:00,26.598,,,,,
213,04/08/21 13:00:00,26.573,,,,,
214,04/08/21 13:15:00,26.573,,,,,
215,04/08/21 13:30:00,26.573,,,,,
216,04/08/21 13:45:00,26.573,,,,,
217,04/08/21 14:00:00,26.573,,,,,
218,04/08/21 14:15:00,26.573,,,,,
219,04/08/21 14:30:00,26.573,,,,,
220,04/08/21 14:45:00,26.573,,,,,
221,04/08/21 15:00:00,26.573,,,,,
222,04/08/21 15:15:00,26.598,,,,,
223,04/08/21 15:30:00,26.622,,,,,
224,04/08/21 15:45:00,26.573,,,,,
225,04/08/21 16:00:00,26.598,,,,,
226,04/08/21 16:15:00,26.598,,,,,
227,04/08/21 16:30:00,26.598,,,,,
228,04/08/21 16:45:00,26.622,,,,,
229,04/08/21 17:00:00,26.622,,,,,
230,04/08/21 17:15:00,26.622,,,,,
231,04/08/21 17:30:00,26.622,,,,,
232,04/08/21 17:45:00,26.622,,,,,
233,04/08/21 18:00:00,26.622,,,,,
234,04/08/21 18:15:00,26.622,,,,,
235,04/08/21 18:30:00,26.622,,,,,
236,04/08/21 18:45:00,26.622,,,,,
237,04/08/21 19:00:00,26.598,,,,,
238,04/08/21 19:15:00,26.598,,,,,
239,04/08/21 19:30:00,26.598,,,,,
240,04/08/21 19:45:00,26.598,,,,,
241,04/08/21 20:00:00,26.598,,,,,
242,04/08/21 20:15:00,26.598,,,,,
243,04/08/21 20:30:00,26.598,,,,,
244,04/08/21 20:45:00,26.598,,,,,
245,04/08/21 21:00:00,26.598,,,,,
246,04/08/21 21:15:00,26.598,,,,,
247,04/08/21 21:30:00,26.573,,,,,
248,04/08/21 21:45:00,26.598,,,,,
249,04/08/21 22:00:00,26.573,,,,,
250,04/08/21 22:15:00,26.598,,,,,
251,04/08/21 22:30:00,26.573,,,,,
252,04/08/21 22:45:00,26.573,,,,,
253,04/08/21 23:00:00,26.549,,,,,
254,04/08/21 23:15:00,26.524,,,,,
255,04/08/21 23:30:00,26.549,,,,,
256,04/08/21 23:45:00,26.549,,,,,
257,04/09/21 00:00:00,26.549,,,,,
258,04/09/21 00:15:00,26.549,,,,,
259,04/09/21 00:30:00,26.549,,,,,
260,04/09/21 00:45:00,26.524,,,,,
261,04/09/21 01:00:00,26.549,,,,,
262,04/09/21 01:15:00,26.524,,,,,
263,04/09/21 01:30:00,26.549,,,,,
264,04/09/21 01:45:00,26.549,,,,,
265,04/09/21 02:00:00,26.573,,,,,
266,04/09/21 02:15:00,26.573,,,,,
267,04/09/21 02:30:00,26.549,,,,,
268,04/09/21 02:45:00,26.549,,,,,
269,04/09/21 03:00:00,26.549,,,,,
270,04/09/21 03:15:00,26.573,,,,,
271,04/09/21 03:30:00,26.598,,,,,
272,04/09/21 03:45:00,26.598,,,,,
273,04/09/21 04:00:00,26.524,,,,,
274,04/09/21 04:15:00,26.549,,,,,
275,04/09/21 04:30:00,26.573,,,,,
276,04/09/21 04:45:00,26.549,,,,,
277,04/09/21 05:00:00,26.549,,,,,
278,04/09/21 05:15:00,26.549,,,,,
279,04/09/21 05:30:00,26.378,,,,,
280,04/09/21 05:45:00,26.402,,,,,
281,04/09/21 06:00:00,26.524,,,,,
282,04/09/21 06:15:00,26.475,,,,,
283,04/09/21 06:30:00,26.475,,,,,
284,04/09/21 06:45:00,26.451,,,,,
285,04/09/21 07:00:00,26.426,,,,,
286,04/09/21 07:15:00,26.451,,,,,
287,04/09/21 07:30:00,26.402,,,,,
288,04/09/21 07:45:00,26.402,,,,,
289,04/09/21 08:00:00,26.402,,,,,
290,04/09/21 08:15:00,26.402,,,,,
291,04/09/21 08:30:00,26.402,,,,,
292,04/09/21 08:45:00,26.402,,,,,
293,04/09/21 09:00:00,26.402,,,,,
294,04/09/21 09:15:00,26.426,,,,,
295,04/09/21 09:30:00,26.426,,,,,
296,04/09/21 09:45:00,26.426,,,,,
297,04/09/21 10:00:00,26.451,,,,,
298,04/09/21 10:15:00,26.475,,,,,
299,04/09/21 10:30:00,26.475,,,,,
300,04/09/21 10:45:00,26.500,,,,,
301,04/09/21 11:00:00,26.500,,,,,
302,04/09/21 11:15:00,26.500,,,,,
303,04/09/21 11:30:00,26.451,,,,,
304,04/09/21 11:45:00,26.451,,,,,
305,04/09/21 12:00:00,26.451,,,,,
306,04/09/21 12:15:00,26.451,,,,,
307,04/09/21 12:30:00,26.451,,,,,
308,04/09/21 12:45:00,26.451,,,,,
309,04/09/21 13:00:00,26.451,,,,,
310,04/09/21 13:15:00,26.475,,,,,
311,04/09/21 13:30:00,26.475,,,,,
312,04/09/21 13:45:00,26.475,,,,,
313,04/09/21 14:00:00,26.475,,,,,
314,04/09/21 14:15:00,26.500,,,,,
315,04/09/21 14:30:00,26.524,,,,,
316,04/09/21 14:45:00,26.524,,,,,
317,04/09/21 15:00:00,26.524,,,,,
318,04/09/21 15:15:00,26.524,,,,,
319,04/09/21 15:30:00,26.549,,,,,
320,04/09/21 15:45:00,26.549,,,,,
321,04/09/21 16:00:00,26.573,,,,,
322,04/09/21 16:15:00,26.573,,,,,
323,04/09/21 16:30:00,26.598,,,,,
324,04/09/21 16:45:00,26.598,,,,,
325,04/09/21 17:00:00,26.598,,,,,
326,04/09/21 17:15:00,26.598,,,,,
327,04/09/21 17:30:00,26.524,,,,,
328,04/09/21 17:45:00,26.524,,,,,
329,04/09/21 18:00:00,26.524,,,,,
330,04/09/21 18:15:00,26.549,,,,,
331,04/09/21 18:30:00,26.573,,,,,
332,04/09/21 18:45:00,26.573,,,,,
333,04/09/21 19:00:00,26.524,,,,,
334,04/09/21 19:15:00,26.549,,,,,
335,04/09/21 19:30:00,26.549,,,,,
336,04/09/21 19:45:00,26.549,,,,,
337,04/09/21 20:00:00,26.549,,,,,
338,04/09/21 20:15:00,26.549,,,,,
339,04/09/21 20:30:00,26.549,,,,,
340,04/09/21 20:45:00,26.549,,,,,
341,04/09/21 21:00:00,26.549,,,,,
342,04/09/21 21:15:00,26.549,,,,,
343,04/09/21 21:30:00,26.549,,,,,
344,04/09/21 21:45:00,26.549,,,,,
345,04/09/21 22:00:00,26.549,,,,,
346,04/09/21 22:15:00,26.549,,,,,
347,04/09/21 22:30:00,26.549,,,,,
348,04/09/21 22:45:00,26.549,,,,,
349,04/09/21 23:00:00,26.573,,,,,
350,04/09/21 23:15:00,26.573,,,,,
351,04/09/21 23:30:00,26.598,,,,,
352,04/09/21 23:45:00,26.598,,,,,
353,04/10/21 00:00:00,26.598,,,,,
354,04/10/21 00:15:00,26.598,,,,,
355,04/10/21 00:30:00,26.598,,,,,
356,04/10/21 00:45:00,26.598,,,,,
357,04/10/21 01:00:00,26.598,,,,,
358,04/10/21 01:15:00,26.622,,,,,
359,04/10/21 01:30:00,26.598,,,,,
360,04/10/21 01:45:00,26.598,,,,,
361,04/10/21 02:00:00,26.598,,,,,
362,04/10/21 02:15:00,26.622,,,,,
363,04/10/21 02:30:00,26.622,,,,,
364,04/10/21 02:45:00,26.598,,,,,
365,04/10/21 03:00:00,26.598,,,,,
366,04/10/21 03:15:00,26.573,,,,,
367,04/10/21 03:30:00,26.598,,,,,
368,04/10/21 03:45:00,26.573,,,,,
369,04/10/21 04:00:00,26.549,,,,,
370,04/10/21 04:15:00,26.573,,,,,
371,04/10/21 04:30:00,26.573,,,,,
372,04/10/21 04:45:00,26.573,,,,,
373,04/10/21 05:00:00,26.573,,,,,
374,04/10/21 05:15:00,26.549,,,,,
375,04/10/21 05:30:00,26.549,,,,,
376,04/10/21 05:45:00,26.549,,,,,
377,04/10/21 06:00:00,26.549,,,,,
378,04/10/21 06:15:00,26.524,,,,,
379,04/10/21 06:30:00,26.524,,,,,
380,04/10/21 06:45:00,26.475,,,,,
381,04/10/21 07:00:00,26.402,,,,,
382,04/10/21 07:15:00,26.402,,,,,
383,04/10/21 07:30:00,26.451,,,,,
384,04/10/21 07:45:00,26.475,,,,,
385,04/10/21 08:00:00,26.500,,,,,
386,04/10/21 08:15:00,26.500,,,,,
387,04/10/21 08:30:00,26.475,,,,,
388,04/10/21 08:45:00,26.500,,,,,
389,04/10/21 09:00:00,26.500,,,,,
390,04/10/21 09:15:00,26.500,,,,,
391,04/10/21 09:30:00,26.549,,,,,
392,04/10/21 09:45:00,26.573,,,,,
393,04/10/21 10:00:00,26.549,,,,,
394,04/10/21 10:15:00,26.549,,,,,
395,04/10/21 10:30:00,26.549,,,,,
396,04/10/21 10:45:00,26.549,,,,,
397,04/10/21 11:00:00,26.524,,,,,
398,04/10/21 11:15:00,26.549,,,,,
399,04/10/21 11:30:00,26.549,,,,,
400,04/10/21 11:45:00,26.549,,,,,
401,04/10/21 12:00:00,26.549,,,,,
402,04/10/21 12:15:00,26.549,,,,,
403,04/10/21 12:30:00,26.549,,,,,
404,04/10/21 12:45:00,26.549,,,,,
405,04/10/21 13:00:00,26.549,,,,,
406,04/10/21 13:15:00,26.549,,,,,
407,04/10/21 13:30:00,26.549,,,,,
408,04/10/21 13:45:00,26.549,,,,,
409,04/10/21 14:00:00,26.549,,,,,
410,04/10/21 14:15:00,26.573,,,,,
411,04/10/21 14:30:00,26.573,,,,,
412,04/10/21 14:45:00,26.573,,,,,
413,04/10/21 15:00:00,26.573,,,,,
414,04/10/21 15:15:00,26.573,,,,,
415,04/10/21 15:30:00,26.573,,,,,
416,04/10/21 15:45:00,26.573,,,,,
417,04/10/21 16:00:00,26.573,,,,,
418,04/10/21 16:15:00,26.573,,,,,
419,04/10/21 16:30:00,26.573,,,,,
420,04/10/21 16:45:00,26.573,,,,,
421,04/10/21 17:00:00,26.573,,,,,
422,04/10/21 17:15:00,26.573,,,,,
423,04/10/21 17:30:00,26.573,,,,,
424,04/10/21 17:45:00,26.573,,,,,
425,04/10/21 18:00:00,26.573,,,,,
426,04/10/21 18:15:00,26.573,,,,,
427,04/10/21 18:30:00,26.573,,,,,
428,04/10/21 18:45:00,26.500,,,,,
429,04/10/21 19:00:00,26.500,,,,,
430,04/10/21 19:15:00,26.500,,,,,
431,04/10/21 19:30:00,26.500,,,,,
432,04/10/21 19:45:00,26.573,,,,,
433,04/10/21 20:00:00,26.573,,,,,
434,04/10/21 20:15:00,26.549,,,,,
435,04/10/21 20:30:00,26.549,,,,,
436,04/10/21 20:45:00,26.524,,,,,
437,04/10/21 21:00:00,26.524,,,,,
438,04/10/21 21:15:00,26.549,,,,,
439,04/10/21 21:30:00,26.549,,,,,
440,04/10/21 21:45:00,26.573,,,,,
441,04/10/21 22:00:00,26.500,,,,,
442,04/10/21 22:15:00,26.524,,,,,
443,04/10/21 22:30:00,26.500,,,,,
444,04/10/21 22:45:00,26.500,,,,,
445,04/10/21 23:00:00,26.524,,,,,
446,04/10/21 23:15:00,26.500,,,,,
447,04/10/21 23:30:00,26.500,,,,,
448,04/10/21 23:45:00,26.500,,,,,
449,04/11/21 00:00:00,26.524,,,,,
450,04/11/21 00:15:00,26.573,,,,,
451,04/11/21 00:30:00,26.549,,,,,
452,04/11/21 00:45:00,26.524,,,,,
453,04/11/21 01:00:00,26.500,,,,,
454,04/11/21 01:15:00,26.500,,,,,
455,04/11/21 01:30:00,26.500,,,,,
456,04/11/21 01:45:00,26.500,,,,,
457,04/11/21 02:00:00,26.475,,,,,
458,04/11/21 02:15:00,26.475,,,,,
459,04/11/21 02:30:00,26.475,,,,,
460,04/11/21 02:45:00,26.500,,,,,
461,04/11/21 03:00:00,26.475,,,,,
462,04/11/21 03:15:00,26.500,,,,,
463,04/11/21 03:30:00,26.475,,,,,
464,04/11/21 03:45:00,26.451,,,,,
465,04/11/21 04:00:00,26.451,,,,,
466,04/11/21 04:15:00,26.475,,,,,
467,04/11/21 04:30:00,26.426,,,,,
468,04/11/21 04:45:00,26.451,,,,,
469,04/11/21 05:00:00,26.475,,,,,
470,04/11/21 05:15:00,26.500,,,,,
471,04/11/21 05:30:00,26.500,,,,,
472,04/11/21 05:45:00,26.524,,,,,
473,04/11/21 06:00:00,26.500,,,,,
474,04/11/21 06:15:00,26.524,,,,,
475,04/11/21 06:30:00,26.524,,,,,
476,04/11/21 06:45:00,26.549,,,,,
477,04/11/21 07:00:00,26.549,,,,,
478,04/11/21 07:15:00,26.524,,,,,
479,04/11/21 07:30:00,26.500,,,,,
480,04/11/21 07:45:00,26.500,,,,,
481,04/11/21 08:00:00,26.500,,,,,
482,04/11/21 08:15:00,26.500,,,,,
483,04/11/21 08:30:00,26.475,,,,,
484,04/11/21 08:45:00,26.475,,,,,
485,04/11/21 09:00:00,26.475,,,,,
486,04/11/21 09:15:00,26.451,,,,,
487,04/11/21 09:30:00,26.475,,,,,
488,04/11/21 09:45:00,26.475,,,,,
489,04/11/21 10:00:00,26.451,,,,,
490,04/11/21 10:15:00,26.475,,,,,
491,04/11/21 10:30:00,26.475,,,,,
492,04/11/21 10:45:00,26.475,,,,,
493,04/11/21 11:00:00,26.549,,,,,
494,04/11/21 11:15:00,26.524,,,,,
495,04/11/21 11:30:00,26.524,,,,,
496,04/11/21 11:45:00,26.549,,,,,
497,04/11/21 12:00:00,26.573,,,,,
498,04/11/21 12:15:00,26.573,,,,,
499,04/11/21 12:30:00,26.573,,,,,
500,04/11/21 12:45:00,26.573,,,,,
501,04/11/21 13:00:00,26.549,,,,,
502,04/11/21 13:15:00,26.549,,,,,
503,04/11/21 13:30:00,26.549,,,,,
504,04/11/21 13:45:00,26.549,,,,,
505,04/11/21 14:00:00,26.549,,,,,
506,04/11/21 14:15:00,26.573,,,,,
507,04/11/21 14:30:00,26.573,,,,,
508,04/11/21 14:45:00,26.573,,,,,
509,04/11/21 15:00:00,26.573,,,,,
510,04/11/21 15:15:00,26.573,,,,,
511,04/11/21 15:30:00,26.573,,,,,
512,04/11/21 15:45:00,26.573,,,,,
513,04/11/21 16:00:00,26.573,,,,,
514,04/11/21 16:15:00,26.573,,,,,
515,04/11/21 16:30:00,26.573,,,,,
516,04/11/21 16:45:00,26.573,,,,,
517,04/11/21 17:00:00,26.573,,,,,
518,04/11/21 17:15:00,26.573,,,,,
519,04/11/21 17:30:00,26.573,,,,,
520,04/11/21 17:45:00,26.573,,,,,
521,04/11/21 18:00:00,26.573,,,,,
522,04/11/21 18:15:00,26.573,,,,,
523,04/11/21 18:30:00,26.573,,,,,
524,04/11/21 18:45:00,26.573,,,,,
525,04/11/21 19:00:00,26.573,,,,,
526,04/11/21 19:15:00,26.573,,,,,
527,04/11/21 19:30:00,26.573,,,,,
528,04/11/21 19:45:00,26.573,,,,,
529,04/11/21 20:00:00,26.573,,,,,
530,04/11/21 20:15:00,26.573,,,,,
531,04/11/21 20:30:00,26.573,,,,,
532,04/11/21 20:45:00,26.573,,,,,
533,04/11/21 21:00:00,26.573,,,,,
534,04/11/21 21:15:00,26.573,,,,,
535,04/11/21 21:30:00,26.573,,,,,
536,04/11/21 21:45:00,26.573,,,,,
537,04/11/21 22:00:00,26.573,,,,,
538,04/11/21 22:15:00,26.573,,,,,
539,04/11/21 22:30:00,26.573,,,,,
540,04/11/21 22:45:00,26.573,,,,,
541,04/11/21 23:00:00,26.573,,,,,
542,04/11/21 23:15:00,26.573,,,,,
543,04/11/21 23:30:00,26.573,,,,,
544,04/11/21 23:45:00,26.549,,,,,
545,04/12/21 00:00:00,26.549,,,,,
546,04/12/21 00:15:00,26.524,,,,,
547,04/12/21 00:30:00,26.524,,,,,
548,04/12/21 00:45:00,26.549,,,,,
549,04/12/21 01:00:00,26.549,,,,,
550,04/12/21 01:15:00,26.549,,,,,
551,04/12/21 01:30:00,26.549,,,,,
552,04/12/21 01:45:00,26.549,,,,,
553,04/12/21 02:00:00,26.549,,,,,
554,04/12/21 02:15:00,26.549,,,,,
555,04/12/21 02:30:00,26.549,,,,,
556,04/12/21 02:45:00,26.549,,,,,
557,04/12/21 03:00:00,26.549,,,,,
558,04/12/21 03:15:00,26.573,,,,,
559,04/12/21 03:30:00,26.573,,,,,
560,04/12/21 03:45:00,26.573,,,,,
561,04/12/21 04:00:00,26.573,,,,,
562,04/12/21 04:15:00,26.573,,,,,
563,04/12/21 04:30:00,26.573,,,,,
564,04/12/21 04:45:00,26.598,,,,,
565,04/12/21 05:00:00,26.598,,,,,
566,04/12/21 05:15:00,26.598,,,,,
567,04/12/21 05:30:00,26.549,,,,,
568,04/12/21 05:45:00,26.549,,,,,
569,04/12/21 06:00:00,26.549,,,,,
570,04/12/21 06:15:00,26.549,,,,,
571,04/12/21 06:30:00,26.524,,,,,
572,04/12/21 06:45:00,26.524,,,,,
573,04/12/21 07:00:00,26.524,,,,,
574,04/12/21 07:15:00,26.524,,,,,
575,04/12/21 07:30:00,26.524,,,,,
576,04/12/21 07:45:00,26.524,,,,,
577,04/12/21 08:00:00,26.524,,,,,
578,04/12/21 08:15:00,26.524,,,,,
579,04/12/21 08:30:00,26.524,,,,,
580,04/12/21 08:45:00,26.524,,,,,
581,04/12/21 09:00:00,26.549,,,,,
582,04/12/21 09:15:00,26.549,,,,,
583,04/12/21 09:30:00,26.549,,,,,
584,04/12/21 09:45:00,26.549,,,,,
585,04/12/21 10:00:00,26.549,,,,,
586,04/12/21 10:15:00,26.549,,,,,
587,04/12/21 10:30:00,26.524,,,,,
588,04/12/21 10:45:00,26.549,,,,,
589,04/12/21 11:00:00,26.549,,,,,
590,04/12/21 11:15:00,26.549,,,,,
591,04/12/21 11:30:00,26.549,,,,,
592,04/12/21 11:45:00,26.549,,,,,
593,04/12/21 12:00:00,26.573,,,,,
594,04/12/21 12:15:00,26.598,,,,,
595,04/12/21 12:30:00,26.598,,,,,
596,04/12/21 12:45:00,26.573,,,,,
597,04/12/21 13:00:00,26.573,,,,,
598,04/12/21 13:15:00,26.573,,,,,
599,04/12/21 13:30:00,26.598,,,,,
600,04/12/21 13:45:00,26.598,,,,,
601,04/12/21 14:00:00,26.573,,,,,
602,04/12/21 14:15:00,26.573,,,,,
603,04/12/21 14:30:00,26.573,,,,,
604,04/12/21 14:45:00,26.598,,,,,
605,04/12/21 15:00:00,26.598,,,,,
606,04/12/21 15:15:00,26.598,,,,,
607,04/12/21 15:30:00,26.598,,,,,
608,04/12/21 15:45:00,26.598,,,,,
609,04/12/21 16:00:00,26.598,,,,,
610,04/12/21 16:15:00,26.598,,,,,
611,04/12/21 16:30:00,26.598,,,,,
612,04/12/21 16:45:00,26.598,,,,,
613,04/12/21 17:00:00,26.573,,,,,
614,04/12/21 17:15:00,26.573,,,,,
615,04/12/21 17:30:00,26.573,,,,,
616,04/12/21 17:45:00,26.573,,,,,
617,04/12/21 18:00:00,26.573,,,,,
618,04/12/21 18:15:00,26.573,,,,,
619,04/12/21 18:30:00,26.573,,,,,
620,04/12/21 18:45:00,26.598,,,,,
621,04/12/21 19:00:00,26.573,,,,,
622,04/12/21 19:15:00,26.598,,,,,
623,04/12/21 19:30:00,26.598,,,,,
624,04/12/21 19:45:00,26.598,,,,,
625,04/12/21 20:00:00,26.598,,,,,
626,04/12/21 20:15:00,26.598,,,,,
627,04/12/21 20:30:00,26.598,,,,,
628,04/12/21 20:45:00,26.598,,,,,
629,04/12/21 21:00:00,26.598,,,,,
630,04/12/21 21:15:00,26.598,,,,,
631,04/12/21 21:30:00,26.598,,,,,
632,04/12/21 21:45:00,26.598,,,,,
633,04/12/21 22:00:00,26.598,,,,,
634,04/12/21 22:15:00,26.598,,,,,
635,04/12/21 22:30:00,26.598,,,,,
636,04/12/21 22:45:00,26.598,,,,,
637,04/12/21 23:00:00,26.598,,,,,
638,04/12/21 23:15:00,26.598,,,,,
639,04/12/21 23:30:00,26.598,,,,,
640,04/12/21 23:45:00,26.598,,,,,
641,04/13/21 00:00:00,26.598,,,,,
642,04/13/21 00:15:00,26.598,,,,,
643,04/13/21 00:30:00,26.598,,,,,
644,04/13/21 00:45:00,26.598,,,,,
645,04/13/21 01:00:00,26.598,,,,,
646,04/13/21 01:15:00,26.598,,,,,
647,04/13/21 01:30:00,26.598,,,,,
648,04/13/21 01:45:00,26.598,,,,,
649,04/13/21 02:00:00,26.598,,,,,
650,04/13/21 02:15:00,26.598,,,,,
651,04/13/21 02:30:00,26.598,,,,,
652,04/13/21 02:45:00,26.598,,,,,
653,04/13/21 03:00:00,26.598,,,,,
654,04/13/21 03:15:00,26.598,,,,,
655,04/13/21 03:30:00,26.598,,,,,
656,04/13/21 03:45:00,26.598,,,,,
657,04/13/21 04:00:00,26.598,,,,,
658,04/13/21 04:15:00,26.598,,,,,
659,04/13/21 04:30:00,26.598,,,,,
660,04/13/21 04:45:00,26.622,,,,,
661,04/13/21 05:00:00,26.646,,,,,
662,04/13/21 05:15:00,26.646,,,,,
663,04/13/21 05:30:00,26.646,,,,,
664,04/13/21 05:45:00,26.646,,,,,
665,04/13/21 06:00:00,26.646,,,,,
666,04/13/21 06:15:00,26.646,,,,,
667,04/13/21 06:30:00,26.646,,,,,
668,04/13/21 06:45:00,26.646,,,,,
669,04/13/21 07:00:00,26.646,,,,,
670,04/13/21 07:15:00,26.646,,,,,
671,04/13/21 07:30:00,26.646,,,,,
672,04/13/21 07:45:00,26.622,,,,,
673,04/13/21 08:00:00,26.622,,,,,
674,04/13/21 08:15:00,26.622,,,,,
675,04/13/21 08:30:00,26.622,,,,,
676,04/13/21 08:45:00,26.622,,,,,
677,04/13/21 09:00:00,26.622,,,,,
678,04/13/21 09:15:00,26.622,,,,,
679,04/13/21 09:30:00,26.622,,,,,
680,04/13/21 09:45:00,26.622,,,,,
681,04/13/21 10:00:00,26.622,,,,,
682,04/13/21 10:15:00,26.622,,,,,
683,04/13/21 10:30:00,26.646,,,,,
684,04/13/21 10:45:00,26.646,,,,,
685,04/13/21 11:00:00,26.622,,,,,
686,04/13/21 11:15:00,26.646,,,,,
687,04/13/21 11:30:00,26.622,,,,,
688,04/13/21 11:45:00,26.622,,,,,
689,04/13/21 12:00:00,26.622,,,,,
690,04/13/21 12:15:00,26.622,,,,,
691,04/13/21 12:30:00,26.622,,,,,
692,04/13/21 12:45:00,26.622,,,,,
693,04/13/21 13:00:00,26.622,,,,,
694,04/13/21 13:15:00,26.622,,,,,
695,04/13/21 13:30:00,26.622,,,,,
696,04/13/21 13:45:00,26.622,,,,,
697,04/13/21 14:00:00,26.622,,,,,
698,04/13/21 14:15:00,26.622,,,,,
699,04/13/21 14:30:00,26.598,,,,,
700,04/13/21 14:45:00,26.598,,,,,
701,04/13/21 15:00:00,26.622,,,,,
702,04/13/21 15:15:00,26.622,,,,,
703,04/13/21 15:30:00,26.622,,,,,
704,04/13/21 15:45:00,26.646,,,,,
705,04/13/21 16:00:00,26.646,,,,,
706,04/13/21 16:15:00,26.646,,,,,
707,04/13/21 16:30:00,26.646,,,,,
708,04/13/21 16:45:00,26.646,,,,,
709,04/13/21 17:00:00,26.646,,,,,
710,04/13/21 17:15:00,26.646,,,,,
711,04/13/21 17:30:00,26.671,,,,,
712,04/13/21 17:45:00,26.671,,,,,
713,04/13/21 18:00:00,26.671,,,,,
714,04/13/21 18:15:00,26.671,,,,,
715,04/13/21 18:30:00,26.695,,,,,
716,04/13/21 18:45:00,26.695,,,,,
717,04/13/21 19:00:00,26.720,,,,,
718,04/13/21 19:15:00,26.744,,,,,
719,04/13/21 19:30:00,26.744,,,,,
720,04/13/21 19:45:00,26.744,,,,,
721,04/13/21 20:00:00,26.744,,,,,
722,04/13/21 20:15:00,26.695,,,,,
723,04/13/21 20:30:00,26.695,,,,,
724,04/13/21 20:45:00,26.622,,,,,
725,04/13/21 21:00:00,26.598,,,,,
726,04/13/21 21:15:00,26.598,,,,,
727,04/13/21 21:30:00,26.598,,,,,
728,04/13/21 21:45:00,26.622,,,,,
729,04/13/21 22:00:00,26.622,,,,,
730,04/13/21 22:15:00,26.622,,,,,
731,04/13/21 22:30:00,26.646,,,,,
732,04/13/21 22:45:00,26.622,,,,,
733,04/13/21 23:00:00,26.622,,,,,
734,04/13/21 23:15:00,26.598,,,,,
735,04/13/21 23:30:00,26.598,,,,,
736,04/13/21 23:45:00,26.598,,,,,
737,04/14/21 00:00:00,26.598,,,,,
738,04/14/21 00:15:00,26.598,,,,,
739,04/14/21 00:30:00,26.598,,,,,
740,04/14/21 00:45:00,26.598,,,,,
741,04/14/21 01:00:00,26.598,,,,,
742,04/14/21 01:15:00,26.598,,,,,
743,04/14/21 01:30:00,26.598,,,,,
744,04/14/21 01:45:00,26.598,,,,,
745,04/14/21 02:00:00,26.598,,,,,
746,04/14/21 02:15:00,26.598,,,,,
747,04/14/21 02:30:00,26.598,,,,,
748,04/14/21 02:45:00,26.598,,,,,
749,04/14/21 03:00:00,26.598,,,,,
750,04/14/21 03:15:00,26.598,,,,,
751,04/14/21 03:30:00,26.598,,,,,
752,04/14/21 03:45:00,26.622,,,,,
753,04/14/21 04:00:00,26.598,,,,,
754,04/14/21 04:15:00,26.598,,,,,
755,04/14/21 04:30:00,26.598,,,,,
756,04/14/21 04:45:00,26.622,,,,,
757,04/14/21 05:00:00,26.622,,,,,
758,04/14/21 05:15:00,26.622,,,,,
759,04/14/21 05:30:00,26.671,,,,,
760,04/14/21 05:45:00,26.671,,,,,
761,04/14/21 06:00:00,26.695,,,,,
762,04/14/21 06:15:00,26.695,,,,,
763,04/14/21 06:30:00,26.646,,,,,
764,04/14/21 06:45:00,26.646,,,,,
765,04/14/21 07:00:00,26.622,,,,,
766,04/14/21 07:15:00,26.622,,,,,
767,04/14/21 07:30:00,26.646,,,,,
768,04/14/21 07:45:00,26.671,,,,,
769,04/14/21 08:00:00,26.646,,,,,
770,04/14/21 08:15:00,26.695,,,,,
771,04/14/21 08:30:00,26.646,,,,,
772,04/14/21 08:45:00,26.622,,,,,
773,04/14/21 09:00:00,26.646,,,,,
774,04/14/21 09:15:00,26.622,,,,,
775,04/14/21 09:30:00,26.622,,,,,
776,04/14/21 09:45:00,26.622,,,,,
777,04/14/21 10:00:00,26.622,,,,,
778,04/14/21 10:15:00,26.646,,,,,
779,04/14/21 10:30:00,26.622,,,,,
780,04/14/21 10:45:00,26.646,,,,,
781,04/14/21 11:00:00,26.646,,,,,
782,04/14/21 11:15:00,26.622,,,,,
783,04/14/21 11:30:00,26.646,,,,,
784,04/14/21 11:45:00,26.671,,,,,
785,04/14/21 12:00:00,26.646,,,,,
786,04/14/21 12:15:00,26.646,,,,,
787,04/14/21 12:30:00,26.671,,,,,
788,04/14/21 12:45:00,26.671,,,,,
789,04/14/21 13:00:00,26.671,,,,,
790,04/14/21 13:15:00,26.671,,,,,
791,04/14/21 13:30:00,26.671,,,,,
792,04/14/21 13:45:00,26.671,,,,,
793,04/14/21 14:00:00,26.671,,,,,
794,04/14/21 14:15:00,26.646,,,,,
795,04/14/21 14:30:00,26.671,,,,,
796,04/14/21 14:45:00,26.671,,,,,
797,04/14/21 15:00:00,26.622,,,,,
798,04/14/21 15:15:00,26.671,,,,,
799,04/14/21 15:30:00,26.671,,,,,
800,04/14/21 15:45:00,26.671,,,,,
801,04/14/21 16:00:00,26.671,,,,,
802,04/14/21 16:15:00,26.695,,,,,
803,04/14/21 16:30:00,26.720,,,,,
804,04/14/21 16:45:00,26.744,,,,,
805,04/14/21 17:00:00,26.695,,,,,
806,04/14/21 17:15:00,26.695,,,,,
807,04/14/21 17:30:00,26.671,,,,,
808,04/14/21 17:45:00,26.671,,,,,
809,04/14/21 18:00:00,26.671,,,,,
810,04/14/21 18:15:00,26.695,,,,,
811,04/14/21 18:30:00,26.671,,,,,
812,04/14/21 18:45:00,26.671,,,,,
813,04/14/21 19:00:00,26.671,,,,,
814,04/14/21 19:15:00,26.720,,,,,
815,04/14/21 19:30:00,26.769,,,,,
816,04/14/21 19:45:00,26.769,,,,,
817,04/14/21 20:00:00,26.769,,,,,
818,04/14/21 20:15:00,26.769,,,,,
819,04/14/21 20:30:00,26.720,,,,,
820,04/14/21 20:45:00,26.744,,,,,
821,04/14/21 21:00:00,26.769,,,,,
822,04/14/21 21:15:00,26.769,,,,,
823,04/14/21 21:30:00,26.793,,,,,
824,04/14/21 21:45:00,26.793,,,,,
825,04/14/21 22:00:00,26.695,,,,,
826,04/14/21 22:15:00,26.646,,,,,
827,04/14/21 22:30:00,26.646,,,,,
828,04/14/21 22:45:00,26.598,,,,,
829,04/14/21 23:00:00,26.598,,,,,
830,04/14/21 23:15:00,26.622,,,,,
831,04/14/21 23:30:00,26.598,,,,,
832,04/14/21 23:45:00,26.622,,,,,
833,04/15/21 00:00:00,26.646,,,,,
834,04/15/21 00:15:00,26.695,,,,,
835,04/15/21 00:30:00,26.695,,,,,
836,04/15/21 00:45:00,26.671,,,,,
837,04/15/21 01:00:00,26.671,,,,,
838,04/15/21 01:15:00,26.695,,,,,
839,04/15/21 01:30:00,26.695,,,,,
840,04/15/21 01:45:00,26.720,,,,,
841,04/15/21 02:00:00,26.695,,,,,
842,04/15/21 02:15:00,26.695,,,,,
843,04/15/21 02:30:00,26.720,,,,,
844,04/15/21 02:45:00,26.720,,,,,
845,04/15/21 03:00:00,26.720,,,,,
846,04/15/21 03:15:00,26.720,,,,,
847,04/15/21 03:30:00,26.720,,,,,
848,04/15/21 03:45:00,26.744,,,,,
849,04/15/21 04:00:00,26.769,,,,,
850,04/15/21 04:15:00,26.744,,,,,
851,04/15/21 04:30:00,26.744,,,,,
852,04/15/21 04:45:00,26.720,,,,,
853,04/15/21 05:00:00,26.720,,,,,
854,04/15/21 05:15:00,26.720,,,,,
855,04/15/21 05:30:00,26.744,,,,,
856,04/15/21 05:45:00,26.744,,,,,
857,04/15/21 06:00:00,26.744,,,,,
858,04/15/21 06:15:00,26.720,,,,,
859,04/15/21 06:30:00,26.720,,,,,
860,04/15/21 06:45:00,26.720,,,,,
861,04/15/21 07:00:00,26.744,,,,,
862,04/15/21 07:15:00,26.744,,,,,
863,04/15/21 07:30:00,26.720,,,,,
864,04/15/21 07:45:00,26.769,,,,,
865,04/15/21 08:00:00,26.744,,,,,
866,04/15/21 08:15:00,26.769,,,,,
867,04/15/21 08:30:00,26.769,,,,,
868,04/15/21 08:45:00,26.744,,,,,
869,04/15/21 09:00:00,26.720,,,,,
870,04/15/21 09:15:00,26.720,,,,,
871,04/15/21 09:30:00,26.671,,,,,
872,04/15/21 09:45:00,26.671,,,,,
873,04/15/21 10:00:00,26.671,,,,,
874,04/15/21 10:15:00,26.671,,,,,
875,04/15/21 10:30:00,26.671,,,,,
876,04/15/21 10:45:00,26.695,,,,,
877,04/15/21 11:00:00,26.671,,,,,
878,04/15/21 11:15:00,26.671,,,,,
879,04/15/21 11:30:00,26.671,,,,,
880,04/15/21 11:45:00,26.695,,,,,
881,04/15/21 12:00:00,26.671,,,,,
882,04/15/21 12:15:00,26.671,,,,,
883,04/15/21 12:30:00,26.671,,,,,
884,04/15/21 12:45:00,26.695,,,,,
885,04/15/21 13:00:00,26.695,,,,,
886,04/15/21 13:15:00,26.695,,,,,
887,04/15/21 13:30:00,26.695,,,,,
888,04/15/21 13:45:00,26.720,,,,,
889,04/15/21 14:00:00,26.573,,,,,
890,04/15/21 14:15:00,26.646,,,,,
891,04/15/21 14:30:00,26.646,,,,,
892,04/15/21 14:45:00,26.671,,,,,
893,04/15/21 15:00:00,26.646,,,,,
894,04/15/21 15:15:00,26.646,,,,,
895,04/15/21 15:30:00,26.646,,,,,
896,04/15/21 15:45:00,26.646,,,,,
897,04/15/21 16:00:00,26.646,,,,,
898,04/15/21 16:15:00,26.646,,,,,
899,04/15/21 16:30:00,26.646,,,,,
900,04/15/21 16:45:00,26.646,,,,,
901,04/15/21 17:00:00,26.671,,,,,
902,04/15/21 17:15:00,26.671,,,,,
903,04/15/21 17:30:00,26.671,,,,,
904,04/15/21 17:45:00,26.671,,,,,
905,04/15/21 18:00:00,26.622,,,,,
906,04/15/21 18:15:00,26.598,,,,,
907,04/15/21 18:30:00,26.646,,,,,
908,04/15/21 18:45:00,26.598,,,,,
909,04/15/21 19:00:00,26.598,,,,,
910,04/15/21 19:15:00,26.622,,,,,
911,04/15/21 19:30:00,26.646,,,,,
912,04/15/21 19:45:00,26.646,,,,,
913,04/15/21 20:00:00,26.646,,,,,
914,04/15/21 20:15:00,26.646,,,,,
915,04/15/21 20:30:00,26.622,,,,,
916,04/15/21 20:45:00,26.622,,,,,
917,04/15/21 21:00:00,26.646,,,,,
918,04/15/21 21:15:00,26.646,,,,,
919,04/15/21 21:30:00,26.646,,,,,
920,04/15/21 21:45:00,26.646,,,,,
921,04/15/21 22:00:00,26.646,,,,,
922,04/15/21 22:15:00,26.646,,,,,
923,04/15/21 22:30:00,26.622,,,,,
924,04/15/21 22:45:00,26.622,,,,,
925,04/15/21 23:00:00,26.598,,,,,
926,04/15/21 23:15:00,26.524,,,,,
927,04/15/21 23:30:00,26.524,,,,,
928,04/15/21 23:45:00,26.500,,,,,
929,04/16/21 00:00:00,26.500,,,,,
930,04/16/21 00:15:00,26.524,,,,,
931,04/16/21 00:30:00,26.573,,,,,
932,04/16/21 00:45:00,26.598,,,,,
933,04/16/21 01:00:00,26.622,,,,,
934,04/16/21 01:15:00,26.598,,,,,
935,04/16/21 01:30:00,26.524,,,,,
936,04/16/21 01:45:00,26.549,,,,,
937,04/16/21 02:00:00,26.451,,,,,
938,04/16/21 02:15:00,26.524,,,,,
939,04/16/21 02:30:00,26.573,,,,,
940,04/16/21 02:45:00,26.598,,,,,
941,04/16/21 03:00:00,26.573,,,,,
942,04/16/21 03:15:00,26.598,,,,,
943,04/16/21 03:30:00,26.598,,,,,
944,04/16/21 03:45:00,26.598,,,,,
945,04/16/21 04:00:00,26.598,,,,,
946,04/16/21 04:15:00,26.622,,,,,
947,04/16/21 04:30:00,26.622,,,,,
948,04/16/21 04:45:00,26.598,,,,,
949,04/16/21 05:00:00,26.598,,,,,
950,04/16/21 05:15:00,26.598,,,,,
951,04/16/21 05:30:00,26.598,,,,,
952,04/16/21 05:45:00,26.598,,,,,
953,04/16/21 06:00:00,26.622,,,,,
954,04/16/21 06:15:00,26.622,,,,,
955,04/16/21 06:30:00,26.622,,,,,
956,04/16/21 06:45:00,26.622,,,,,
957,04/16/21 07:00:00,26.622,,,,,
958,04/16/21 07:15:00,26.622,,,,,
959,04/16/21 07:30:00,26.622,,,,,
960,04/16/21 07:45:00,26.622,,,,,
961,04/16/21 08:00:00,26.622,,,,,
962,04/16/21 08:15:00,26.622,,,,,
963,04/16/21 08:30:00,26.622,,,,,
964,04/16/21 08:45:00,26.622,,,,,
965,04/16/21 09:00:00,26.646,,,,,
966,04/16/21 09:15:00,26.646,,,,,
967,04/16/21 09:30:00,26.646,,,,,
968,04/16/21 09:45:00,26.646,,,,,
969,04/16/21 10:00:00,26.646,,,,,
970,04/16/21 10:15:00,26.646,,,,,
971,04/16/21 10:30:00,26.671,,,,,
972,04/16/21 10:45:00,26.671,,,,,
973,04/16/21 11:00:00,26.671,,,,,
974,04/16/21 11:15:00,26.671,,,,,
975,04/16/21 11:30:00,26.671,,,,,
976,04/16/21 11:45:00,26.671,,,,,
977,04/16/21 12:00:00,26.671,,,,,
978,04/16/21 12:15:00,26.671,,,,,
979,04/16/21 12:30:00,26.671,,,,,
980,04/16/21 12:45:00,26.671,,,,,
981,04/16/21 13:00:00,26.671,,,,,
982,04/16/21 13:15:00,26.671,,,,,
983,04/16/21 13:30:00,26.671,,,,,
984,04/16/21 13:45:00,26.671,,,,,
985,04/16/21 14:00:00,26.646,,,,,
986,04/16/21 14:15:00,26.646,,,,,
987,04/16/21 14:30:00,26.646,,,,,
988,04/16/21 14:45:00,26.646,,,,,
989,04/16/21 15:00:00,26.646,,,,,
990,04/16/21 15:15:00,26.646,,,,,
991,04/16/21 15:30:00,26.646,,,,,
992,04/16/21 15:45:00,26.646,,,,,
993,04/16/21 16:00:00,26.646,,,,,
994,04/16/21 16:15:00,26.646,,,,,
995,04/16/21 16:30:00,26.671,,,,,
996,04/16/21 16:45:00,26.671,,,,,
997,04/16/21 17:00:00,26.646,,,,,
998,04/16/21 17:15:00,26.671,,,,,
999,04/16/21 17:30:00,26.671,,,,,
1000,04/16/21 17:45:00,26.671,,,,,
1001,04/16/21 18:00:00,26.671,,,,,
1002,04/16/21 18:15:00,26.671,,,,,
1003,04/16/21 18:30:00,26.695,,,,,
1004,04/16/21 18:45:00,26.695,,,,,
1005,04/16/21 19:00:00,26.695,,,,,
1006,04/16/21 19:15:00,26.695,,,,,
1007,04/16/21 19:30:00,26.695,,,,,
1008,04/16/21 19:45:00,26.695,,,,,
1009,04/16/21 20:00:00,26.695,,,,,
1010,04/16/21 20:15:00,26.695,,,,,
1011,04/16/21 20:30:00,26.695,,,,,
1012,04/16/21 20:45:00,26.695,,,,,
1013,04/16/21 21:00:00,26.695,,,,,
1014,04/16/21 21:15:00,26.695,,,,,
1015,04/16/21 21:30:00,26.695,,,,,
1016,04/16/21 21:45:00,26.695,,,,,
1017,04/16/21 22:00:00,26.695,,,,,
1018,04/16/21 22:15:00,26.720,,,,,
1019,04/16/21 22:30:00,26.720,,,,,
1020,04/16/21 22:45:00,26.720,,,,,
1021,04/16/21 23:00:00,26.744,,,,,
1022,04/16/21 23:15:00,26.720,,,,,
1023,04/16/21 23:30:00,26.720,,,,,
1024,04/16/21 23:45:00,26.720,,,,,
1025,04/17/21 00:00:00,26.744,,,,,
1026,04/17/21 00:15:00,26.720,,,,,
1027,04/17/21 00:30:00,26.744,,,,,
1028,04/17/21 00:45:00,26.744,,,,,
1029,04/17/21 01:00:00,26.744,,,,,
1030,04/17/21 01:15:00,26.720,,,,,
1031,04/17/21 01:30:00,26.720,,,,,
1032,04/17/21 01:45:00,26.720,,,,,
1033,04/17/21 02:00:00,26.695,,,,,
1034,04/17/21 02:15:00,26.695,,,,,
1035,04/17/21 02:30:00,26.671,,,,,
1036,04/17/21 02:45:00,26.671,,,,,
1037,04/17/21 03:00:00,26.671,,,,,
1038,04/17/21 03:15:00,26.671,,,,,
1039,04/17/21 03:30:00,26.622,,,,,
1040,04/17/21 03:45:00,26.622,,,,,
1041,04/17/21 04:00:00,26.622,,,,,
1042,04/17/21 04:15:00,26.622,,,,,
1043,04/17/21 04:30:00,26.622,,,,,
1044,04/17/21 04:45:00,26.622,,,,,
1045,04/17/21 05:00:00,26.622,,,,,
1046,04/17/21 05:15:00,26.646,,,,,
1047,04/17/21 05:30:00,26.622,,,,,
1048,04/17/21 05:45:00,26.622,,,,,
1049,04/17/21 06:00:00,26.622,,,,,
1050,04/17/21 06:15:00,26.622,,,,,
1051,04/17/21 06:30:00,26.598,,,,,
1052,04/17/21 06:45:00,26.622,,,,,
1053,04/17/21 07:00:00,26.622,,,,,
1054,04/17/21 07:15:00,26.646,,,,,
1055,04/17/21 07:30:00,26.646,,,,,
1056,04/17/21 07:45:00,26.646,,,,,
1057,04/17/21 08:00:00,26.646,,,,,
1058,04/17/21 08:15:00,26.671,,,,,
1059,04/17/21 08:30:00,26.671,,,,,
1060,04/17/21 08:45:00,26.671,,,,,
1061,04/17/21 09:00:00,26.695,,,,,
1062,04/17/21 09:15:00,26.671,,,,,
1063,04/17/21 09:30:00,26.646,,,,,
1064,04/17/21 09:45:00,26.646,,,,,
1065,04/17/21 10:00:00,26.646,,,,,
1066,04/17/21 10:15:00,26.646,,,,,
1067,04/17/21 10:30:00,26.671,,,,,
1068,04/17/21 10:45:00,26.671,,,,,
1069,04/17/21 11:00:00,26.671,,,,,
1070,04/17/21 11:15:00,26.671,,,,,
1071,04/17/21 11:30:00,26.671,,,,,
1072,04/17/21 11:45:00,26.695,,,,,
1073,04/17/21 12:00:00,26.695,,,,,
1074,04/17/21 12:15:00,26.720,,,,,
1075,04/17/21 12:30:00,26.744,,,,,
1076,04/17/21 12:45:00,26.744,,,,,
1077,04/17/21 13:00:00,26.744,,,,,
1078,04/17/21 13:15:00,26.744,,,,,
1079,04/17/21 13:30:00,26.695,,,,,
1080,04/17/21 13:45:00,26.695,,,,,
1081,04/17/21 14:00:00,26.695,,,,,
1082,04/17/21 14:15:00,26.695,,,,,
1083,04/17/21 14:30:00,26.695,,,,,
1084,04/17/21 14:45:00,26.671,,,,,
1085,04/17/21 15:00:00,26.598,,,,,
1086,04/17/21 15:15:00,26.646,,,,,
1087,04/17/21 15:30:00,26.646,,,,,
1088,04/17/21 15:45:00,26.671,,,,,
1089,04/17/21 16:00:00,26.671,,,,,
1090,04/17/21 16:15:00,26.622,,,,,
1091,04/17/21 16:30:00,26.646,,,,,
1092,04/17/21 16:45:00,26.646,,,,,
1093,04/17/21 17:00:00,26.622,,,,,
1094,04/17/21 17:15:00,26.646,,,,,
1095,04/17/21 17:30:00,26.646,,,,,
1096,04/17/21 17:45:00,26.671,,,,,
1097,04/17/21 18:00:00,26.671,,,,,
1098,04/17/21 18:15:00,26.695,,,,,
1099,04/17/21 18:30:00,26.671,,,,,
1100,04/17/21 18:45:00,26.695,,,,,
1101,04/17/21 19:00:00,26.695,,,,,
1102,04/17/21 19:15:00,26.695,,,,,
1103,04/17/21 19:30:00,26.720,,,,,
1104,04/17/21 19:45:00,26.720,,,,,
1105,04/17/21 20:00:00,26.720,,,,,
1106,04/17/21 20:15:00,26.744,,,,,
1107,04/17/21 20:30:00,26.744,,,,,
1108,04/17/21 20:45:00,26.744,,,,,
1109,04/17/21 21:00:00,26.744,,,,,
1110,04/17/21 21:15:00,26.744,,,,,
1111,04/17/21 21:30:00,26.744,,,,,
1112,04/17/21 21:45:00,26.744,,,,,
1113,04/17/21 22:00:00,26.744,,,,,
1114,04/17/21 22:15:00,26.720,,,,,
1115,04/17/21 22:30:00,26.671,,,,,
1116,04/17/21 22:45:00,26.646,,,,,
1117,04/17/21 23:00:00,26.646,,,,,
1118,04/17/21 23:15:00,26.646,,,,,
1119,04/17/21 23:30:00,26.646,,,,,
1120,04/17/21 23:45:00,26.646,,,,,
1121,04/18/21 00:00:00,26.671,,,,,
1122,04/18/21 00:15:00,26.646,,,,,
1123,04/18/21 00:30:00,26.646,,,,,
1124,04/18/21 00:45:00,26.646,,,,,
1125,04/18/21 01:00:00,26.646,,,,,
1126,04/18/21 01:15:00,26.646,,,,,
1127,04/18/21 01:30:00,26.646,,,,,
1128,04/18/21 01:45:00,26.646,,,,,
1129,04/18/21 02:00:00,26.646,,,,,
1130,04/18/21 02:15:00,26.646,,,,,
1131,04/18/21 02:30:00,26.646,,,,,
1132,04/18/21 02:45:00,26.646,,,,,
1133,04/18/21 03:00:00,26.646,,,,,
1134,04/18/21 03:15:00,26.646,,,,,
1135,04/18/21 03:30:00,26.622,,,,,
1136,04/18/21 03:45:00,26.622,,,,,
1137,04/18/21 04:00:00,26.646,,,,,
1138,04/18/21 04:15:00,26.646,,,,,
1139,04/18/21 04:30:00,26.671,,,,,
1140,04/18/21 04:45:00,26.646,,,,,
1141,04/18/21 05:00:00,26.646,,,,,
1142,04/18/21 05:15:00,26.646,,,,,
1143,04/18/21 05:30:00,26.646,,,,,
1144,04/18/21 05:45:00,26.622,,,,,
1145,04/18/21 06:00:00,26.622,,,,,
1146,04/18/21 06:15:00,26.622,,,,,
1147,04/18/21 06:30:00,26.622,,,,,
1148,04/18/21 06:45:00,26.622,,,,,
1149,04/18/21 07:00:00,26.622,,,,,
1150,04/18/21 07:15:00,26.646,,,,,
1151,04/18/21 07:30:00,26.671,,,,,
1152,04/18/21 07:45:00,26.671,,,,,
1153,04/18/21 08:00:00,26.671,,,,,
1154,04/18/21 08:15:00,26.671,,,,,
1155,04/18/21 08:30:00,26.671,,,,,
1156,04/18/21 08:45:00,26.671,,,,,
1157,04/18/21 09:00:00,26.695,,,,,
1158,04/18/21 09:15:00,26.695,,,,,
1159,04/18/21 09:30:00,26.695,,,,,
1160,04/18/21 09:45:00,26.695,,,,,
1161,04/18/21 10:00:00,26.720,,,,,
1162,04/18/21 10:15:00,26.720,,,,,
1163,04/18/21 10:30:00,26.720,,,,,
1164,04/18/21 10:45:00,26.744,,,,,
1165,04/18/21 11:00:00,26.744,,,,,
1166,04/18/21 11:15:00,26.744,,,,,
1167,04/18/21 11:30:00,26.769,,,,,
1168,04/18/21 11:45:00,26.793,,,,,
1169,04/18/21 12:00:00,26.793,,,,,
1170,04/18/21 12:15:00,26.793,,,,,
1171,04/18/21 12:30:00,26.793,,,,,
1172,04/18/21 12:45:00,26.793,,,,,
1173,04/18/21 13:00:00,26.793,,,,,
1174,04/18/21 13:15:00,26.793,,,,,
1175,04/18/21 13:30:00,26.793,,,,,
1176,04/18/21 13:45:00,26.793,,,,,
1177,04/18/21 14:00:00,26.793,,,,,
1178,04/18/21 14:15:00,26.769,,,,,
1179,04/18/21 14:30:00,26.769,,,,,
1180,04/18/21 14:45:00,26.769,,,,,
1181,04/18/21 15:00:00,26.769,,,,,
1182,04/18/21 15:15:00,26.769,,,,,
1183,04/18/21 15:30:00,26.769,,,,,
1184,04/18/21 15:45:00,26.720,,,,,
1185,04/18/21 16:00:00,26.695,,,,,
1186,04/18/21 16:15:00,26.695,,,,,
1187,04/18/21 16:30:00,26.671,,,,,
1188,04/18/21 16:45:00,26.671,,,,,
1189,04/18/21 17:00:00,26.646,,,,,
1190,04/18/21 17:15:00,26.671,,,,,
1191,04/18/21 17:30:00,26.671,,,,,
1192,04/18/21 17:45:00,26.671,,,,,
1193,04/18/21 18:00:00,26.671,,,,,
1194,04/18/21 18:15:00,26.671,,,,,
1195,04/18/21 18:30:00,26.671,,,,,
1196,04/18/21 18:45:00,26.695,,,,,
1197,04/18/21 19:00:00,26.695,,,,,
1198,04/18/21 19:15:00,26.695,,,,,
1199,04/18/21 19:30:00,26.695,,,,,
1200,04/18/21 19:45:00,26.695,,,,,
1201,04/18/21 20:00:00,26.720,,,,,
1202,04/18/21 20:15:00,26.695,,,,,
1203,04/18/21 20:30:00,26.720,,,,,
1204,04/18/21 20:45:00,26.720,,,,,
1205,04/18/21 21:00:00,26.744,,,,,
1206,04/18/21 21:15:00,26.744,,,,,
1207,04/18/21 21:30:00,26.744,,,,,
1208,04/18/21 21:45:00,26.744,,,,,
1209,04/18/21 22:00:00,26.769,,,,,
1210,04/18/21 22:15:00,26.769,,,,,
1211,04/18/21 22:30:00,26.769,,,,,
1212,04/18/21 22:45:00,26.769,,,,,
1213,04/18/21 23:00:00,26.769,,,,,
1214,04/18/21 23:15:00,26.769,,,,,
1215,04/18/21 23:30:00,26.720,,,,,
1216,04/18/21 23:45:00,26.646,,,,,
1217,04/19/21 00:00:00,26.769,,,,,
1218,04/19/21 00:15:00,26.793,,,,,
1219,04/19/21 00:30:00,26.793,,,,,
1220,04/19/21 00:45:00,26.793,,,,,
1221,04/19/21 01:00:00,26.818,,,,,
1222,04/19/21 01:15:00,26.769,,,,,
1223,04/19/21 01:30:00,26.744,,,,,
1224,04/19/21 01:45:00,26.720,,,,,
1225,04/19/21 02:00:00,26.695,,,,,
1226,04/19/21 02:15:00,26.720,,,,,
1227,04/19/21 02:30:00,26.695,,,,,
1228,04/19/21 02:45:00,26.695,,,,,
1229,04/19/21 03:00:00,26.695,,,,,
1230,04/19/21 03:15:00,26.671,,,,,
1231,04/19/21 03:30:00,26.622,,,,,
1232,04/19/21 03:45:00,26.646,,,,,
1233,04/19/21 04:00:00,26.622,,,,,
1234,04/19/21 04:15:00,26.622,,,,,
1235,04/19/21 04:30:00,26.598,,,,,
1236,04/19/21 04:45:00,26.598,,,,,
1237,04/19/21 05:00:00,26.622,,,,,
1238,04/19/21 05:15:00,26.622,,,,,
1239,04/19/21 05:30:00,26.622,,,,,
1240,04/19/21 05:45:00,26.646,,,,,
1241,04/19/21 06:00:00,26.646,,,,,
1242,04/19/21 06:15:00,26.646,,,,,
1243,04/19/21 06:30:00,26.671,,,,,
1244,04/19/21 06:45:00,26.671,,,,,
1245,04/19/21 07:00:00,26.671,,,,,
1246,04/19/21 07:15:00,26.671,,,,,
1247,04/19/21 07:30:00,26.695,,,,,
1248,04/19/21 07:45:00,26.695,,,,,
1249,04/19/21 08:00:00,26.646,,,,,
1250,04/19/21 08:15:00,26.646,,,,,
1251,04/19/21 08:30:00,26.646,,,,,
1252,04/19/21 08:45:00,26.646,,,,,
1253,04/19/21 09:00:00,26.646,,,,,
1254,04/19/21 09:15:00,26.646,,,,,
1255,04/19/21 09:30:00,26.646,,,,,
1256,04/19/21 09:45:00,26.646,,,,,
1257,04/19/21 10:00:00,26.671,,,,,
1258,04/19/21 10:15:00,26.671,,,,,
1259,04/19/21 10:30:00,26.671,,,,,
1260,04/19/21 10:45:00,26.695,,,,,
1261,04/19/21 11:00:00,26.720,,,,,
1262,04/19/21 11:15:00,26.744,,,,,
1263,04/19/21 11:30:00,26.769,,,,,
1264,04/19/21 11:45:00,26.793,,,,,
1265,04/19/21 12:00:00,26.793,,,,,
1266,04/19/21 12:15:00,26.818,,,,,
1267,04/19/21 12:30:00,26.818,,,,,
1268,04/19/21 12:45:00,26.793,,,,,
1269,04/19/21 13:00:00,26.695,,,,,
1270,04/19/21 13:15:00,26.720,,,,,
1271,04/19/21 13:30:00,26.744,,,,,
1272,04/19/21 13:45:00,26.744,,,,,
1273,04/19/21 14:00:00,26.769,,,,,
1274,04/19/21 14:15:00,26.793,,,,,
1275,04/19/21 14:30:00,26.842,,,,,
1276,04/19/21 14:45:00,26.818,,,,,
1277,04/19/21 15:00:00,26.793,,,,,
1278,04/19/21 15:15:00,26.793,,,,,
1279,04/19/21 15:30:00,26.793,,,,,
1280,04/19/21 15:45:00,26.793,,,,,
1281,04/19/21 16:00:00,26.793,,,,,
1282,04/19/21 16:15:00,26.793,,,,,
1283,04/19/21 16:30:00,26.695,,,,,
1284,04/19/21 16:45:00,26.695,,,,,
1285,04/19/21 17:00:00,26.646,,,,,
1286,04/19/21 17:15:00,26.646,,,,,
1287,04/19/21 17:30:00,26.646,,,,,
1288,04/19/21 17:45:00,26.646,,,,,
1289,04/19/21 18:00:00,26.646,,,,,
1290,04/19/21 18:15:00,26.646,,,,,
1291,04/19/21 18:30:00,26.671,,,,,
1292,04/19/21 18:45:00,26.671,,,,,
1293,04/19/21 19:00:00,26.671,,,,,
1294,04/19/21 19:15:00,26.671,,,,,
1295,04/19/21 19:30:00,26.695,,,,,
1296,04/19/21 19:45:00,26.720,,,,,
1297,04/19/21 20:00:00,26.695,,,,,
1298,04/19/21 20:15:00,26.695,,,,,
1299,04/19/21 20:30:00,26.695,,,,,
1300,04/19/21 20:45:00,26.744,,,,,
1301,04/19/21 21:00:00,26.769,,,,,
1302,04/19/21 21:15:00,26.769,,,,,
1303,04/19/21 21:30:00,26.793,,,,,
1304,04/19/21 21:45:00,26.793,,,,,
1305,04/19/21 22:00:00,26.793,,,,,
1306,04/19/21 22:15:00,26.793,,,,,
1307,04/19/21 22:30:00,26.769,,,,,
1308,04/19/21 22:45:00,26.769,,,,,
1309,04/19/21 23:00:00,26.793,,,,,
1310,04/19/21 23:15:00,26.793,,,,,
1311,04/19/21 23:30:00,26.744,,,,,
1312,04/19/21 23:45:00,26.744,,,,,
1313,04/20/21 00:00:00,26.695,,,,,
1314,04/20/21 00:15:00,26.695,,,,,
1315,04/20/21 00:30:00,26.695,,,,,
1316,04/20/21 00:45:00,26.695,,,,,
1317,04/20/21 01:00:00,26.671,,,,,
1318,04/20/21 01:15:00,26.695,,,,,
1319,04/20/21 01:30:00,26.695,,,,,
1320,04/20/21 01:45:00,26.695,,,,,
1321,04/20/21 02:00:00,26.695,,,,,
1322,04/20/21 02:15:00,26.720,,,,,
1323,04/20/21 02:30:00,26.818,,,,,
1324,04/20/21 02:45:00,26.842,,,,,
1325,04/20/21 03:00:00,26.695,,,,,
1326,04/20/21 03:15:00,26.695,,,,,
1327,04/20/21 03:30:00,26.842,,,,,
1328,04/20/21 03:45:00,26.744,,,,,
1329,04/20/21 04:00:00,26.744,,,,,
1330,04/20/21 04:15:00,26.769,,,,,
1331,04/20/21 04:30:00,26.818,,,,,
1332,04/20/21 04:45:00,26.769,,,,,
1333,04/20/21 05:00:00,26.720,,,,,
1334,04/20/21 05:15:00,26.720,,,,,
1335,04/20/21 05:30:00,26.695,,,,,
1336,04/20/21 05:45:00,26.646,,,,,
1337,04/20/21 06:00:00,26.671,,,,,
1338,04/20/21 06:15:00,26.744,,,,,
1339,04/20/21 06:30:00,26.744,,,,,
1340,04/20/21 06:45:00,26.744,,,,,
1341,04/20/21 07:00:00,26.769,,,,,
1342,04/20/21 07:15:00,26.671,,,,,
1343,04/20/21 07:30:00,26.646,,,,,
1344,04/20/21 07:45:00,26.671,,,,,
1345,04/20/21 08:00:00,26.671,,,,,
1346,04/20/21 08:15:00,26.671,,,,,
1347,04/20/21 08:30:00,26.671,,,,,
1348,04/20/21 08:45:00,26.671,,,,,
1349,04/20/21 09:00:00,26.695,,,,,
1350,04/20/21 09:15:00,26.720,,,,,
1351,04/20/21 09:30:00,26.744,,,,,
1352,04/20/21 09:45:00,26.769,,,,,
1353,04/20/21 10:00:00,26.769,,,,,
1354,04/20/21 10:15:00,26.793,,,,,
1355,04/20/21 10:30:00,26.793,,,,,
1356,04/20/21 10:45:00,26.818,,,,,
1357,04/20/21 11:00:00,26.818,,,,,
1358,04/20/21 11:15:00,26.818,,,,,
1359,04/20/21 11:30:00,26.842,,,,,
1360,04/20/21 11:45:00,26.842,,,,,
1361,04/20/21 12:00:00,26.842,,,,,
1362,04/20/21 12:15:00,26.842,,,,,
1363,04/20/21 12:30:00,26.867,,,,,
1364,04/20/21 12:45:00,26.867,,,,,
1365,04/20/21 13:00:00,26.891,,,,,
1366,04/20/21 13:15:00,26.891,,,,,
1367,04/20/21 13:30:00,26.891,,,,,
1368,04/20/21 13:45:00,26.891,,,,,
1369,04/20/21 14:00:00,26.891,,,,,
1370,04/20/21 14:15:00,26.891,,,,,
1371,04/20/21 14:30:00,26.867,,,,,
1372,04/20/21 14:45:00,26.867,,,,,
1373,04/20/21 15:00:00,26.793,,,,,
1374,04/20/21 15:15:00,26.720,,,,,
1375,04/20/21 15:30:00,26.744,,,,,
1376,04/20/21 15:45:00,26.744,,,,,
1377,04/20/21 16:00:00,26.720,,,,,
1378,04/20/21 16:15:00,26.695,,,,,
1379,04/20/21 16:30:00,26.695,,,,,
1380,04/20/21 16:45:00,26.695,,,,,
1381,04/20/21 17:00:00,26.671,,,,,
1382,04/20/21 17:15:00,26.695,,,,,
1383,04/20/21 17:30:00,26.720,,,,,
1384,04/20/21 17:45:00,26.720,,,,,
1385,04/20/21 18:00:00,26.720,,,,,
1386,04/20/21 18:15:00,26.695,,,,,
1387,04/20/21 18:30:00,26.695,,,,,
1388,04/20/21 18:45:00,26.646,,,,,
1389,04/20/21 19:00:00,26.646,,,,,
1390,04/20/21 19:15:00,26.695,,,,,
1391,04/20/21 19:30:00,26.671,,,,,
1392,04/20/21 19:45:00,26.695,,,,,
1393,04/20/21 20:00:00,26.720,,,,,
1394,04/20/21 20:15:00,26.720,,,,,
1395,04/20/21 20:30:00,26.720,,,,,
1396,04/20/21 20:45:00,26.695,,,,,
1397,04/20/21 21:00:00,26.695,,,,,
1398,04/20/21 21:15:00,26.695,,,,,
1399,04/20/21 21:30:00,26.671,,,,,
1400,04/20/21 21:45:00,26.646,,,,,
1401,04/20/21 22:00:00,26.671,,,,,
1402,04/20/21 22:15:00,26.695,,,,,
1403,04/20/21 22:30:00,26.695,,,,,
1404,04/20/21 22:45:00,26.671,,,,,
1405,04/20/21 23:00:00,26.671,,,,,
1406,04/20/21 23:15:00,26.671,,,,,
1407,04/20/21 23:30:00,26.695,,,,,
1408,04/20/21 23:45:00,26.695,,,,,
1409,04/21/21 00:00:00,26.720,,,,,
1410,04/21/21 00:15:00,26.720,,,,,
1411,04/21/21 00:30:00,26.769,,,,,
1412,04/21/21 00:45:00,26.769,,,,,
1413,04/21/21 01:00:00,26.769,,,,,
1414,04/21/21 01:15:00,26.793,,,,,
1415,04/21/21 01:30:00,26.744,,,,,
1416,04/21/21 01:45:00,26.744,,,,,
1417,04/21/21 02:00:00,26.769,,,,,
1418,04/21/21 02:15:00,26.769,,,,,
1419,04/21/21 02:30:00,26.769,,,,,
1420,04/21/21 02:45:00,26.769,,,,,
1421,04/21/21 03:00:00,26.744,,,,,
1422,04/21/21 03:15:00,26.744,,,,,
1423,04/21/21 03:30:00,26.720,,,,,
1424,04/21/21 03:45:00,26.720,,,,,
1425,04/21/21 04:00:00,26.720,,,,,
1426,04/21/21 04:15:00,26.720,,,,,
1427,04/21/21 04:30:00,26.695,,,,,
1428,04/21/21 04:45:00,26.720,,,,,
1429,04/21/21 05:00:00,26.695,,,,,
1430,04/21/21 05:15:00,26.695,,,,,
1431,04/21/21 05:30:00,26.671,,,,,
1432,04/21/21 05:45:00,26.671,,,,,
1433,04/21/21 06:00:00,26.695,,,,,
1434,04/21/21 06:15:00,26.695,,,,,
1435,04/21/21 06:30:00,26.671,,,,,
1436,04/21/21 06:45:00,26.671,,,,,
1437,04/21/21 07:00:00,26.671,,,,,
1438,04/21/21 07:15:00,26.646,,,,,
1439,04/21/21 07:30:00,26.622,,,,,
1440,04/21/21 07:45:00,26.598,,,,,
1441,04/21/21 08:00:00,26.573,,,,,
1442,04/21/21 08:15:00,26.573,,,,,
1443,04/21/21 08:30:00,26.646,,,,,
1444,04/21/21 08:45:00,26.646,,,,,
1445,04/21/21 09:00:00,26.598,,,,,
1446,04/21/21 09:15:00,26.598,,,,,
1447,04/21/21 09:30:00,26.573,,,,,
1448,04/21/21 09:45:00,26.646,,,,,
1449,04/21/21 10:00:00,26.646,,,,,
1450,04/21/21 10:15:00,26.646,,,,,
1451,04/21/21 10:30:00,26.598,,,,,
1452,04/21/21 10:45:00,26.622,,,,,
1453,04/21/21 11:00:00,26.646,,,,,
1454,04/21/21 11:15:00,26.695,,,,,
1455,04/21/21 11:30:00,26.671,,,,,
1456,04/21/21 11:45:00,26.720,,,,,
1457,04/21/21 12:00:00,26.720,,,,,
1458,04/21/21 12:15:00,26.744,,,,,
1459,04/21/21 12:30:00,26.769,,,,,
1460,04/21/21 12:45:00,26.769,,,,,
1461,04/21/21 13:00:00,26.744,,,,,
1462,04/21/21 13:15:00,26.720,,,,,
1463,04/21/21 13:30:00,26.695,,,,,
1464,04/21/21 13:45:00,26.695,,,,,
1465,04/21/21 14:00:00,26.695,,,,,
1466,04/21/21 14:15:00,26.695,,,,,
1467,04/21/21 14:30:00,26.671,,,,,
1468,04/21/21 14:45:00,26.671,,,,,
1469,04/21/21 15:00:00,26.646,,,,,
1470,04/21/21 15:15:00,26.622,,,,,
1471,04/21/21 15:30:00,26.573,,,,,
1472,04/21/21 15:45:00,26.573,,,,,
1473,04/21/21 16:00:00,26.598,,,,,
1474,04/21/21 16:15:00,26.573,,,,,
1475,04/21/21 16:30:00,26.549,,,,,
1476,04/21/21 16:45:00,26.549,,,,,
1477,04/21/21 17:00:00,26.524,,,,,
1478,04/21/21 17:15:00,26.524,,,,,
1479,04/21/21 17:30:00,26.549,,,,,
1480,04/21/21 17:45:00,26.549,,,,,
1481,04/21/21 18:00:00,26.573,,,,,
1482,04/21/21 18:15:00,26.549,,,,,
1483,04/21/21 18:30:00,26.549,,,,,
1484,04/21/21 18:45:00,26.549,,,,,
1485,04/21/21 19:00:00,26.646,,,,,
1486,04/21/21 19:15:00,26.646,,,,,
1487,04/21/21 19:30:00,26.646,,,,,
1488,04/21/21 19:45:00,26.646,,,,,
1489,04/21/21 20:00:00,26.671,,,,,
1490,04/21/21 20:15:00,26.671,,,,,
1491,04/21/21 20:30:00,26.671,,,,,
1492,04/21/21 20:45:00,26.671,,,,,
1493,04/21/21 21:00:00,26.695,,,,,
1494,04/21/21 21:15:00,26.720,,,,,
1495,04/21/21 21:30:00,26.744,,,,,
1496,04/21/21 21:45:00,26.720,,,,,
1497,04/21/21 22:00:00,26.695,,,,,
1498,04/21/21 22:15:00,26.720,,,,,
1499,04/21/21 22:30:00,26.744,,,,,
1500,04/21/21 22:45:00,26.769,,,,,
1501,04/21/21 23:00:00,26.793,,,,,
1502,04/21/21 23:15:00,26.818,,,,,
1503,04/21/21 23:30:00,26.818,,,,,
1504,04/21/21 23:45:00,26.818,,,,,
1505,04/22/21 00:00:00,26.842,,,,,
1506,04/22/21 00:15:00,26.818,,,,,
1507,04/22/21 00:30:00,26.720,,,,,
1508,04/22/21 00:45:00,26.695,,,,,
1509,04/22/21 01:00:00,26.671,,,,,
1510,04/22/21 01:15:00,26.695,,,,,
1511,04/22/21 01:30:00,26.744,,,,,
1512,04/22/21 01:45:00,26.818,,,,,
1513,04/22/21 02:00:00,26.842,,,,,
1514,04/22/21 02:15:00,26.695,,,,,
1515,04/22/21 02:30:00,26.671,,,,,
1516,04/22/21 02:45:00,26.646,,,,,
1517,04/22/21 03:00:00,26.622,,,,,
1518,04/22/21 03:15:00,26.646,,,,,
1519,04/22/21 03:30:00,26.671,,,,,
1520,04/22/21 03:45:00,26.671,,,,,
1521,04/22/21 04:00:00,26.646,,,,,
1522,04/22/21 04:15:00,26.622,,,,,
1523,04/22/21 04:30:00,26.622,,,,,
1524,04/22/21 04:45:00,26.646,,,,,
1525,04/22/21 05:00:00,26.646,,,,,
1526,04/22/21 05:15:00,26.622,,,,,
1527,04/22/21 05:30:00,26.622,,,,,
1528,04/22/21 05:45:00,26.622,,,,,
1529,04/22/21 06:00:00,26.646,,,,,
1530,04/22/21 06:15:00,26.622,,,,,
1531,04/22/21 06:30:00,26.598,,,,,
1532,04/22/21 06:45:00,26.622,,,,,
1533,04/22/21 07:00:00,26.622,,,,,
1534,04/22/21 07:15:00,26.622,,,,,
1535,04/22/21 07:30:00,26.622,,,,,
1536,04/22/21 07:45:00,26.646,,,,,
1537,04/22/21 08:00:00,26.622,,,,,
1538,04/22/21 08:15:00,26.598,,,,,
1539,04/22/21 08:30:00,26.598,,,,,
1540,04/22/21 08:45:00,26.598,,,,,
1541,04/22/21 09:00:00,26.598,,,,,
1542,04/22/21 09:15:00,26.646,,,,,
1543,04/22/21 09:30:00,26.671,,,,,
1544,04/22/21 09:45:00,26.720,,,,,
1545,04/22/21 10:00:00,26.744,,,,,
1546,04/22/21 10:15:00,26.695,,,,,
1547,04/22/21 10:30:00,26.695,,,,,
1548,04/22/21 10:45:00,26.671,,,,,
1549,04/22/21 11:00:00,26.622,,,,,
1550,04/22/21 11:15:00,26.622,,,,,
1551,04/22/21 11:30:00,26.646,,,,,
1552,04/22/21 11:45:00,26.695,,,,,
1553,04/22/21 12:00:00,26.744,,,,,
1554,04/22/21 12:15:00,26.720,,,,,
1555,04/22/21 12:30:00,26.720,,,,,
1556,04/22/21 12:45:00,26.671,,,,,
1557,04/22/21 13:00:00,26.671,,,,,
1558,04/22/21 13:15:00,26.695,,,,,
1559,04/22/21 13:30:00,26.744,,,,,
1560,04/22/21 13:45:00,26.769,,,,,
1561,04/22/21 14:00:00,26.622,,,,,
1562,04/22/21 14:15:00,26.573,,,,,
1563,04/22/21 14:30:00,26.549,,,,,
1564,04/22/21 14:45:00,26.598,,,,,
1565,04/22/21 15:00:00,26.598,,,,,
1566,04/22/21 15:15:00,26.598,,,,,
1567,04/22/21 15:30:00,26.598,,,,,
1568,04/22/21 15:45:00,26.598,,,,,
1569,04/22/21 16:00:00,26.598,,,,,
1570,04/22/21 16:15:00,26.573,,,,,
1571,04/22/21 16:30:00,26.573,,,,,
1572,04/22/21 16:45:00,26.573,,,,,
1573,04/22/21 17:00:00,26.573,,,,,
1574,04/22/21 17:15:00,26.598,,,,,
1575,04/22/21 17:30:00,26.598,,,,,
1576,04/22/21 17:45:00,26.598,,,,,
1577,04/22/21 18:00:00,26.598,,,,,
1578,04/22/21 18:15:00,26.598,,,,,
1579,04/22/21 18:30:00,26.622,,,,,
1580,04/22/21 18:45:00,26.573,,,,,
1581,04/22/21 19:00:00,26.622,,,,,
1582,04/22/21 19:15:00,26.622,,,,,
1583,04/22/21 19:30:00,26.598,,,,,
1584,04/22/21 19:45:00,26.598,,,,,
1585,04/22/21 20:00:00,26.598,,,,,
1586,04/22/21 20:15:00,26.598,,,,,
1587,04/22/21 20:30:00,26.598,,,,,
1588,04/22/21 20:45:00,26.598,,,,,
1589,04/22/21 21:00:00,26.622,,,,,
1590,04/22/21 21:15:00,26.622,,,,,
1591,04/22/21 21:30:00,26.646,,,,,
1592,04/22/21 21:45:00,26.646,,,,,
1593,04/22/21 22:00:00,26.671,,,,,
1594,04/22/21 22:15:00,26.646,,,,,
1595,04/22/21 22:30:00,26.646,,,,,
1596,04/22/21 22:45:00,26.646,,,,,
1597,04/22/21 23:00:00,26.720,,,,,
1598,04/22/21 23:15:00,26.744,,,,,
1599,04/22/21 23:30:00,26.744,,,,,
1600,04/22/21 23:45:00,26.769,,,,,
1601,04/23/21 00:00:00,26.769,,,,,
1602,04/23/21 00:15:00,26.793,,,,,
1603,04/23/21 00:30:00,26.818,,,,,
1604,04/23/21 00:45:00,26.793,,,,,
1605,04/23/21 01:00:00,26.793,,,,,
1606,04/23/21 01:15:00,26.793,,,,,
1607,04/23/21 01:30:00,26.818,,,,,
1608,04/23/21 01:45:00,26.818,,,,,
1609,04/23/21 02:00:00,26.842,,,,,
1610,04/23/21 02:15:00,26.842,,,,,
1611,04/23/21 02:30:00,26.867,,,,,
1612,04/23/21 02:45:00,26.867,,,,,
1613,04/23/21 03:00:00,26.891,,,,,
1614,04/23/21 03:15:00,26.891,,,,,
1615,04/23/21 03:30:00,26.891,,,,,
1616,04/23/21 03:45:00,26.867,,,,,
1617,04/23/21 04:00:00,26.867,,,,,
1618,04/23/21 04:15:00,26.867,,,,,
1619,04/23/21 04:30:00,26.842,,,,,
1620,04/23/21 04:45:00,26.842,,,,,
1621,04/23/21 05:00:00,26.842,,,,,
1622,04/23/21 05:15:00,26.842,,,,,
1623,04/23/21 05:30:00,26.842,,,,,
1624,04/23/21 05:45:00,26.842,,,,,
1625,04/23/21 06:00:00,26.842,,,,,
1626,04/23/21 06:15:00,26.842,,,,,
1627,04/23/21 06:30:00,26.842,,,,,
1628,04/23/21 06:45:00,26.842,,,,,
1629,04/23/21 07:00:00,26.842,,,,,
1630,04/23/21 07:15:00,26.842,,,,,
1631,04/23/21 07:30:00,26.842,,,,,
1632,04/23/21 07:45:00,26.842,,,,,
1633,04/23/21 08:00:00,26.818,,,,,
1634,04/23/21 08:15:00,26.769,,,,,
1635,04/23/21 08:30:00,26.793,,,,,
1636,04/23/21 08:45:00,26.842,,,,,
1637,04/23/21 09:00:00,26.842,,,,,
1638,04/23/21 09:15:00,26.867,,,,,
1639,04/23/21 09:30:00,26.867,,,,,
1640,04/23/21 09:45:00,26.867,,,,,
1641,04/23/21 10:00:00,26.891,,,,,
1642,04/23/21 10:15:00,26.940,,,,,
1643,04/23/21 10:30:00,26.965,,,,,
1644,04/23/21 10:45:00,26.989,,,,,
1645,04/23/21 11:00:00,26.965,,,,,
1646,04/23/21 11:15:00,26.891,,,,,
1647,04/23/21 11:30:00,26.916,,,,,
1648,04/23/21 11:45:00,26.891,,,,,
1649,04/23/21 12:00:00,26.891,,,,,
1650,04/23/21 12:15:00,26.940,,,,,
1651,04/23/21 12:30:00,26.965,,,,,
1652,04/23/21 12:45:00,26.940,,,,,
1653,04/23/21 13:00:00,26.867,,,,,
1654,04/23/21 13:15:00,26.867,,,,,
1655,04/23/21 13:30:00,26.867,,,,,
1656,04/23/21 13:45:00,26.867,,,,,
1657,04/23/21 14:00:00,26.867,,,,,
1658,04/23/21 14:15:00,26.867,,,,,
1659,04/23/21 14:30:00,26.867,,,,,
1660,04/23/21 14:45:00,26.891,,,,,
1661,04/23/21 15:00:00,26.916,,,,,
1662,04/23/21 15:15:00,26.916,,,,,
1663,04/23/21 15:30:00,26.891,,,,,
1664,04/23/21 15:45:00,26.916,,,,,
1665,04/23/21 16:00:00,26.891,,,,,
1666,04/23/21 16:15:00,26.891,,,,,
1667,04/23/21 16:30:00,26.867,,,,,
1668,04/23/21 16:45:00,26.671,,,,,
1669,04/23/21 17:00:00,26.671,,,,,
1670,04/23/21 17:15:00,26.646,,,,,
1671,04/23/21 17:30:00,26.622,,,,,
1672,04/23/21 17:45:00,26.622,,,,,
1673,04/23/21 18:00:00,26.598,,,,,
1674,04/23/21 18:15:00,26.622,,,,,
1675,04/23/21 18:30:00,26.622,,,,,
1676,04/23/21 18:45:00,26.622,,,,,
1677,04/23/21 19:00:00,26.646,,,,,
1678,04/23/21 19:15:00,26.769,,,,,
1679,04/23/21 19:30:00,26.695,,,,,
1680,04/23/21 19:45:00,26.695,,,,,
1681,04/23/21 20:00:00,26.671,,,,,
1682,04/23/21 20:15:00,26.818,,,,,
1683,04/23/21 20:30:00,26.842,,,,,
1684,04/23/21 20:45:00,26.744,,,,,
1685,04/23/21 21:00:00,26.744,,,,,
1686,04/23/21 21:15:00,26.744,,,,,
1687,04/23/21 21:30:00,26.793,,,,,
1688,04/23/21 21:45:00,26.793,,,,,
1689,04/23/21 22:00:00,26.720,,,,,
1690,04/23/21 22:15:00,26.842,,,,,
1691,04/23/21 22:30:00,26.867,,,,,
1692,04/23/21 22:45:00,26.916,,,,,
1693,04/23/21 23:00:00,26.940,,,,,
1694,04/23/21 23:15:00,26.940,,,,,
1695,04/23/21 23:30:00,26.940,,,,,
1696,04/23/21 23:45:00,26.965,,,,,
1697,04/24/21 00:00:00,26.965,,,,,
1698,04/24/21 00:15:00,26.965,,,,,
1699,04/24/21 00:30:00,26.965,,,,,
1700,04/24/21 00:45:00,26.965,,,,,
1701,04/24/21 01:00:00,26.965,,,,,
1702,04/24/21 01:15:00,26.965,,,,,
1703,04/24/21 01:30:00,26.965,,,,,
1704,04/24/21 01:45:00,26.891,,,,,
1705,04/24/21 02:00:00,26.867,,,,,
1706,04/24/21 02:15:00,26.818,,,,,
1707,04/24/21 02:30:00,26.744,,,,,
1708,04/24/21 02:45:00,26.695,,,,,
1709,04/24/21 03:00:00,26.695,,,,,
1710,04/24/21 03:15:00,26.695,,,,,
1711,04/24/21 03:30:00,26.720,,,,,
1712,04/24/21 03:45:00,26.720,,,,,
1713,04/24/21 04:00:00,26.720,,,,,
1714,04/24/21 04:15:00,26.720,,,,,
1715,04/24/21 04:30:00,26.744,,,,,
1716,04/24/21 04:45:00,26.646,,,,,
1717,04/24/21 05:00:00,26.720,,,,,
1718,04/24/21 05:15:00,26.646,,,,,
1719,04/24/21 05:30:00,26.646,,,,,
1720,04/24/21 05:45:00,26.720,,,,,
1721,04/24/21 06:00:00,26.598,,,,,
1722,04/24/21 06:15:00,26.573,,,,,
1723,04/24/21 06:30:00,26.695,,,,,
1724,04/24/21 06:45:00,26.793,,,,,
1725,04/24/21 07:00:00,26.940,,,,,
1726,04/24/21 07:15:00,26.989,,,,,
1727,04/24/21 07:30:00,26.916,,,,,
1728,04/24/21 07:45:00,26.818,,,,,
1729,04/24/21 08:00:00,26.842,,,,,
1730,04/24/21 08:15:00,26.916,,,,,
1731,04/24/21 08:30:00,26.891,,,,,
1732,04/24/21 08:45:00,26.646,,,,,
1733,04/24/21 09:00:00,26.646,,,,,
1734,04/24/21 09:15:00,26.646,,,,,
1735,04/24/21 09:30:00,26.818,,,,,
1736,04/24/21 09:45:00,26.744,,,,,
1737,04/24/21 10:00:00,26.622,,,,,
1738,04/24/21 10:15:00,26.720,,,,,
1739,04/24/21 10:30:00,26.867,,,,,
1740,04/24/21 10:45:00,26.646,,,,,
1741,04/24/21 11:00:00,26.573,,,,,
1742,04/24/21 11:15:00,26.965,,,,,
1743,04/24/21 11:30:00,26.965,,,,,
1744,04/24/21 11:45:00,26.891,,,,,
1745,04/24/21 12:00:00,26.989,,,,,
1746,04/24/21 12:15:00,26.965,,,,,
1747,04/24/21 12:30:00,27.014,,,,,
1748,04/24/21 12:45:00,27.014,,,,,
1749,04/24/21 13:00:00,27.038,,,,,
1750,04/24/21 13:15:00,27.014,,,,,
1751,04/24/21 13:30:00,27.014,,,,,
1752,04/24/21 13:45:00,27.038,,,,,
1753,04/24/21 14:00:00,26.916,,,,,
1754,04/24/21 14:15:00,26.671,,,,,
1755,04/24/21 14:30:00,26.646,,,,,
1756,04/24/21 14:45:00,26.598,,,,,
1757,04/24/21 15:00:00,26.549,,,,,
1758,04/24/21 15:15:00,26.549,,,,,
1759,04/24/21 15:30:00,26.524,,,,,
1760,04/24/21 15:45:00,26.500,,,,,
1761,04/24/21 16:00:00,26.500,,,,,
1762,04/24/21 16:15:00,26.524,,,,,
1763,04/24/21 16:30:00,26.500,,,,,
1764,04/24/21 16:45:00,26.475,,,,,
1765,04/24/21 17:00:00,26.475,,,,,
1766,04/24/21 17:15:00,26.475,,,,,
1767,04/24/21 17:30:00,26.475,,,,,
1768,04/24/21 17:45:00,26.475,,,,,
1769,04/24/21 18:00:00,26.475,,,,,
1770,04/24/21 18:15:00,26.475,,,,,
1771,04/24/21 18:30:00,26.475,,,,,
1772,04/24/21 18:45:00,26.500,,,,,
1773,04/24/21 19:00:00,26.524,,,,,
1774,04/24/21 19:15:00,26.549,,,,,
1775,04/24/21 19:30:00,26.573,,,,,
1776,04/24/21 19:45:00,26.524,,,,,
1777,04/24/21 20:00:00,26.500,,,,,
1778,04/24/21 20:15:00,26.524,,,,,
1779,04/24/21 20:30:00,26.549,,,,,
1780,04/24/21 20:45:00,26.549,,,,,
1781,04/24/21 21:00:00,26.549,,,,,
1782,04/24/21 21:15:00,26.549,,,,,
1783,04/24/21 21:30:00,26.549,,,,,
1784,04/24/21 21:45:00,26.549,,,,,
1785,04/24/21 22:00:00,26.598,,,,,
1786,04/24/21 22:15:00,26.598,,,,,
1787,04/24/21 22:30:00,26.671,,,,,
1788,04/24/21 22:45:00,26.720,,,,,
1789,04/24/21 23:00:00,26.744,,,,,
1790,04/24/21 23:15:00,26.744,,,,,
1791,04/24/21 23:30:00,26.744,,,,,
1792,04/24/21 23:45:00,26.769,,,,,
1793,04/25/21 00:00:00,26.793,,,,,
1794,04/25/21 00:15:00,26.818,,,,,
1795,04/25/21 00:30:00,26.744,,,,,
1796,04/25/21 00:45:00,26.720,,,,,
1797,04/25/21 01:00:00,26.671,,,,,
1798,04/25/21 01:15:00,26.646,,,,,
1799,04/25/21 01:30:00,26.622,,,,,
1800,04/25/21 01:45:00,26.598,,,,,
1801,04/25/21 02:00:00,26.598,,,,,
1802,04/25/21 02:15:00,26.598,,,,,
1803,04/25/21 02:30:00,26.598,,,,,
1804,04/25/21 02:45:00,26.646,,,,,
1805,04/25/21 03:00:00,26.671,,,,,
1806,04/25/21 03:15:00,26.671,,,,,
1807,04/25/21 03:30:00,26.598,,,,,
1808,04/25/21 03:45:00,26.622,,,,,
1809,04/25/21 04:00:00,26.549,,,,,
1810,04/25/21 04:15:00,26.598,,,,,
1811,04/25/21 04:30:00,26.622,,,,,
1812,04/25/21 04:45:00,26.622,,,,,
1813,04/25/21 05:00:00,26.549,,,,,
1814,04/25/21 05:15:00,26.549,,,,,
1815,04/25/21 05:30:00,26.598,,,,,
1816,04/25/21 05:45:00,26.598,,,,,
1817,04/25/21 06:00:00,26.598,,,,,
1818,04/25/21 06:15:00,26.573,,,,,
1819,04/25/21 06:30:00,26.524,,,,,
1820,04/25/21 06:45:00,26.500,,,,,
1821,04/25/21 07:00:00,26.524,,,,,
1822,04/25/21 07:15:00,26.549,,,,,
1823,04/25/21 07:30:00,26.549,,,,,
1824,04/25/21 07:45:00,26.500,,,,,
1825,04/25/21 08:00:00,26.524,,,,,
1826,04/25/21 08:15:00,26.549,,,,,
1827,04/25/21 08:30:00,26.524,,,,,
1828,04/25/21 08:45:00,26.573,,,,,
1829,04/25/21 09:00:00,26.622,,,,,
1830,04/25/21 09:15:00,26.524,,,,,
1831,04/25/21 09:30:00,26.524,,,,,
1832,04/25/21 09:45:00,26.500,,,,,
1833,04/25/21 10:00:00,26.500,,,,,
1834,04/25/21 10:15:00,26.475,,,,,
1835,04/25/21 10:30:00,26.524,,,,,
1836,04/25/21 10:45:00,26.598,,,,,
1837,04/25/21 11:00:00,26.744,,,,,
1838,04/25/21 11:15:00,26.793,,,,,
1839,04/25/21 11:30:00,26.769,,,,,
1840,04/25/21 11:45:00,26.891,,,,,
1841,04/25/21 12:00:00,26.867,,,,,
1842,04/25/21 12:15:00,26.818,,,,,
1843,04/25/21 12:30:00,26.842,,,,,
1844,04/25/21 12:45:00,26.891,,,,,
1845,04/25/21 13:00:00,26.891,,,,,
1846,04/25/21 13:15:00,26.818,,,,,
1847,04/25/21 13:30:00,26.867,,,,,
1848,04/25/21 13:45:00,26.842,,,,,
1849,04/25/21 14:00:00,26.867,,,,,
1850,04/25/21 14:15:00,26.891,,,,,
1851,04/25/21 14:30:00,26.818,,,,,
1852,04/25/21 14:45:00,26.867,,,,,
1853,04/25/21 15:00:00,26.916,,,,,
1854,04/25/21 15:15:00,26.818,,,,,
1855,04/25/21 15:30:00,26.646,,,,,
1856,04/25/21 15:45:00,26.744,,,,,
1857,04/25/21 16:00:00,26.769,,,,,
1858,04/25/21 16:15:00,26.769,,,,,
1859,04/25/21 16:30:00,26.646,,,,,
1860,04/25/21 16:45:00,26.622,,,,,
1861,04/25/21 17:00:00,26.671,,,,,
1862,04/25/21 17:15:00,26.720,,,,,
1863,04/25/21 17:30:00,26.622,,,,,
1864,04/25/21 17:45:00,26.646,,,,,
1865,04/25/21 18:00:00,26.549,,,,,
1866,04/25/21 18:15:00,26.598,,,,,
1867,04/25/21 18:30:00,26.622,,,,,
1868,04/25/21 18:45:00,26.622,,,,,
1869,04/25/21 19:00:00,26.549,,,,,
1870,04/25/21 19:15:00,26.598,,,,,
1871,04/25/21 19:30:00,26.573,,,,,
1872,04/25/21 19:45:00,26.549,,,,,
1873,04/25/21 20:00:00,26.573,,,,,
1874,04/25/21 20:15:00,26.549,,,,,
1875,04/25/21 20:30:00,26.573,,,,,
1876,04/25/21 20:45:00,26.622,,,,,
1877,04/25/21 21:00:00,26.695,,,,,
1878,04/25/21 21:15:00,26.695,,,,,
1879,04/25/21 21:30:00,26.695,,,,,
1880,04/25/21 21:45:00,26.671,,,,,
1881,04/25/21 22:00:00,26.671,,,,,
1882,04/25/21 22:15:00,26.671,,,,,
1883,04/25/21 22:30:00,26.720,,,,,
1884,04/25/21 22:45:00,26.744,,,,,
1885,04/25/21 23:00:00,26.818,,,,,
1886,04/25/21 23:15:00,26.891,,,,,
1887,04/25/21 23:30:00,26.916,,,,,
1888,04/25/21 23:45:00,26.940,,,,,
1889,04/26/21 00:00:00,26.965,,,,,
1890,04/26/21 00:15:00,26.989,,,,,
1891,04/26/21 00:30:00,26.989,,,,,
1892,04/26/21 00:45:00,27.014,,,,,
1893,04/26/21 01:00:00,27.038,,,,,
1894,04/26/21 01:15:00,27.038,,,,,
1895,04/26/21 01:30:00,27.038,,,,,
1896,04/26/21 01:45:00,27.038,,,,,
1897,04/26/21 02:00:00,27.038,,,,,
1898,04/26/21 02:15:00,27.038,,,,,
1899,04/26/21 02:30:00,27.063,,,,,
1900,04/26/21 02:45:00,27.087,,,,,
1901,04/26/21 03:00:00,27.087,,,,,
1902,04/26/21 03:15:00,27.087,,,,,
1903,04/26/21 03:30:00,27.087,,,,,
1904,04/26/21 03:45:00,27.087,,,,,
1905,04/26/21 04:00:00,27.087,,,,,
1906,04/26/21 04:15:00,27.087,,,,,
1907,04/26/21 04:30:00,27.063,,,,,
1908,04/26/21 04:45:00,27.063,,,,,
1909,04/26/21 05:00:00,27.063,,,,,
1910,04/26/21 05:15:00,27.063,,,,,
1911,04/26/21 05:30:00,27.063,,,,,
1912,04/26/21 05:45:00,27.063,,,,,
1913,04/26/21 06:00:00,27.063,,,,,
1914,04/26/21 06:15:00,26.842,,,,,
1915,04/26/21 06:30:00,27.014,,,,,
1916,04/26/21 06:45:00,27.038,,,,,
1917,04/26/21 07:00:00,27.038,,,,,
1918,04/26/21 07:15:00,27.038,,,,,
1919,04/26/21 07:30:00,27.063,,,,,
1920,04/26/21 07:45:00,27.063,,,,,
1921,04/26/21 08:00:00,27.038,,,,,
1922,04/26/21 08:15:00,26.965,,,,,
1923,04/26/21 08:30:00,26.940,,,,,
1924,04/26/21 08:45:00,27.014,,,,,
1925,04/26/21 09:00:00,26.891,,,,,
1926,04/26/21 09:15:00,26.891,,,,,
1927,04/26/21 09:30:00,26.842,,,,,
1928,04/26/21 09:45:00,26.793,,,,,
1929,04/26/21 10:00:00,26.818,,,,,
1930,04/26/21 10:15:00,26.867,,,,,
1931,04/26/21 10:30:00,26.867,,,,,
1932,04/26/21 10:45:00,26.891,,,,,
1933,04/26/21 11:00:00,26.965,,,,,
1934,04/26/21 11:15:00,26.891,,,,,
1935,04/26/21 11:30:00,27.087,,,,,
1936,04/26/21 11:45:00,27.063,,,,,
1937,04/26/21 12:00:00,27.087,,,,,
1938,04/26/21 12:15:00,27.087,,,,,
1939,04/26/21 12:30:00,27.087,,,,,
1940,04/26/21 12:45:00,27.112,,,,,
1941,04/26/21 13:00:00,27.136,,,,,
1942,04/26/21 13:15:00,27.136,,,,,
1943,04/26/21 13:30:00,27.186,,,,,
1944,04/26/21 13:45:00,27.038,,,,,
1945,04/26/21 14:00:00,27.136,,,,,
1946,04/26/21 14:15:00,27.186,,,,,
1947,04/26/21 14:30:00,27.235,,,,,
1948,04/26/21 14:45:00,27.259,,,,,
1949,04/26/21 15:00:00,27.235,,,,,
1950,04/26/21 15:15:00,27.210,,,,,
1951,04/26/21 15:30:00,27.136,,,,,
1952,04/26/21 15:45:00,27.210,,,,,
1953,04/26/21 16:00:00,27.235,,,,,
1954,04/26/21 16:15:00,27.210,,,,,
1955,04/26/21 16:30:00,26.842,,,,,
1956,04/26/21 16:45:00,26.769,,,,,
1957,04/26/21 17:00:00,26.842,,,,,
1958,04/26/21 17:15:00,26.842,,,,,
1959,04/26/21 17:30:00,26.891,,,,,
1960,04/26/21 17:45:00,27.087,,,,,
1961,04/26/21 18:00:00,26.842,,,,,
1962,04/26/21 18:15:00,26.744,,,,,
1963,04/26/21 18:30:00,26.744,,,,,
1964,04/26/21 18:45:00,26.891,,,,,
1965,04/26/21 19:00:00,26.891,,,,,
1966,04/26/21 19:15:00,26.818,,,,,
1967,04/26/21 19:30:00,26.793,,,,,
1968,04/26/21 19:45:00,26.891,,,,,
1969,04/26/21 20:00:00,26.965,,,,,
1970,04/26/21 20:15:00,26.842,,,,,
1971,04/26/21 20:30:00,26.891,,,,,
1972,04/26/21 20:45:00,26.916,,,,,
1973,04/26/21 21:00:00,27.038,,,,,
1974,04/26/21 21:15:00,26.965,,,,,
1975,04/26/21 21:30:00,26.842,,,,,
1976,04/26/21 21:45:00,26.965,,,,,
1977,04/26/21 22:00:00,27.136,,,,,
1978,04/26/21 22:15:00,27.161,,,,,
1979,04/26/21 22:30:00,27.038,,,,,
1980,04/26/21 22:45:00,27.014,,,,,
1981,04/26/21 23:00:00,27.038,,,,,
1982,04/26/21 23:15:00,27.063,,,,,
1983,04/26/21 23:30:00,26.867,,,,,
1984,04/26/21 23:45:00,26.744,,,,,
1985,04/27/21 00:00:00,26.720,,,,,
1986,04/27/21 00:15:00,26.695,,,,,
1987,04/27/21 00:30:00,26.744,,,,,
1988,04/27/21 00:45:00,26.818,,,,,
1989,04/27/21 01:00:00,26.842,,,,,
1990,04/27/21 01:15:00,26.916,,,,,
1991,04/27/21 01:30:00,26.965,,,,,
1992,04/27/21 01:45:00,26.769,,,,,
1993,04/27/21 02:00:00,26.769,,,,,
1994,04/27/21 02:15:00,26.940,,,,,
1995,04/27/21 02:30:00,26.793,,,,,
1996,04/27/21 02:45:00,26.720,,,,,
1997,04/27/21 03:00:00,26.818,,,,,
1998,04/27/21 03:15:00,26.867,,,,,
1999,04/27/21 03:30:00,26.842,,,,,
2000,04/27/21 03:45:00,26.842,,,,,
2001,04/27/21 04:00:00,26.940,,,,,
2002,04/27/21 04:15:00,27.014,,,,,
2003,04/27/21 04:30:00,26.867,,,,,
2004,04/27/21 04:45:00,26.842,,,,,
2005,04/27/21 05:00:00,26.818,,,,,
2006,04/27/21 05:15:00,26.818,,,,,
2007,04/27/21 05:30:00,26.695,,,,,
2008,04/27/21 05:45:00,26.744,,,,,
2009,04/27/21 06:00:00,26.744,,,,,
2010,04/27/21 06:15:00,26.891,,,,,
2011,04/27/21 06:30:00,27.235,,,,,
2012,04/27/21 06:45:00,26.671,,,,,
2013,04/27/21 07:00:00,26.598,,,,,
2014,04/27/21 07:15:00,26.573,,,,,
2015,04/27/21 07:30:00,26.598,,,,,
2016,04/27/21 07:45:00,26.891,,,,,
2017,04/27/21 08:00:00,26.867,,,,,
2018,04/27/21 08:15:00,27.087,,,,,
2019,04/27/21 08:30:00,26.720,,,,,
2020,04/27/21 08:45:00,26.842,,,,,
2021,04/27/21 09:00:00,27.161,,,,,
2022,04/27/21 09:15:00,27.136,,,,,
2023,04/27/21 09:30:00,27.112,,,,,
2024,04/27/21 09:45:00,27.136,,,,,
2025,04/27/21 10:00:00,27.161,,,,,
2026,04/27/21 10:15:00,27.087,,,,,
2027,04/27/21 10:30:00,26.793,,,,,
2028,04/27/21 10:45:00,27.038,,,,,
2029,04/27/21 11:00:00,26.940,,,,,
2030,04/27/21 11:15:00,26.842,,,,,
2031,04/27/21 11:30:00,26.818,,,,,
2032,04/27/21 11:45:00,26.842,,,,,
2033,04/27/21 12:00:00,26.867,,,,,
2034,04/27/21 12:15:00,26.891,,,,,
2035,04/27/21 12:30:00,26.940,,,,,
2036,04/27/21 12:45:00,27.038,,,,,
2037,04/27/21 13:00:00,27.161,,,,,
2038,04/27/21 13:15:00,27.186,,,,,
2039,04/27/21 13:30:00,27.161,,,,,
2040,04/27/21 13:45:00,27.161,,,,,
2041,04/27/21 14:00:00,27.161,,,,,
2042,04/27/21 14:15:00,27.136,,,,,
2043,04/27/21 14:30:00,27.161,,,,,
2044,04/27/21 14:45:00,26.916,,,,,
2045,04/27/21 15:00:00,26.940,,,,,
2046,04/27/21 15:15:00,27.087,,,,,
2047,04/27/21 15:30:00,27.112,,,,,
2048,04/27/21 15:45:00,27.112,,,,,
2049,04/27/21 16:00:00,27.063,,,,,
2050,04/27/21 16:15:00,26.989,,,,,
2051,04/27/21 16:30:00,26.916,,,,,
2052,04/27/21 16:45:00,26.940,,,,,
2053,04/27/21 17:00:00,27.038,,,,,
2054,04/27/21 17:15:00,27.038,,,,,
2055,04/27/21 17:30:00,26.891,,,,,
2056,04/27/21 17:45:00,26.867,,,,,
2057,04/27/21 18:00:00,26.891,,,,,
2058,04/27/21 18:15:00,26.867,,,,,
2059,04/27/21 18:30:00,26.891,,,,,
2060,04/27/21 18:45:00,26.891,,,,,
2061,04/27/21 19:00:00,26.891,,,,,
2062,04/27/21 19:15:00,26.671,,,,,
2063,04/27/21 19:30:00,26.720,,,,,
2064,04/27/21 19:45:00,26.744,,,,,
2065,04/27/21 20:00:00,26.891,,,,,
2066,04/27/21 20:15:00,26.818,,,,,
2067,04/27/21 20:30:00,26.769,,,,,
2068,04/27/21 20:45:00,26.916,,,,,
2069,04/27/21 21:00:00,26.891,,,,,
2070,04/27/21 21:15:00,26.818,,,,,
2071,04/27/21 21:30:00,26.818,,,,,
2072,04/27/21 21:45:00,26.793,,,,,
2073,04/27/21 22:00:00,26.793,,,,,
2074,04/27/21 22:15:00,26.965,,,,,
2075,04/27/21 22:30:00,27.014,,,,,
2076,04/27/21 22:45:00,26.965,,,,,
2077,04/27/21 23:00:00,26.965,,,,,
2078,04/27/21 23:15:00,27.038,,,,,
2079,04/27/21 23:30:00,27.087,,,,,
2080,04/27/21 23:45:00,26.842,,,,,
2081,04/28/21 00:00:00,26.695,,,,,
2082,04/28/21 00:15:00,26.671,,,,,
2083,04/28/21 00:30:00,26.646,,,,,
2084,04/28/21 00:45:00,26.671,,,,,
2085,04/28/21 01:00:00,26.695,,,,,
2086,04/28/21 01:15:00,27.063,,,,,
2087,04/28/21 01:30:00,27.087,,,,,
2088,04/28/21 01:45:00,27.186,,,,,
2089,04/28/21 02:00:00,27.186,,,,,
2090,04/28/21 02:15:00,27.136,,,,,
2091,04/28/21 02:30:00,27.136,,,,,
2092,04/28/21 02:45:00,27.210,,,,,
2093,04/28/21 03:00:00,27.136,,,,,
2094,04/28/21 03:15:00,27.210,,,,,
2095,04/28/21 03:30:00,27.235,,,,,
2096,04/28/21 03:45:00,27.259,,,,,
2097,04/28/21 04:00:00,27.210,,,,,
2098,04/28/21 04:15:00,27.136,,,,,
2099,04/28/21 04:30:00,27.112,,,,,
2100,04/28/21 04:45:00,27.087,,,,,
2101,04/28/21 05:00:00,27.136,,,,,
2102,04/28/21 05:15:00,27.063,,,,,
2103,04/28/21 05:30:00,27.136,,,,,
2104,04/28/21 05:45:00,27.186,,,,,
2105,04/28/21 06:00:00,27.186,,,,,
2106,04/28/21 06:15:00,27.259,,,,,
2107,04/28/21 06:30:00,27.259,,,,,
2108,04/28/21 06:45:00,27.259,,,,,
2109,04/28/21 07:00:00,27.235,,,,,
2110,04/28/21 07:15:00,27.235,,,,,
2111,04/28/21 07:30:00,27.161,,,,,
2112,04/28/21 07:45:00,27.186,,,,,
2113,04/28/21 08:00:00,27.210,,,,,
2114,04/28/21 08:15:00,27.136,,,,,
2115,04/28/21 08:30:00,27.112,,,,,
2116,04/28/21 08:45:00,26.793,,,,,
2117,04/28/21 09:00:00,26.695,,,,,
2118,04/28/21 09:15:00,26.891,,,,,
2119,04/28/21 09:30:00,26.867,,,,,
2120,04/28/21 09:45:00,26.793,,,,,
2121,04/28/21 10:00:00,26.769,,,,,
2122,04/28/21 10:15:00,26.793,,,,,
2123,04/28/21 10:30:00,26.744,,,,,
2124,04/28/21 10:45:00,26.695,,,,,
2125,04/28/21 11:00:00,26.744,,,,,
2126,04/28/21 11:15:00,26.769,,,,,
2127,04/28/21 11:30:00,26.671,,,,,
2128,04/28/21 11:45:00,26.598,,,,,
2129,04/28/21 12:00:00,26.622,,,,,
2130,04/28/21 12:15:00,26.720,,,,,
2131,04/28/21 12:30:00,26.769,,,,,
2132,04/28/21 12:45:00,26.744,,,,,
2133,04/28/21 13:00:00,26.720,,,,,
2134,04/28/21 13:15:00,26.549,,,,,
2135,04/28/21 13:30:00,26.573,,,,,
2136,04/28/21 13:45:00,26.622,,,,,
2137,04/28/21 14:00:00,26.842,,,,,
2138,04/28/21 14:15:00,26.891,,,,,
2139,04/28/21 14:30:00,26.916,,,,,
2140,04/28/21 14:45:00,26.940,,,,,
2141,04/28/21 15:00:00,26.965,,,,,
2142,04/28/21 15:15:00,26.989,,,,,
2143,04/28/21 15:30:00,26.989,,,,,
2144,04/28/21 15:45:00,27.014,,,,,
2145,04/28/21 16:00:00,26.940,,,,,
2146,04/28/21 16:15:00,26.769,,,,,
2147,04/28/21 16:30:00,26.695,,,,,
2148,04/28/21 16:45:00,26.671,,,,,
2149,04/28/21 17:00:00,26.769,,,,,
2150,04/28/21 17:15:00,26.867,,,,,
2151,04/28/21 17:30:00,26.744,,,,,
2152,04/28/21 17:45:00,26.646,,,,,
2153,04/28/21 18:00:00,26.695,,,,,
2154,04/28/21 18:15:00,26.793,,,,,
2155,04/28/21 18:30:00,26.744,,,,,
2156,04/28/21 18:45:00,26.695,,,,,
2157,04/28/21 19:00:00,26.769,,,,,
2158,04/28/21 19:15:00,26.793,,,,,
2159,04/28/21 19:30:00,26.818,,,,,
2160,04/28/21 19:45:00,26.744,,,,,
2161,04/28/21 20:00:00,26.720,,,,,
2162,04/28/21 20:15:00,26.769,,,,,
2163,04/28/21 20:30:00,26.793,,,,,
2164,04/28/21 20:45:00,26.793,,,,,
2165,04/28/21 21:00:00,26.793,,,,,
2166,04/28/21 21:15:00,26.818,,,,,
2167,04/28/21 21:30:00,26.842,,,,,
2168,04/28/21 21:45:00,26.720,,,,,
2169,04/28/21 22:00:00,26.646,,,,,
2170,04/28/21 22:15:00,26.622,,,,,
2171,04/28/21 22:30:00,26.622,,,,,
2172,04/28/21 22:45:00,26.549,,,,,
2173,04/28/21 23:00:00,26.500,,,,,
2174,04/28/21 23:15:00,26.475,,,,,
2175,04/28/21 23:30:00,26.500,,,,,
2176,04/28/21 23:45:00,26.500,,,,,
2177,04/29/21 00:00:00,26.500,,,,,
2178,04/29/21 00:15:00,26.500,,,,,
2179,04/29/21 00:30:00,26.475,,,,,
2180,04/29/21 00:45:00,26.475,,,,,
2181,04/29/21 01:00:00,26.475,,,,,
2182,04/29/21 01:15:00,26.475,,,,,
2183,04/29/21 01:30:00,26.475,,,,,
2184,04/29/21 01:45:00,26.475,,,,,
2185,04/29/21 02:00:00,26.475,,,,,
2186,04/29/21 02:15:00,26.451,,,,,
2187,04/29/21 02:30:00,26.451,,,,,
2188,04/29/21 02:45:00,26.426,,,,,
2189,04/29/21 03:00:00,26.353,,,,,
2190,04/29/21 03:15:00,26.353,,,,,
2191,04/29/21 03:30:00,26.353,,,,,
2192,04/29/21 03:45:00,26.353,,,,,
2193,04/29/21 04:00:00,26.426,,,,,
2194,04/29/21 04:15:00,26.451,,,,,
2195,04/29/21 04:30:00,26.426,,,,,
2196,04/29/21 04:45:00,26.451,,,,,
2197,04/29/21 05:00:00,26.451,,,,,
2198,04/29/21 05:15:00,26.378,,,,,
2199,04/29/21 05:30:00,26.426,,,,,
2200,04/29/21 05:45:00,26.475,,,,,
2201,04/29/21 06:00:00,26.646,,,,,
2202,04/29/21 06:15:00,26.793,,,,,
2203,04/29/21 06:30:00,26.793,,,,,
2204,04/29/21 06:45:00,26.622,,,,,
2205,04/29/21 07:00:00,26.695,,,,,
2206,04/29/21 07:15:00,26.720,,,,,
2207,04/29/21 07:30:00,26.818,,,,,
2208,04/29/21 07:45:00,26.842,,,,,
2209,04/29/21 08:00:00,26.842,,,,,
2210,04/29/21 08:15:00,26.916,,,,,
2211,04/29/21 08:30:00,26.916,,,,,
2212,04/29/21 08:45:00,26.867,,,,,
2213,04/29/21 09:00:00,26.891,,,,,
2214,04/29/21 09:15:00,26.867,,,,,
2215,04/29/21 09:30:00,26.867,,,,,
2216,04/29/21 09:45:00,26.818,,,,,
2217,04/29/21 10:00:00,26.744,,,,,
2218,04/29/21 10:15:00,26.769,,,,,
2219,04/29/21 10:30:00,26.793,,,,,
2220,04/29/21 10:45:00,26.793,,,,,
2221,04/29/21 11:00:00,26.793,,,,,
2222,04/29/21 11:15:00,26.793,,,,,
2223,04/29/21 11:30:00,26.818,,,,,
2224,04/29/21 11:45:00,26.818,,,,,
2225,04/29/21 12:00:00,26.842,,,,,
2226,04/29/21 12:15:00,26.842,,,,,
2227,04/29/21 12:30:00,26.867,,,,,
2228,04/29/21 12:45:00,26.891,,,,,
2229,04/29/21 13:00:00,26.916,,,,,
2230,04/29/21 13:15:00,26.940,,,,,
2231,04/29/21 13:30:00,26.940,,,,,
2232,04/29/21 13:45:00,26.940,,,,,
2233,04/29/21 14:00:00,26.940,,,,,
2234,04/29/21 14:15:00,26.940,,,,,
2235,04/29/21 14:30:00,26.940,,,,,
2236,04/29/21 14:45:00,26.965,,,,,
2237,04/29/21 15:00:00,26.989,,,,,
2238,04/29/21 15:15:00,27.014,,,,,
2239,04/29/21 15:30:00,27.038,,,,,
2240,04/29/21 15:45:00,27.038,,,,,
2241,04/29/21 16:00:00,27.063,,,,,
2242,04/29/21 16:15:00,27.063,,,,,
2243,04/29/21 16:30:00,27.136,,,,,
2244,04/29/21 16:45:00,27.087,,,,,
2245,04/29/21 17:00:00,27.112,,,,,
2246,04/29/21 17:15:00,27.136,,,,,
2247,04/29/21 17:30:00,27.161,,,,,
2248,04/29/21 17:45:00,27.186,,,,,
2249,04/29/21 18:00:00,27.186,,,,,
2250,04/29/21 18:15:00,27.186,,,,,
2251,04/29/21 18:30:00,27.186,,,,,
2252,04/29/21 18:45:00,27.186,,,,,
2253,04/29/21 19:00:00,27.161,,,,,
2254,04/29/21 19:15:00,27.161,,,,,
2255,04/29/21 19:30:00,27.186,,,,,
2256,04/29/21 19:45:00,27.186,,,,,
2257,04/29/21 20:00:00,27.186,,,,,
2258,04/29/21 20:15:00,27.186,,,,,
2259,04/29/21 20:30:00,27.186,,,,,
2260,04/29/21 20:45:00,27.186,,,,,
2261,04/29/21 21:00:00,27.210,,,,,
2262,04/29/21 21:15:00,27.210,,,,,
2263,04/29/21 21:30:00,27.210,,,,,
2264,04/29/21 21:45:00,27.210,,,,,
2265,04/29/21 22:00:00,27.210,,,,,
2266,04/29/21 22:15:00,27.210,,,,,
2267,04/29/21 22:30:00,27.235,,,,,
2268,04/29/21 22:45:00,27.161,,,,,
2269,04/29/21 23:00:00,26.891,,,,,
2270,04/29/21 23:15:00,26.916,,,,,
2271,04/29/21 23:30:00,26.965,,,,,
2272,04/29/21 23:45:00,27.087,,,,,
2273,04/30/21 00:00:00,27.186,,,,,
2274,04/30/21 00:15:00,27.087,,,,,
2275,04/30/21 00:30:00,26.965,,,,,
2276,04/30/21 00:45:00,26.965,,,,,
2277,04/30/21 01:00:00,26.916,,,,,
2278,04/30/21 01:15:00,26.965,,,,,
2279,04/30/21 01:30:00,26.989,,,,,
2280,04/30/21 01:45:00,27.014,,,,,
2281,04/30/21 02:00:00,27.038,,,,,
2282,04/30/21 02:15:00,27.087,,,,,
2283,04/30/21 02:30:00,27.087,,,,,
2284,04/30/21 02:45:00,27.038,,,,,
2285,04/30/21 03:00:00,27.063,,,,,
2286,04/30/21 03:15:00,27.112,,,,,
2287,04/30/21 03:30:00,27.136,,,,,
2288,04/30/21 03:45:00,27.136,,,,,
2289,04/30/21 04:00:00,27.161,,,,,
2290,04/30/21 04:15:00,27.161,,,,,
2291,04/30/21 04:30:00,27.186,,,,,
2292,04/30/21 04:45:00,27.235,,,,,
2293,04/30/21 05:00:00,27.063,,,,,
2294,04/30/21 05:15:00,26.891,,,,,
2295,04/30/21 05:30:00,27.038,,,,,
2296,04/30/21 05:45:00,27.112,,,,,
2297,04/30/21 06:00:00,27.161,,,,,
2298,04/30/21 06:15:00,27.186,,,,,
2299,04/30/21 06:30:00,27.186,,,,,
2300,04/30/21 06:45:00,27.186,,,,,
2301,04/30/21 07:00:00,27.136,,,,,
2302,04/30/21 07:15:00,27.136,,,,,
2303,04/30/21 07:30:00,27.136,,,,,
2304,04/30/21 07:45:00,27.112,,,,,
2305,04/30/21 08:00:00,27.063,,,,,
2306,04/30/21 08:15:00,27.038,,,,,
2307,04/30/21 08:30:00,27.063,,,,,
2308,04/30/21 08:45:00,27.112,,,,,
2309,04/30/21 09:00:00,27.087,,,,,
2310,04/30/21 09:15:00,27.087,,,,,
2311,04/30/21 09:30:00,27.087,,,,,
2312,04/30/21 09:45:00,27.112,,,,,
2313,04/30/21 10:00:00,27.112,,,,,
2314,04/30/21 10:15:00,27.112,,,,,
2315,04/30/21 10:30:00,27.112,,,,,
2316,04/30/21 10:45:00,27.112,,,,,
2317,04/30/21 11:00:00,27.112,,,,,
2318,04/30/21 11:15:00,27.112,,,,,
2319,04/30/21 11:30:00,27.136,,,,,
2320,04/30/21 11:45:00,27.136,,,,,
2321,04/30/21 12:00:00,27.136,,,,,
2322,04/30/21 12:15:00,27.136,,,,,
2323,04/30/21 12:30:00,27.136,,,,,
2324,04/30/21 12:45:00,27.136,,,,,
2325,04/30/21 13:00:00,27.014,,,,,
2326,04/30/21 13:15:00,26.940,,,,,
2327,04/30/21 13:30:00,26.818,,,,,
2328,04/30/21 13:45:00,26.989,,,,,
2329,04/30/21 14:00:00,27.087,,,,,
2330,04/30/21 14:15:00,26.867,,,,,
2331,04/30/21 14:30:00,26.867,,,,,
2332,04/30/21 14:45:00,26.867,,,,,
2333,04/30/21 15:00:00,26.842,,,,,
2334,04/30/21 15:15:00,26.842,,,,,
2335,04/30/21 15:30:00,26.867,,,,,
2336,04/30/21 15:45:00,26.842,,,,,
2337,04/30/21 16:00:00,26.842,,,,,
2338,04/30/21 16:15:00,26.842,,,,,
2339,04/30/21 16:30:00,26.867,,,,,
2340,04/30/21 16:45:00,26.989,,,,,
2341,04/30/21 17:00:00,27.063,,,,,
2342,04/30/21 17:15:00,27.112,,,,,
2343,04/30/21 17:30:00,27.136,,,,,
2344,04/30/21 17:45:00,27.136,,,,,
2345,04/30/21 18:00:00,27.136,,,,,
2346,04/30/21 18:15:00,27.136,,,,,
2347,04/30/21 18:30:00,27.161,,,,,
2348,04/30/21 18:45:00,27.186,,,,,
2349,04/30/21 19:00:00,27.186,,,,,
2350,04/30/21 19:15:00,27.186,,,,,
2351,04/30/21 19:30:00,27.210,,,,,
2352,04/30/21 19:45:00,27.210,,,,,
2353,04/30/21 20:00:00,27.210,,,,,
2354,04/30/21 20:15:00,27.235,,,,,
2355,04/30/21 20:30:00,27.259,,,,,
2356,04/30/21 20:45:00,26.940,,,,,
2357,04/30/21 21:00:00,26.842,,,,,
2358,04/30/21 21:15:00,26.720,,,,,
2359,04/30/21 21:30:00,26.695,,,,,
2360,04/30/21 21:45:00,26.720,,,,,
2361,04/30/21 22:00:00,26.744,,,,,
2362,04/30/21 22:15:00,26.598,,,,,
2363,04/30/21 22:30:00,26.475,,,,,
2364,04/30/21 22:45:00,26.500,,,,,
2365,04/30/21 23:00:00,26.500,,,,,
2366,04/30/21 23:15:00,26.500,,,,,
2367,04/30/21 23:30:00,26.500,,,,,
2368,04/30/21 23:45:00,26.475,,,,,
2369,05/01/21 00:00:00,26.524,,,,,
2370,05/01/21 00:15:00,26.500,,,,,
2371,05/01/21 00:30:00,26.451,,,,,
2372,05/01/21 00:45:00,26.426,,,,,
2373,05/01/21 01:00:00,26.402,,,,,
2374,05/01/21 01:15:00,26.402,,,,,
2375,05/01/21 01:30:00,26.426,,,,,
2376,05/01/21 01:45:00,26.426,,,,,
2377,05/01/21 02:00:00,26.500,,,,,
2378,05/01/21 02:15:00,26.549,,,,,
2379,05/01/21 02:30:00,26.573,,,,,
2380,05/01/21 02:45:00,26.549,,,,,
2381,05/01/21 03:00:00,26.549,,,,,
2382,05/01/21 03:15:00,26.524,,,,,
2383,05/01/21 03:30:00,26.500,,,,,
2384,05/01/21 03:45:00,26.524,,,,,
2385,05/01/21 04:00:00,26.524,,,,,
2386,05/01/21 04:15:00,26.500,,,,,
2387,05/01/21 04:30:00,26.524,,,,,
2388,05/01/21 04:45:00,26.524,,,,,
2389,05/01/21 05:00:00,26.524,,,,,
2390,05/01/21 05:15:00,26.500,,,,,
2391,05/01/21 05:30:00,26.500,,,,,
2392,05/01/21 05:45:00,26.500,,,,,
2393,05/01/21 06:00:00,26.524,,,,,
2394,05/01/21 06:15:00,26.524,,,,,
2395,05/01/21 06:30:00,26.549,,,,,
2396,05/01/21 06:45:00,26.916,,,,,
2397,05/01/21 07:00:00,26.989,,,,,
2398,05/01/21 07:15:00,27.014,,,,,
2399,05/01/21 07:30:00,27.038,,,,,
2400,05/01/21 07:45:00,27.063,,,,,
2401,05/01/21 08:00:00,27.063,,,,,
2402,05/01/21 08:15:00,27.014,,,,,
2403,05/01/21 08:30:00,27.087,,,,,
2404,05/01/21 08:45:00,27.087,,,,,
2405,05/01/21 09:00:00,27.112,,,,,
2406,05/01/21 09:15:00,27.112,,,,,
2407,05/01/21 09:30:00,27.112,,,,,
2408,05/01/21 09:45:00,27.112,,,,,
2409,05/01/21 10:00:00,27.112,,,,,
2410,05/01/21 10:15:00,27.136,,,,,
2411,05/01/21 10:30:00,27.087,,,,,
2412,05/01/21 10:45:00,27.112,,,,,
2413,05/01/21 11:00:00,27.136,,,,,
2414,05/01/21 11:15:00,27.087,,,,,
2415,05/01/21 11:30:00,26.989,,,,,
2416,05/01/21 11:45:00,26.720,,,,,
2417,05/01/21 12:00:00,26.720,,,,,
2418,05/01/21 12:15:00,26.793,,,,,
2419,05/01/21 12:30:00,26.793,,,,,
2420,05/01/21 12:45:00,26.769,,,,,
2421,05/01/21 13:00:00,26.891,,,,,
2422,05/01/21 13:15:00,26.940,,,,,
2423,05/01/21 13:30:00,27.112,,,,,
2424,05/01/21 13:45:00,27.014,,,,,
2425,05/01/21 14:00:00,26.818,,,,,
2426,05/01/21 14:15:00,26.744,,,,,
2427,05/01/21 14:30:00,26.744,,,,,
2428,05/01/21 14:45:00,26.793,,,,,
2429,05/01/21 15:00:00,26.867,,,,,
2430,05/01/21 15:15:00,26.891,,,,,
2431,05/01/21 15:30:00,26.622,,,,,
2432,05/01/21 15:45:00,26.646,,,,,
2433,05/01/21 16:00:00,26.671,,,,,
2434,05/01/21 16:15:00,26.842,,,,,
2435,05/01/21 16:30:00,26.965,,,,,
2436,05/01/21 16:45:00,26.965,,,,,
2437,05/01/21 17:00:00,26.989,,,,,
2438,05/01/21 17:15:00,27.014,,,,,
2439,05/01/21 17:30:00,27.087,,,,,
2440,05/01/21 17:45:00,27.063,,,,,
2441,05/01/21 18:00:00,27.112,,,,,
2442,05/01/21 18:15:00,27.136,,,,,
2443,05/01/21 18:30:00,27.136,,,,,
2444,05/01/21 18:45:00,27.136,,,,,
2445,05/01/21 19:00:00,27.161,,,,,
2446,05/01/21 19:15:00,27.161,,,,,
2447,05/01/21 19:30:00,27.161,,,,,
2448,05/01/21 19:45:00,27.161,,,,,
2449,05/01/21 20:00:00,27.161,,,,,
2450,05/01/21 20:15:00,27.186,,,,,
2451,05/01/21 20:30:00,27.186,,,,,
2452,05/01/21 20:45:00,27.186,,,,,
2453,05/01/21 21:00:00,27.186,,,,,
2454,05/01/21 21:15:00,27.186,,,,,
2455,05/01/21 21:30:00,27.186,,,,,
2456,05/01/21 21:45:00,27.186,,,,,
2457,05/01/21 22:00:00,27.186,,,,,
2458,05/01/21 22:15:00,27.210,,,,,
2459,05/01/21 22:30:00,27.210,,,,,
2460,05/01/21 22:45:00,27.210,,,,,
2461,05/01/21 23:00:00,27.210,,,,,
2462,05/01/21 23:15:00,27.210,,,,,
2463,05/01/21 23:30:00,27.186,,,,,
2464,05/01/21 23:45:00,27.235,,,,,
2465,05/02/21 00:00:00,27.210,,,,,
2466,05/02/21 00:15:00,27.038,,,,,
2467,05/02/21 00:30:00,26.867,,,,,
2468,05/02/21 00:45:00,27.136,,,,,
2469,05/02/21 01:00:00,26.965,,,,,
2470,05/02/21 01:15:00,26.818,,,,,
2471,05/02/21 01:30:00,26.769,,,,,
2472,05/02/21 01:45:00,26.744,,,,,
2473,05/02/21 02:00:00,26.793,,,,,
2474,05/02/21 02:15:00,26.744,,,,,
2475,05/02/21 02:30:00,26.720,,,,,
2476,05/02/21 02:45:00,26.524,,,,,
2477,05/02/21 03:00:00,26.549,,,,,
2478,05/02/21 03:15:00,26.573,,,,,
2479,05/02/21 03:30:00,26.524,,,,,
2480,05/02/21 03:45:00,26.451,,,,,
2481,05/02/21 04:00:00,26.451,,,,,
2482,05/02/21 04:15:00,26.451,,,,,
2483,05/02/21 04:30:00,26.426,,,,,
2484,05/02/21 04:45:00,26.426,,,,,
2485,05/02/21 05:00:00,26.426,,,,,
2486,05/02/21 05:15:00,26.426,,,,,
2487,05/02/21 05:30:00,26.378,,,,,
2488,05/02/21 05:45:00,26.402,,,,,
2489,05/02/21 06:00:00,26.402,,,,,
2490,05/02/21 06:15:00,26.426,,,,,
2491,05/02/21 06:30:00,26.549,,,,,
2492,05/02/21 06:45:00,26.598,,,,,
2493,05/02/21 07:00:00,26.695,,,,,
2494,05/02/21 07:15:00,26.744,,,,,
2495,05/02/21 07:30:00,26.720,,,,,
2496,05/02/21 07:45:00,26.793,,,,,
2497,05/02/21 08:00:00,26.989,,,,,
2498,05/02/21 08:15:00,26.842,,,,,
2499,05/02/21 08:30:00,26.891,,,,,
2500,05/02/21 08:45:00,26.940,,,,,
2501,05/02/21 09:00:00,27.038,,,,,
2502,05/02/21 09:15:00,27.063,,,,,
2503,05/02/21 09:30:00,27.038,,,,,
2504,05/02/21 09:45:00,27.112,,,,,
2505,05/02/21 10:00:00,27.161,,,,,
2506,05/02/21 10:15:00,27.136,,,,,
2507,05/02/21 10:30:00,26.916,,,,,
2508,05/02/21 10:45:00,26.769,,,,,
2509,05/02/21 11:00:00,27.038,,,,,
2510,05/02/21 11:15:00,27.136,,,,,
2511,05/02/21 11:30:00,27.161,,,,,
2512,05/02/21 11:45:00,27.186,,,,,
2513,05/02/21 12:00:00,26.891,,,,,
2514,05/02/21 12:15:00,26.744,,,,,
2515,05/02/21 12:30:00,26.671,,,,,
2516,05/02/21 12:45:00,26.818,,,,,
2517,05/02/21 13:00:00,26.940,,,,,
2518,05/02/21 13:15:00,27.112,,,,,
2519,05/02/21 13:30:00,27.161,,,,,
2520,05/02/21 13:45:00,27.063,,,,,
2521,05/02/21 14:00:00,26.842,,,,,
2522,05/02/21 14:15:00,26.818,,,,,
2523,05/02/21 14:30:00,27.063,,,,,
2524,05/02/21 14:45:00,26.842,,,,,
2525,05/02/21 15:00:00,26.793,,,,,
2526,05/02/21 15:15:00,26.989,,,,,
2527,05/02/21 15:30:00,27.087,,,,,
2528,05/02/21 15:45:00,27.014,,,,,
2529,05/02/21 16:00:00,27.014,,,,,
2530,05/02/21 16:15:00,27.038,,,,,
2531,05/02/21 16:30:00,27.063,,,,,
2532,05/02/21 16:45:00,27.063,,,,,
2533,05/02/21 17:00:00,27.112,,,,,
2534,05/02/21 17:15:00,27.087,,,,,
2535,05/02/21 17:30:00,26.891,,,,,
2536,05/02/21 17:45:00,26.793,,,,,
2537,05/02/21 18:00:00,26.769,,,,,
2538,05/02/21 18:15:00,26.793,,,,,
2539,05/02/21 18:30:00,26.793,,,,,
2540,05/02/21 18:45:00,26.867,,,,,
2541,05/02/21 19:00:00,26.891,,,,,
2542,05/02/21 19:15:00,26.842,,,,,
2543,05/02/21 19:30:00,26.793,,,,,
2544,05/02/21 19:45:00,26.744,,,,,
2545,05/02/21 20:00:00,26.842,,,,,
2546,05/02/21 20:15:00,26.867,,,,,
2547,05/02/21 20:30:00,26.793,,,,,
2548,05/02/21 20:45:00,26.818,,,,,
2549,05/02/21 21:00:00,26.842,,,,,
2550,05/02/21 21:15:00,26.793,,,,,
2551,05/02/21 21:30:00,26.793,,,,,
2552,05/02/21 21:45:00,26.818,,,,,
2553,05/02/21 22:00:00,26.842,,,,,
2554,05/02/21 22:15:00,26.891,,,,,
2555,05/02/21 22:30:00,26.940,,,,,
2556,05/02/21 22:45:00,26.965,,,,,
2557,05/02/21 23:00:00,27.038,,,,,
2558,05/02/21 23:15:00,26.989,,,,,
2559,05/02/21 23:30:00,27.063,,,,,
2560,05/02/21 23:45:00,27.038,,,,,
2561,05/03/21 00:00:00,27.063,,,,,
2562,05/03/21 00:15:00,27.087,,,,,
2563,05/03/21 00:30:00,27.038,,,,,
2564,05/03/21 00:45:00,26.989,,,,,
2565,05/03/21 01:00:00,27.014,,,,,
2566,05/03/21 01:15:00,27.014,,,,,
2567,05/03/21 01:30:00,27.014,,,,,
2568,05/03/21 01:45:00,26.989,,,,,
2569,05/03/21 02:00:00,26.965,,,,,
2570,05/03/21 02:15:00,27.014,,,,,
2571,05/03/21 02:30:00,26.989,,,,,
2572,05/03/21 02:45:00,26.965,,,,,
2573,05/03/21 03:00:00,26.793,,,,,
2574,05/03/21 03:15:00,26.671,,,,,
2575,05/03/21 03:30:00,26.818,,,,,
2576,05/03/21 03:45:00,26.842,,,,,
2577,05/03/21 04:00:00,26.744,,,,,
2578,05/03/21 04:15:00,26.744,,,,,
2579,05/03/21 04:30:00,26.965,,,,,
2580,05/03/21 04:45:00,26.989,,,,,
2581,05/03/21 05:00:00,26.916,,,,,
2582,05/03/21 05:15:00,26.916,,,,,
2583,05/03/21 05:30:00,26.818,,,,,
2584,05/03/21 05:45:00,26.842,,,,,
2585,05/03/21 06:00:00,26.867,,,,,
2586,05/03/21 06:15:00,26.940,,,,,
2587,05/03/21 06:30:00,26.891,,,,,
2588,05/03/21 06:45:00,26.720,,,,,
2589,05/03/21 07:00:00,26.769,,,,,
2590,05/03/21 07:15:00,26.744,,,,,
2591,05/03/21 07:30:00,26.573,,,,,
2592,05/03/21 07:45:00,26.573,,,,,
2593,05/03/21 08:00:00,26.720,,,,,
2594,05/03/21 08:15:00,26.891,,,,,
2595,05/03/21 08:30:00,27.038,,,,,
2596,05/03/21 08:45:00,27.087,,,,,
2597,05/03/21 09:00:00,27.087,,,,,
2598,05/03/21 09:15:00,27.112,,,,,
2599,05/03/21 09:30:00,27.063,,,,,
2600,05/03/21 09:45:00,27.112,,,,,
2601,05/03/21 10:00:00,27.136,,,,,
2602,05/03/21 10:15:00,27.136,,,,,
2603,05/03/21 10:30:00,27.136,,,,,
2604,05/03/21 10:45:00,27.112,,,,,
2605,05/03/21 11:00:00,27.063,,,,,
2606,05/03/21 11:15:00,27.112,,,,,
2607,05/03/21 11:30:00,27.087,,,,,
2608,05/03/21 11:45:00,27.112,,,,,
2609,05/03/21 12:00:00,27.087,,,,,
2610,05/03/21 12:15:00,27.161,,,,,
2611,05/03/21 12:30:00,27.136,,,,,
2612,05/03/21 12:45:00,27.186,,,,,
2613,05/03/21 13:00:00,27.186,,,,,
2614,05/03/21 13:15:00,27.038,,,,,
2615,05/03/21 13:30:00,26.965,,,,,
2616,05/03/21 13:45:00,26.989,,,,,
2617,05/03/21 14:00:00,27.038,,,,,
2618,05/03/21 14:15:00,27.038,,,,,
2619,05/03/21 14:30:00,27.038,,,,,
2620,05/03/21 14:45:00,27.112,,,,,
2621,05/03/21 15:00:00,27.186,,,,,
2622,05/03/21 15:15:00,27.087,,,,,
2623,05/03/21 15:30:00,27.136,,,,,
2624,05/03/21 15:45:00,26.891,,,,,
2625,05/03/21 16:00:00,27.087,,,,,
2626,05/03/21 16:15:00,27.112,,,,,
2627,05/03/21 16:30:00,27.161,,,,,
2628,05/03/21 16:45:00,27.186,,,,,
2629,05/03/21 17:00:00,27.210,,,,,
2630,05/03/21 17:15:00,27.112,,,,,
2631,05/03/21 17:30:00,27.186,,,,,
2632,05/03/21 17:45:00,27.186,,,,,
2633,05/03/21 18:00:00,27.210,,,,,
2634,05/03/21 18:15:00,27.210,,,,,
2635,05/03/21 18:30:00,27.210,,,,,
2636,05/03/21 18:45:00,27.210,,,,,
2637,05/03/21 19:00:00,27.210,,,,,
2638,05/03/21 19:15:00,27.210,,,,,
2639,05/03/21 19:30:00,27.210,,,,,
2640,05/03/21 19:45:00,27.210,,,,,
2641,05/03/21 20:00:00,27.210,,,,,
2642,05/03/21 20:15:00,27.210,,,,,
2643,05/03/21 20:30:00,27.210,,,,,
2644,05/03/21 20:45:00,27.235,,,,,
2645,05/03/21 21:00:00,27.235,,,,,
2646,05/03/21 21:15:00,27.235,,,,,
2647,05/03/21 21:30:00,27.235,,,,,
2648,05/03/21 21:45:00,27.210,,,,,
2649,05/03/21 22:00:00,27.063,,,,,
2650,05/03/21 22:15:00,26.965,,,,,
2651,05/03/21 22:30:00,27.063,,,,,
2652,05/03/21 22:45:00,27.014,,,,,
2653,05/03/21 23:00:00,27.014,,,,,
2654,05/03/21 23:15:00,27.014,,,,,
2655,05/03/21 23:30:00,27.038,,,,,
2656,05/03/21 23:45:00,27.038,,,,,
2657,05/04/21 00:00:00,27.063,,,,,
2658,05/04/21 00:15:00,27.063,,,,,
2659,05/04/21 00:30:00,27.087,,,,,
2660,05/04/21 00:45:00,27.063,,,,,
2661,05/04/21 01:00:00,27.087,,,,,
2662,05/04/21 01:15:00,27.038,,,,,
2663,05/04/21 01:30:00,27.038,,,,,
2664,05/04/21 01:45:00,27.136,,,,,
2665,05/04/21 02:00:00,27.087,,,,,
2666,05/04/21 02:15:00,27.063,,,,,
2667,05/04/21 02:30:00,27.087,,,,,
2668,05/04/21 02:45:00,27.112,,,,,
2669,05/04/21 03:00:00,27.038,,,,,
2670,05/04/21 03:15:00,27.014,,,,,
2671,05/04/21 03:30:00,27.186,,,,,
2672,05/04/21 03:45:00,26.940,,,,,
2673,05/04/21 04:00:00,26.891,,,,,
2674,05/04/21 04:15:00,26.646,,,,,
2675,05/04/21 04:30:00,26.891,,,,,
2676,05/04/21 04:45:00,27.038,,,,,
2677,05/04/21 05:00:00,27.063,,,,,
2678,05/04/21 05:15:00,26.916,,,,,
2679,05/04/21 05:30:00,26.940,,,,,
2680,05/04/21 05:45:00,26.965,,,,,
2681,05/04/21 06:00:00,27.014,,,,,
2682,05/04/21 06:15:00,26.989,,,,,
2683,05/04/21 06:30:00,26.891,,,,,
2684,05/04/21 06:45:00,26.818,,,,,
2685,05/04/21 07:00:00,26.867,,,,,
2686,05/04/21 07:15:00,26.891,,,,,
2687,05/04/21 07:30:00,26.916,,,,,
2688,05/04/21 07:45:00,26.891,,,,,
2689,05/04/21 08:00:00,26.965,,,,,
2690,05/04/21 08:15:00,26.989,,,,,
2691,05/04/21 08:30:00,26.891,,,,,
2692,05/04/21 08:45:00,26.965,,,,,
2693,05/04/21 09:00:00,26.867,,,,,
2694,05/04/21 09:15:00,26.818,,,,,
2695,05/04/21 09:30:00,26.769,,,,,
2696,05/04/21 09:45:00,26.842,,,,,
2697,05/04/21 10:00:00,26.891,,,,,
2698,05/04/21 10:15:00,26.867,,,,,
2699,05/04/21 10:30:00,26.842,,,,,
2700,05/04/21 10:45:00,26.842,,,,,
2701,05/04/21 11:00:00,26.842,,,,,
2702,05/04/21 11:15:00,26.842,,,,,
2703,05/04/21 11:30:00,26.842,,,,,
2704,05/04/21 11:45:00,26.842,,,,,
2705,05/04/21 12:00:00,26.842,,,,,
2706,05/04/21 12:15:00,26.842,,,,,
2707,05/04/21 12:30:00,26.842,,,,,
2708,05/04/21 12:45:00,26.867,,,,,
2709,05/04/21 13:00:00,26.842,,,,,
2710,05/04/21 13:15:00,26.842,,,,,
2711,05/04/21 13:30:00,26.842,,,,,
2712,05/04/21 13:45:00,26.818,,,,,
2713,05/04/21 14:00:00,26.842,,,,,
2714,05/04/21 14:15:00,26.818,,,,,
2715,05/04/21 14:30:00,26.818,,,,,
2716,05/04/21 14:45:00,26.842,,,,,
2717,05/04/21 15:00:00,26.842,,,,,
2718,05/04/21 15:15:00,26.695,,,,,
2719,05/04/21 15:30:00,26.646,,,,,
2720,05/04/21 15:45:00,26.695,,,,,
2721,05/04/21 16:00:00,26.818,,,,,
2722,05/04/21 16:15:00,26.842,,,,,
2723,05/04/21 16:30:00,26.891,,,,,
2724,05/04/21 16:45:00,26.916,,,,,
2725,05/04/21 17:00:00,26.940,,,,,
2726,05/04/21 17:15:00,26.940,,,,,
2727,05/04/21 17:30:00,26.940,,,,,
2728,05/04/21 17:45:00,26.769,,,,,
2729,05/04/21 18:00:00,26.793,,,,,
2730,05/04/21 18:15:00,26.744,,,,,
2731,05/04/21 18:30:00,26.695,,,,,
2732,05/04/21 18:45:00,26.671,,,,,
2733,05/04/21 19:00:00,26.720,,,,,
2734,05/04/21 19:15:00,26.695,,,,,
2735,05/04/21 19:30:00,26.671,,,,,
2736,05/04/21 19:45:00,26.793,,,,,
2737,05/04/21 20:00:00,26.818,,,,,
2738,05/04/21 20:15:00,26.940,,,,,
2739,05/04/21 20:30:00,26.916,,,,,
2740,05/04/21 20:45:00,26.916,,,,,
2741,05/04/21 21:00:00,26.916,,,,,
2742,05/04/21 21:15:00,26.989,,,,,
2743,05/04/21 21:30:00,27.014,,,,,
2744,05/04/21 21:45:00,26.989,,,,,
2745,05/04/21 22:00:00,26.965,,,,,
2746,05/04/21 22:15:00,26.965,,,,,
2747,05/04/21 22:30:00,26.671,,,,,
2748,05/04/21 22:45:00,26.622,,,,,
2749,05/04/21 23:00:00,26.598,,,,,
2750,05/04/21 23:15:00,26.671,,,,,
2751,05/04/21 23:30:00,26.793,,,,,
2752,05/04/21 23:45:00,27.014,,,,,
2753,05/05/21 00:00:00,26.940,,,,,
2754,05/05/21 00:15:00,26.867,,,,,
2755,05/05/21 00:30:00,26.793,,,,,
2756,05/05/21 00:45:00,26.891,,,,,
2757,05/05/21 01:00:00,27.014,,,,,
2758,05/05/21 01:15:00,27.136,,,,,
2759,05/05/21 01:30:00,26.989,,,,,
2760,05/05/21 01:45:00,26.940,,,,,
2761,05/05/21 02:00:00,26.793,,,,,
2762,05/05/21 02:15:00,26.867,,,,,
2763,05/05/21 02:30:00,26.744,,,,,
2764,05/05/21 02:45:00,26.646,,,,,
2765,05/05/21 03:00:00,26.646,,,,,
2766,05/05/21 03:15:00,26.842,,,,,
2767,05/05/21 03:30:00,26.916,,,,,
2768,05/05/21 03:45:00,26.671,,,,,
2769,05/05/21 04:00:00,26.646,,,,,
2770,05/05/21 04:15:00,26.940,,,,,
2771,05/05/21 04:30:00,26.891,,,,,
2772,05/05/21 04:45:00,26.965,,,,,
2773,05/05/21 05:00:00,27.014,,,,,
2774,05/05/21 05:15:00,27.014,,,,,
2775,05/05/21 05:30:00,26.989,,,,,
2776,05/05/21 05:45:00,27.014,,,,,
2777,05/05/21 06:00:00,27.014,,,,,
2778,05/05/21 06:15:00,27.038,,,,,
2779,05/05/21 06:30:00,26.989,,,,,
2780,05/05/21 06:45:00,26.989,,,,,
2781,05/05/21 07:00:00,26.769,,,,,
2782,05/05/21 07:15:00,26.695,,,,,
2783,05/05/21 07:30:00,26.695,,,,,
2784,05/05/21 07:45:00,26.671,,,,,
2785,05/05/21 08:00:00,26.695,,,,,
2786,05/05/21 08:15:00,26.695,,,,,
2787,05/05/21 08:30:00,26.720,,,,,
2788,05/05/21 08:45:00,26.744,,,,,
2789,05/05/21 09:00:00,26.916,,,,,
2790,05/05/21 09:15:00,26.940,,,,,
2791,05/05/21 09:30:00,27.014,,,,,
2792,05/05/21 09:45:00,27.063,,,,,
2793,05/05/21 10:00:00,27.063,,,,,
2794,05/05/21 10:15:00,27.136,,,,,
2795,05/05/21 10:30:00,27.161,,,,,
2796,05/05/21 10:45:00,27.161,,,,,
2797,05/05/21 11:00:00,27.186,,,,,
2798,05/05/21 11:15:00,27.210,,,,,
2799,05/05/21 11:30:00,27.235,,,,,
2800,05/05/21 11:45:00,27.235,,,,,
2801,05/05/21 12:00:00,27.284,,,,,
2802,05/05/21 12:15:00,27.259,,,,,
2803,05/05/21 12:30:00,27.259,,,,,
2804,05/05/21 12:45:00,27.284,,,,,
2805,05/05/21 13:00:00,27.284,,,,,
2806,05/05/21 13:15:00,27.308,,,,,
2807,05/05/21 13:30:00,27.308,,,,,
2808,05/05/21 13:45:00,27.308,,,,,
2809,05/05/21 14:00:00,27.333,,,,,
2810,05/05/21 14:15:00,27.333,,,,,
2811,05/05/21 14:30:00,27.333,,,,,
2812,05/05/21 14:45:00,27.382,,,,,
2813,05/05/21 15:00:00,27.382,,,,,
2814,05/05/21 15:15:00,27.407,,,,,
2815,05/05/21 15:30:00,27.382,,,,,
2816,05/05/21 15:45:00,27.382,,,,,
2817,05/05/21 16:00:00,27.431,,,,,
2818,05/05/21 16:15:00,27.259,,,,,
2819,05/05/21 16:30:00,27.358,,,,,
2820,05/05/21 16:45:00,27.382,,,,,
2821,05/05/21 17:00:00,27.333,,,,,
2822,05/05/21 17:15:00,27.333,,,,,
2823,05/05/21 17:30:00,27.333,,,,,
2824,05/05/21 17:45:00,27.284,,,,,
2825,05/05/21 18:00:00,27.308,,,,,
2826,05/05/21 18:15:00,27.333,,,,,
2827,05/05/21 18:30:00,27.333,,,,,
2828,05/05/21 18:45:00,27.358,,,,,
2829,05/05/21 19:00:00,27.259,,,,,
2830,05/05/21 19:15:00,27.259,,,,,
2831,05/05/21 19:30:00,27.358,,,,,
2832,05/05/21 19:45:00,27.333,,,,,
2833,05/05/21 20:00:00,27.308,,,,,
2834,05/05/21 20:15:00,27.259,,,,,
2835,05/05/21 20:30:00,27.284,,,,,
2836,05/05/21 20:45:00,27.210,,,,,
2837,05/05/21 21:00:00,27.136,,,,,
2838,05/05/21 21:15:00,27.186,,,,,
2839,05/05/21 21:30:00,27.210,,,,,
2840,05/05/21 21:45:00,27.210,,,,,
2841,05/05/21 22:00:00,27.333,,,,,
2842,05/05/21 22:15:00,27.210,,,,,
2843,05/05/21 22:30:00,27.333,,,,,
2844,05/05/21 22:45:00,27.333,,,,,
2845,05/05/21 23:00:00,27.358,,,,,
2846,05/05/21 23:15:00,27.407,,,,,
2847,05/05/21 23:30:00,27.456,,,,,
2848,05/05/21 23:45:00,27.481,,,,,
2849,05/06/21 00:00:00,27.431,,,,,
2850,05/06/21 00:15:00,27.382,,,,,
2851,05/06/21 00:30:00,27.333,,,,,
2852,05/06/21 00:45:00,27.333,,,,,
2853,05/06/21 01:00:00,27.308,,,,,
2854,05/06/21 01:15:00,27.308,,,,,
2855,05/06/21 01:30:00,27.308,,,,,
2856,05/06/21 01:45:00,27.284,,,,,
2857,05/06/21 02:00:00,27.235,,,,,
2858,05/06/21 02:15:00,27.284,,,,,
2859,05/06/21 02:30:00,27.235,,,,,
2860,05/06/21 02:45:00,27.087,,,,,
2861,05/06/21 03:00:00,27.161,,,,,
2862,05/06/21 03:15:00,26.622,,,,,
2863,05/06/21 03:30:00,26.573,,,,,
2864,05/06/21 03:45:00,26.695,,,,,
2865,05/06/21 04:00:00,26.989,,,,,
2866,05/06/21 04:15:00,26.940,,,,,
2867,05/06/21 04:30:00,26.622,,,,,
2868,05/06/21 04:45:00,26.622,,,,,
2869,05/06/21 05:00:00,26.622,,,,,
2870,05/06/21 05:15:00,26.598,,,,,
2871,05/06/21 05:30:00,26.573,,,,,
2872,05/06/21 05:45:00,26.549,,,,,
2873,05/06/21 06:00:00,26.598,,,,,
2874,05/06/21 06:15:00,26.573,,,,,
2875,05/06/21 06:30:00,26.573,,,,,
2876,05/06/21 06:45:00,26.524,,,,,
2877,05/06/21 07:00:00,26.500,,,,,
2878,05/06/21 07:15:00,26.573,,,,,
2879,05/06/21 07:30:00,26.549,,,,,
2880,05/06/21 07:45:00,26.891,,,,,
2881,05/06/21 08:00:00,27.038,,,,,
2882,05/06/21 08:15:00,26.744,,,,,
2883,05/06/21 08:30:00,27.087,,,,,
2884,05/06/21 08:45:00,27.112,,,,,
2885,05/06/21 09:00:00,27.112,,,,,
2886,05/06/21 09:15:00,27.136,,,,,
2887,05/06/21 09:30:00,27.112,,,,,
2888,05/06/21 09:45:00,27.136,,,,,
2889,05/06/21 10:00:00,27.186,,,,,
2890,05/06/21 10:15:00,27.186,,,,,
2891,05/06/21 10:30:00,27.210,,,,,
2892,05/06/21 10:45:00,27.210,,,,,
2893,05/06/21 11:00:00,27.186,,,,,
2894,05/06/21 11:15:00,27.186,,,,,
2895,05/06/21 11:30:00,27.186,,,,,
2896,05/06/21 11:45:00,27.186,,,,,
2897,05/06/21 12:00:00,27.186,,,,,
2898,05/06/21 12:15:00,27.210,,,,,
2899,05/06/21 12:30:00,27.210,,,,,
2900,05/06/21 12:45:00,27.210,,,,,
2901,05/06/21 13:00:00,27.186,,,,,
2902,05/06/21 13:15:00,27.112,,,,,
2903,05/06/21 13:30:00,26.769,,,,,
2904,05/06/21 13:45:00,26.818,,,,,
2905,05/06/21 14:00:00,26.867,,,,,
2906,05/06/21 14:15:00,26.916,,,,,
2907,05/06/21 14:30:00,26.940,,,,,
2908,05/06/21 14:45:00,26.965,,,,,
2909,05/06/21 15:00:00,26.965,,,,,
2910,05/06/21 15:15:00,26.989,,,,,
2911,05/06/21 15:30:00,27.038,,,,,
2912,05/06/21 15:45:00,27.038,,,,,
2913,05/06/21 16:00:00,27.038,,,,,
2914,05/06/21 16:15:00,26.989,,,,,
2915,05/06/21 16:30:00,26.818,,,,,
2916,05/06/21 16:45:00,26.891,,,,,
2917,05/06/21 17:00:00,26.965,,,,,
2918,05/06/21 17:15:00,27.014,,,,,
2919,05/06/21 17:30:00,27.063,,,,,
2920,05/06/21 17:45:00,27.014,,,,,
2921,05/06/21 18:00:00,26.842,,,,,
2922,05/06/21 18:15:00,26.793,,,,,
2923,05/06/21 18:30:00,26.793,,,,,
2924,05/06/21 18:45:00,26.769,,,,,
2925,05/06/21 19:00:00,26.695,,,,,
2926,05/06/21 19:15:00,26.793,,,,,
2927,05/06/21 19:30:00,26.965,,,,,
2928,05/06/21 19:45:00,26.940,,,,,
2929,05/06/21 20:00:00,26.769,,,,,
2930,05/06/21 20:15:00,26.671,,,,,
2931,05/06/21 20:30:00,26.793,,,,,
2932,05/06/21 20:45:00,27.014,,,,,
2933,05/06/21 21:00:00,27.087,,,,,
2934,05/06/21 21:15:00,27.063,,,,,
2935,05/06/21 21:30:00,27.063,,,,,
2936,05/06/21 21:45:00,27.112,,,,,
2937,05/06/21 22:00:00,26.916,,,,,
2938,05/06/21 22:15:00,26.867,,,,,
2939,05/06/21 22:30:00,26.818,,,,,
2940,05/06/21 22:45:00,26.793,,,,,
2941,05/06/21 23:00:00,26.818,,,,,
2942,05/06/21 23:15:00,26.891,,,,,
2943,05/06/21 23:30:00,26.891,,,,,
2944,05/06/21 23:45:00,26.867,,,,,
2945,05/07/21 00:00:00,27.014,,,,,
2946,05/07/21 00:15:00,27.161,,,,,
2947,05/07/21 00:30:00,27.161,,,,,
2948,05/07/21 00:45:00,27.186,,,,,
2949,05/07/21 01:00:00,27.235,,,,,
2950,05/07/21 01:15:00,27.259,,,,,
2951,05/07/21 01:30:00,27.235,,,,,
2952,05/07/21 01:45:00,26.793,,,,,
2953,05/07/21 02:00:00,26.598,,,,,
2954,05/07/21 02:15:00,26.646,,,,,
2955,05/07/21 02:30:00,27.235,,,,,
2956,05/07/21 02:45:00,27.161,,,,,
2957,05/07/21 03:00:00,27.235,,,,,
2958,05/07/21 03:15:00,27.284,,,,,
2959,05/07/21 03:30:00,27.136,,,,,
2960,05/07/21 03:45:00,27.063,,,,,
2961,05/07/21 04:00:00,27.210,,,,,
2962,05/07/21 04:15:00,27.186,,,,,
2963,05/07/21 04:30:00,27.014,,,,,
2964,05/07/21 04:45:00,26.940,,,,,
2965,05/07/21 05:00:00,27.087,,,,,
2966,05/07/21 05:15:00,27.136,,,,,
2967,05/07/21 05:30:00,27.136,,,,,
2968,05/07/21 05:45:00,27.161,,,,,
2969,05/07/21 06:00:00,27.161,,,,,
2970,05/07/21 06:15:00,27.186,,,,,
2971,05/07/21 06:30:00,27.186,,,,,
2972,05/07/21 06:45:00,27.210,,,,,
2973,05/07/21 07:00:00,27.210,,,,,
2974,05/07/21 07:15:00,27.087,,,,,
2975,05/07/21 07:30:00,27.136,,,,,
2976,05/07/21 07:45:00,27.161,,,,,
2977,05/07/21 08:00:00,27.210,,,,,
2978,05/07/21 08:15:00,27.136,,,,,
2979,05/07/21 08:30:00,27.136,,,,,
2980,05/07/21 08:45:00,27.136,,,,,
2981,05/07/21 09:00:00,27.112,,,,,
2982,05/07/21 09:15:00,27.136,,,,,
2983,05/07/21 09:30:00,27.161,,,,,
2984,05/07/21 09:45:00,27.186,,,,,
2985,05/07/21 10:00:00,27.161,,,,,
2986,05/07/21 10:15:00,27.186,,,,,
2987,05/07/21 10:30:00,27.186,,,,,
2988,05/07/21 10:45:00,27.112,,,,,
2989,05/07/21 11:00:00,27.210,,,,,
2990,05/07/21 11:15:00,27.235,,,,,
2991,05/07/21 11:30:00,27.235,,,,,
2992,05/07/21 11:45:00,27.235,,,,,
2993,05/07/21 12:00:00,27.259,,,,,
2994,05/07/21 12:15:00,27.259,,,,,
2995,05/07/21 12:30:00,27.259,,,,,
2996,05/07/21 12:45:00,27.259,,,,,
2997,05/07/21 13:00:00,27.259,,,,,
2998,05/07/21 13:15:00,27.259,,,,,
2999,05/07/21 13:30:00,27.259,,,,,
3000,05/07/21 13:45:00,27.259,,,,,
3001,05/07/21 14:00:00,27.259,,,,,
3002,05/07/21 14:15:00,27.284,,,,,
3003,05/07/21 14:30:00,27.284,,,,,
3004,05/07/21 14:45:00,27.259,,,,,
3005,05/07/21 15:00:00,27.259,,,,,
3006,05/07/21 15:15:00,27.284,,,,,
3007,05/07/21 15:30:00,27.308,,,,,
3008,05/07/21 15:45:00,27.333,,,,,
3009,05/07/21 16:00:00,27.333,,,,,
3010,05/07/21 16:15:00,27.308,,,,,
3011,05/07/21 16:30:00,27.087,,,,,
3012,05/07/21 16:45:00,26.989,,,,,
3013,05/07/21 17:00:00,26.940,,,,,
3014,05/07/21 17:15:00,27.038,,,,,
3015,05/07/21 17:30:00,26.867,,,,,
3016,05/07/21 17:45:00,26.842,,,,,
3017,05/07/21 18:00:00,26.842,,,,,
3018,05/07/21 18:15:00,26.818,,,,,
3019,05/07/21 18:30:00,26.842,,,,,
3020,05/07/21 18:45:00,26.842,,,,,
3021,05/07/21 19:00:00,26.818,,,,,
3022,05/07/21 19:15:00,26.891,,,,,
3023,05/07/21 19:30:00,26.891,,,,,
3024,05/07/21 19:45:00,26.989,,,,,
3025,05/07/21 20:00:00,26.916,,,,,
3026,05/07/21 20:15:00,26.744,,,,,
3027,05/07/21 20:30:00,26.842,,,,,
3028,05/07/21 20:45:00,26.940,,,,,
3029,05/07/21 21:00:00,26.989,,,,,
3030,05/07/21 21:15:00,27.038,,,,,
3031,05/07/21 21:30:00,27.087,,,,,
3032,05/07/21 21:45:00,26.916,,,,,
3033,05/07/21 22:00:00,27.161,,,,,
3034,05/07/21 22:15:00,26.940,,,,,
3035,05/07/21 22:30:00,26.916,,,,,
3036,05/07/21 22:45:00,26.965,,,,,
3037,05/07/21 23:00:00,26.891,,,,,
3038,05/07/21 23:15:00,26.818,,,,,
3039,05/07/21 23:30:00,26.842,,,,,
3040,05/07/21 23:45:00,26.867,,,,,
3041,05/08/21 00:00:00,26.891,,,,,
3042,05/08/21 00:15:00,26.891,,,,,
3043,05/08/21 00:30:00,26.940,,,,,
3044,05/08/21 00:45:00,26.965,,,,,
3045,05/08/21 01:00:00,26.965,,,,,
3046,05/08/21 01:15:00,27.038,,,,,
3047,05/08/21 01:30:00,26.818,,,,,
3048,05/08/21 01:45:00,26.744,,,,,
3049,05/08/21 02:00:00,26.720,,,,,
3050,05/08/21 02:15:00,26.818,,,,,
3051,05/08/21 02:30:00,26.793,,,,,
3052,05/08/21 02:45:00,26.891,,,,,
3053,05/08/21 03:00:00,26.989,,,,,
3054,05/08/21 03:15:00,26.989,,,,,
3055,05/08/21 03:30:00,26.867,,,,,
3056,05/08/21 03:45:00,26.891,,,,,
3057,05/08/21 04:00:00,27.038,,,,,
3058,05/08/21 04:15:00,26.965,,,,,
3059,05/08/21 04:30:00,26.891,,,,,
3060,05/08/21 04:45:00,26.940,,,,,
3061,05/08/21 05:00:00,26.989,,,,,
3062,05/08/21 05:15:00,26.916,,,,,
3063,05/08/21 05:30:00,26.916,,,,,
3064,05/08/21 05:45:00,26.891,,,,,
3065,05/08/21 06:00:00,26.965,,,,,
3066,05/08/21 06:15:00,26.916,,,,,
3067,05/08/21 06:30:00,26.867,,,,,
3068,05/08/21 06:45:00,26.818,,,,,
3069,05/08/21 07:00:00,26.744,,,,,
3070,05/08/21 07:15:00,26.793,,,,,
3071,05/08/21 07:30:00,26.744,,,,,
3072,05/08/21 07:45:00,26.793,,,,,
3073,05/08/21 08:00:00,26.744,,,,,
3074,05/08/21 08:15:00,26.671,,,,,
3075,05/08/21 08:30:00,26.671,,,,,
3076,05/08/21 08:45:00,26.622,,,,,
3077,05/08/21 09:00:00,26.720,,,,,
3078,05/08/21 09:15:00,26.720,,,,,
3079,05/08/21 09:30:00,26.744,,,,,
3080,05/08/21 09:45:00,26.744,,,,,
3081,05/08/21 10:00:00,26.842,,,,,
3082,05/08/21 10:15:00,26.818,,,,,
3083,05/08/21 10:30:00,26.940,,,,,
3084,05/08/21 10:45:00,26.818,,,,,
3085,05/08/21 11:00:00,26.818,,,,,
3086,05/08/21 11:15:00,26.891,,,,,
3087,05/08/21 11:30:00,26.842,,,,,
3088,05/08/21 11:45:00,26.867,,,,,
3089,05/08/21 12:00:00,26.818,,,,,
3090,05/08/21 12:15:00,26.695,,,,,
3091,05/08/21 12:30:00,26.646,,,,,
3092,05/08/21 12:45:00,26.744,,,,,
3093,05/08/21 13:00:00,26.818,,,,,
3094,05/08/21 13:15:00,26.916,,,,,
3095,05/08/21 13:30:00,26.916,,,,,
3096,05/08/21 13:45:00,27.038,,,,,
3097,05/08/21 14:00:00,27.038,,,,,
3098,05/08/21 14:15:00,27.112,,,,,
3099,05/08/21 14:30:00,27.161,,,,,
3100,05/08/21 14:45:00,27.235,,,,,
3101,05/08/21 15:00:00,27.259,,,,,
3102,05/08/21 15:15:00,27.284,,,,,
3103,05/08/21 15:30:00,27.308,,,,,
3104,05/08/21 15:45:00,27.333,,,,,
3105,05/08/21 16:00:00,27.358,,,,,
3106,05/08/21 16:15:00,27.382,,,,,
3107,05/08/21 16:30:00,27.382,,,,,
3108,05/08/21 16:45:00,27.382,,,,,
3109,05/08/21 17:00:00,27.382,,,,,
3110,05/08/21 17:15:00,27.186,,,,,
3111,05/08/21 17:30:00,27.308,,,,,
3112,05/08/21 17:45:00,27.382,,,,,
3113,05/08/21 18:00:00,27.407,,,,,
3114,05/08/21 18:15:00,27.407,,,,,
3115,05/08/21 18:30:00,27.382,,,,,
3116,05/08/21 18:45:00,27.382,,,,,
3117,05/08/21 19:00:00,27.358,,,,,
3118,05/08/21 19:15:00,26.891,,,,,
3119,05/08/21 19:30:00,26.793,,,,,
3120,05/08/21 19:45:00,27.038,,,,,
3121,05/08/21 20:00:00,27.112,,,,,
3122,05/08/21 20:15:00,27.186,,,,,
3123,05/08/21 20:30:00,27.136,,,,,
3124,05/08/21 20:45:00,26.891,,,,,
3125,05/08/21 21:00:00,26.842,,,,,
3126,05/08/21 21:15:00,26.818,,,,,
3127,05/08/21 21:30:00,26.867,,,,,
3128,05/08/21 21:45:00,27.014,,,,,
3129,05/08/21 22:00:00,27.063,,,,,
3130,05/08/21 22:15:00,27.038,,,,,
3131,05/08/21 22:30:00,27.087,,,,,
3132,05/08/21 22:45:00,26.916,,,,,
3133,05/08/21 23:00:00,26.989,,,,,
3134,05/08/21 23:15:00,26.867,,,,,
3135,05/08/21 23:30:00,26.842,,,,,
3136,05/08/21 23:45:00,26.818,,,,,
3137,05/09/21 00:00:00,26.500,,,,,
3138,05/09/21 00:15:00,26.549,,,,,
3139,05/09/21 00:30:00,26.500,,,,,
3140,05/09/21 00:45:00,26.426,,,,,
3141,05/09/21 01:00:00,26.549,,,,,
3142,05/09/21 01:15:00,26.793,,,,,
3143,05/09/21 01:30:00,26.867,,,,,
3144,05/09/21 01:45:00,26.989,,,,,
3145,05/09/21 02:00:00,26.989,,,,,
3146,05/09/21 02:15:00,27.136,,,,,
3147,05/09/21 02:30:00,27.210,,,,,
3148,05/09/21 02:45:00,27.235,,,,,
3149,05/09/21 03:00:00,27.259,,,,,
3150,05/09/21 03:15:00,27.308,,,,,
3151,05/09/21 03:30:00,27.112,,,,,
3152,05/09/21 03:45:00,27.161,,,,,
3153,05/09/21 04:00:00,27.259,,,,,
3154,05/09/21 04:15:00,27.333,,,,,
3155,05/09/21 04:30:00,27.333,,,,,
3156,05/09/21 04:45:00,27.333,,,,,
3157,05/09/21 05:00:00,27.333,,,,,
3158,05/09/21 05:15:00,27.333,,,,,
3159,05/09/21 05:30:00,27.308,,,,,
3160,05/09/21 05:45:00,27.308,,,,,
3161,05/09/21 06:00:00,27.308,,,,,
3162,05/09/21 06:15:00,27.284,,,,,
3163,05/09/21 06:30:00,27.235,,,,,
3164,05/09/21 06:45:00,27.284,,,,,
3165,05/09/21 07:00:00,27.259,,,,,
3166,05/09/21 07:15:00,27.235,,,,,
3167,05/09/21 07:30:00,27.235,,,,,
3168,05/09/21 07:45:00,27.186,,,,,
3169,05/09/21 08:00:00,27.186,,,,,
3170,05/09/21 08:15:00,27.186,,,,,
3171,05/09/21 08:30:00,27.186,,,,,
3172,05/09/21 08:45:00,27.112,,,,,
3173,05/09/21 09:00:00,27.014,,,,,
3174,05/09/21 09:15:00,27.161,,,,,
3175,05/09/21 09:30:00,27.161,,,,,
3176,05/09/21 09:45:00,27.112,,,,,
3177,05/09/21 10:00:00,27.161,,,,,
3178,05/09/21 10:15:00,27.161,,,,,
3179,05/09/21 10:30:00,26.598,,,,,
3180,05/09/21 10:45:00,26.598,,,,,
3181,05/09/21 11:00:00,26.818,,,,,
3182,05/09/21 11:15:00,26.793,,,,,
3183,05/09/21 11:30:00,26.573,,,,,
3184,05/09/21 11:45:00,26.622,,,,,
3185,05/09/21 12:00:00,26.695,,,,,
3186,05/09/21 12:15:00,26.549,,,,,
3187,05/09/21 12:30:00,26.549,,,,,
3188,05/09/21 12:45:00,26.842,,,,,
3189,05/09/21 13:00:00,27.014,,,,,
3190,05/09/21 13:15:00,26.695,,,,,
3191,05/09/21 13:30:00,27.087,,,,,
3192,05/09/21 13:45:00,27.161,,,,,
3193,05/09/21 14:00:00,27.161,,,,,
3194,05/09/21 14:15:00,26.695,,,,,
3195,05/09/21 14:30:00,26.744,,,,,
3196,05/09/21 14:45:00,26.646,,,,,
3197,05/09/21 15:00:00,26.646,,,,,
3198,05/09/21 15:15:00,26.695,,,,,
3199,05/09/21 15:30:00,26.989,,,,,
3200,05/09/21 15:45:00,27.038,,,,,
3201,05/09/21 16:00:00,27.284,,,,,
3202,05/09/21 16:15:00,27.308,,,,,
3203,05/09/21 16:30:00,27.333,,,,,
3204,05/09/21 16:45:00,27.284,,,,,
3205,05/09/21 17:00:00,27.308,,,,,
3206,05/09/21 17:15:00,27.284,,,,,
3207,05/09/21 17:30:00,27.284,,,,,
3208,05/09/21 17:45:00,27.087,,,,,
3209,05/09/21 18:00:00,27.284,,,,,
3210,05/09/21 18:15:00,26.891,,,,,
3211,05/09/21 18:30:00,26.842,,,,,
3212,05/09/21 18:45:00,26.769,,,,,
3213,05/09/21 19:00:00,26.769,,,,,
3214,05/09/21 19:15:00,26.769,,,,,
3215,05/09/21 19:30:00,26.769,,,,,
3216,05/09/21 19:45:00,26.793,,,,,
3217,05/09/21 20:00:00,26.793,,,,,
3218,05/09/21 20:15:00,26.695,,,,,
3219,05/09/21 20:30:00,26.720,,,,,
3220,05/09/21 20:45:00,26.720,,,,,
3221,05/09/21 21:00:00,26.720,,,,,
3222,05/09/21 21:15:00,26.744,,,,,
3223,05/09/21 21:30:00,26.573,,,,,
3224,05/09/21 21:45:00,26.598,,,,,
3225,05/09/21 22:00:00,26.622,,,,,
3226,05/09/21 22:15:00,26.426,,,,,
3227,05/09/21 22:30:00,26.353,,,,,
3228,05/09/21 22:45:00,26.402,,,,,
3229,05/09/21 23:00:00,26.451,,,,,
3230,05/09/21 23:15:00,26.378,,,,,
3231,05/09/21 23:30:00,26.402,,,,,
3232,05/09/21 23:45:00,26.475,,,,,
3233,05/10/21 00:00:00,26.744,,,,,
3234,05/10/21 00:15:00,26.695,,,,,
3235,05/10/21 00:30:00,26.793,,,,,
3236,05/10/21 00:45:00,26.475,,,,,
3237,05/10/21 01:00:00,26.500,,,,,
3238,05/10/21 01:15:00,26.549,,,,,
3239,05/10/21 01:30:00,26.378,,,,,
3240,05/10/21 01:45:00,26.353,,,,,
3241,05/10/21 02:00:00,26.402,,,,,
3242,05/10/21 02:15:00,26.402,,,,,
3243,05/10/21 02:30:00,26.451,,,,,
3244,05/10/21 02:45:00,26.573,,,,,
3245,05/10/21 03:00:00,26.720,,,,,
3246,05/10/21 03:15:00,26.720,,,,,
3247,05/10/21 03:30:00,26.720,,,,,
3248,05/10/21 03:45:00,26.818,,,,,
3249,05/10/21 04:00:00,26.769,,,,,
3250,05/10/21 04:15:00,26.793,,,,,
3251,05/10/21 04:30:00,26.793,,,,,
3252,05/10/21 04:45:00,26.769,,,,,
3253,05/10/21 05:00:00,26.769,,,,,
3254,05/10/21 05:15:00,26.818,,,,,
3255,05/10/21 05:30:00,26.965,,,,,
3256,05/10/21 05:45:00,26.916,,,,,
3257,05/10/21 06:00:00,26.891,,,,,
3258,05/10/21 06:15:00,26.744,,,,,
3259,05/10/21 06:30:00,26.793,,,,,
3260,05/10/21 06:45:00,26.793,,,,,
3261,05/10/21 07:00:00,26.891,,,,,
3262,05/10/21 07:15:00,26.891,,,,,
3263,05/10/21 07:30:00,26.940,,,,,
3264,05/10/21 07:45:00,26.989,,,,,
3265,05/10/21 08:00:00,26.891,,,,,
3266,05/10/21 08:15:00,26.842,,,,,
3267,05/10/21 08:30:00,26.867,,,,,
3268,05/10/21 08:45:00,26.891,,,,,
3269,05/10/21 09:00:00,26.744,,,,,
3270,05/10/21 09:15:00,26.671,,,,,
3271,05/10/21 09:30:00,26.671,,,,,
3272,05/10/21 09:45:00,26.695,,,,,
3273,05/10/21 10:00:00,26.671,,,,,
3274,05/10/21 10:15:00,26.598,,,,,
3275,05/10/21 10:30:00,26.524,,,,,
3276,05/10/21 10:45:00,26.451,,,,,
3277,05/10/21 11:00:00,26.573,,,,,
3278,05/10/21 11:15:00,26.573,,,,,
3279,05/10/21 11:30:00,26.475,,,,,
3280,05/10/21 11:45:00,26.475,,,,,
3281,05/10/21 12:00:00,26.426,,,,,
3282,05/10/21 12:15:00,26.524,,,,,
3283,05/10/21 12:30:00,26.524,,,,,
3284,05/10/21 12:45:00,26.598,,,,,
3285,05/10/21 13:00:00,26.646,,,,,
3286,05/10/21 13:15:00,26.646,,,,,
3287,05/10/21 13:30:00,26.671,,,,,
3288,05/10/21 13:45:00,26.695,,,,,
3289,05/10/21 14:00:00,26.720,,,,,
3290,05/10/21 14:15:00,26.965,,,,,
3291,05/10/21 14:30:00,27.014,,,,,
3292,05/10/21 14:45:00,27.038,,,,,
3293,05/10/21 15:00:00,27.038,,,,,
3294,05/10/21 15:15:00,27.063,,,,,
3295,05/10/21 15:30:00,27.087,,,,,
3296,05/10/21 15:45:00,27.038,,,,,
3297,05/10/21 16:00:00,27.014,,,,,
3298,05/10/21 16:15:00,26.940,,,,,
3299,05/10/21 16:30:00,26.989,,,,,
3300,05/10/21 16:45:00,27.112,,,,,
3301,05/10/21 17:00:00,27.136,,,,,
3302,05/10/21 17:15:00,27.210,,,,,
3303,05/10/21 17:30:00,27.284,,,,,
3304,05/10/21 17:45:00,27.358,,,,,
3305,05/10/21 18:00:00,27.407,,,,,
3306,05/10/21 18:15:00,27.407,,,,,
3307,05/10/21 18:30:00,27.431,,,,,
3308,05/10/21 18:45:00,27.505,,,,,
3309,05/10/21 19:00:00,27.554,,,,,
3310,05/10/21 19:15:00,27.579,,,,,
3311,05/10/21 19:30:00,27.554,,,,,
3312,05/10/21 19:45:00,27.530,,,,,
3313,05/10/21 20:00:00,27.530,,,,,
3314,05/10/21 20:15:00,27.358,,,,,
3315,05/10/21 20:30:00,27.038,,,,,
3316,05/10/21 20:45:00,27.382,,,,,
3317,05/10/21 21:00:00,26.891,,,,,
3318,05/10/21 21:15:00,26.965,,,,,
3319,05/10/21 21:30:00,27.063,,,,,
3320,05/10/21 21:45:00,27.136,,,,,
3321,05/10/21 22:00:00,27.087,,,,,
3322,05/10/21 22:15:00,27.038,,,,,
3323,05/10/21 22:30:00,27.014,,,,,
3324,05/10/21 22:45:00,26.891,,,,,
3325,05/10/21 23:00:00,26.818,,,,,
3326,05/10/21 23:15:00,26.744,,,,,
3327,05/10/21 23:30:00,26.769,,,,,
3328,05/10/21 23:45:00,26.720,,,,,
3329,05/11/21 00:00:00,26.818,,,,,
3330,05/11/21 00:15:00,26.769,,,,,
3331,05/11/21 00:30:00,26.744,,,,,
3332,05/11/21 00:45:00,26.744,,,,,
3333,05/11/21 01:00:00,26.842,,,,,
3334,05/11/21 01:15:00,26.793,,,,,
3335,05/11/21 01:30:00,26.793,,,,,
3336,05/11/21 01:45:00,26.793,,,,,
3337,05/11/21 02:00:00,26.965,,,,,
3338,05/11/21 02:15:00,26.916,,,,,
3339,05/11/21 02:30:00,26.916,,,,,
3340,05/11/21 02:45:00,26.818,,,,,
3341,05/11/21 03:00:00,26.818,,,,,
3342,05/11/21 03:15:00,27.038,,,,,
3343,05/11/21 03:30:00,26.965,,,,,
3344,05/11/21 03:45:00,26.842,,,,,
3345,05/11/21 04:00:00,26.818,,,,,
3346,05/11/21 04:15:00,26.793,,,,,
3347,05/11/21 04:30:00,26.940,,,,,
3348,05/11/21 04:45:00,27.014,,,,,
3349,05/11/21 05:00:00,26.989,,,,,
3350,05/11/21 05:15:00,27.014,,,,,
3351,05/11/21 05:30:00,27.014,,,,,
3352,05/11/21 05:45:00,27.063,,,,,
3353,05/11/21 06:00:00,27.186,,,,,
3354,05/11/21 06:15:00,27.259,,,,,
3355,05/11/21 06:30:00,27.308,,,,,
3356,05/11/21 06:45:00,27.308,,,,,
3357,05/11/21 07:00:00,27.308,,,,,
3358,05/11/21 07:15:00,27.308,,,,,
3359,05/11/21 07:30:00,27.333,,,,,
3360,05/11/21 07:45:00,27.333,,,,,
3361,05/11/21 08:00:00,27.284,,,,,
3362,05/11/21 08:15:00,27.235,,,,,
3363,05/11/21 08:30:00,27.235,,,,,
3364,05/11/21 08:45:00,27.087,,,,,
3365,05/11/21 09:00:00,27.161,,,,,
3366,05/11/21 09:15:00,27.210,,,,,
3367,05/11/21 09:30:00,26.965,,,,,
3368,05/11/21 09:45:00,27.161,,,,,
3369,05/11/21 10:00:00,27.259,,,,,
3370,05/11/21 10:15:00,27.259,,,,,
3371,05/11/21 10:30:00,27.284,,,,,
3372,05/11/21 10:45:00,27.063,,,,,
3373,05/11/21 11:00:00,27.063,,,,,
3374,05/11/21 11:15:00,27.014,,,,,
3375,05/11/21 11:30:00,26.842,,,,,
3376,05/11/21 11:45:00,26.818,,,,,
3377,05/11/21 12:00:00,26.744,,,,,
3378,05/11/21 12:15:00,26.769,,,,,
3379,05/11/21 12:30:00,26.695,,,,,
3380,05/11/21 12:45:00,26.671,,,,,
3381,05/11/21 13:00:00,26.646,,,,,
3382,05/11/21 13:15:00,26.475,,,,,
3383,05/11/21 13:30:00,26.451,,,,,
3384,05/11/21 13:45:00,26.646,,,,,
3385,05/11/21 14:00:00,26.671,,,,,
3386,05/11/21 14:15:00,26.646,,,,,
3387,05/11/21 14:30:00,26.695,,,,,
3388,05/11/21 14:45:00,26.891,,,,,
3389,05/11/21 15:00:00,26.916,,,,,
3390,05/11/21 15:15:00,26.891,,,,,
3391,05/11/21 15:30:00,26.867,,,,,
3392,05/11/21 15:45:00,26.916,,,,,
3393,05/11/21 16:00:00,27.259,,,,,
3394,05/11/21 16:15:00,27.284,,,,,
3395,05/11/21 16:30:00,27.235,,,,,
3396,05/11/21 16:45:00,27.308,,,,,
3397,05/11/21 17:00:00,27.284,,,,,
3398,05/11/21 17:15:00,27.284,,,,,
3399,05/11/21 17:30:00,27.308,,,,,
3400,05/11/21 17:45:00,27.284,,,,,
3401,05/11/21 18:00:00,27.308,,,,,
3402,05/11/21 18:15:00,27.333,,,,,
3403,05/11/21 18:30:00,27.358,,,,,
3404,05/11/21 18:45:00,27.284,,,,,
3405,05/11/21 19:00:00,27.259,,,,,
3406,05/11/21 19:15:00,27.259,,,,,
3407,05/11/21 19:30:00,27.235,,,,,
3408,05/11/21 19:45:00,27.284,,,,,
3409,05/11/21 20:00:00,27.112,,,,,
3410,05/11/21 20:15:00,27.186,,,,,
3411,05/11/21 20:30:00,26.989,,,,,
3412,05/11/21 20:45:00,26.598,,,,,
3413,05/11/21 21:00:00,26.720,,,,,
3414,05/11/21 21:15:00,26.671,,,,,
3415,05/11/21 21:30:00,26.671,,,,,
3416,05/11/21 21:45:00,26.622,,,,,
3417,05/11/21 22:00:00,26.549,,,,,
3418,05/11/21 22:15:00,26.720,,,,,
3419,05/11/21 22:30:00,26.671,,,,,
3420,05/11/21 22:45:00,26.769,,,,,
3421,05/11/21 23:00:00,26.867,,,,,
3422,05/11/21 23:15:00,26.598,,,,,
3423,05/11/21 23:30:00,26.671,,,,,
3424,05/11/21 23:45:00,26.769,,,,,
3425,05/12/21 00:00:00,26.818,,,,,
3426,05/12/21 00:15:00,26.842,,,,,
3427,05/12/21 00:30:00,26.818,,,,,
3428,05/12/21 00:45:00,26.598,,,,,
3429,05/12/21 01:00:00,26.549,,,,,
3430,05/12/21 01:15:00,26.598,,,,,
3431,05/12/21 01:30:00,26.622,,,,,
3432,05/12/21 01:45:00,26.646,,,,,
3433,05/12/21 02:00:00,26.720,,,,,
3434,05/12/21 02:15:00,27.014,,,,,
3435,05/12/21 02:30:00,26.940,,,,,
3436,05/12/21 02:45:00,26.891,,,,,
3437,05/12/21 03:00:00,26.989,,,,,
3438,05/12/21 03:15:00,26.989,,,,,
3439,05/12/21 03:30:00,26.965,,,,,
3440,05/12/21 03:45:00,27.087,,,,,
3441,05/12/21 04:00:00,27.161,,,,,
3442,05/12/21 04:15:00,27.161,,,,,
3443,05/12/21 04:30:00,27.161,,,,,
3444,05/12/21 04:45:00,27.235,,,,,
3445,05/12/21 05:00:00,27.235,,,,,
3446,05/12/21 05:15:00,27.235,,,,,
3447,05/12/21 05:30:00,27.235,,,,,
3448,05/12/21 05:45:00,27.259,,,,,
3449,05/12/21 06:00:00,27.284,,,,,
3450,05/12/21 06:15:00,27.284,,,,,
3451,05/12/21 06:30:00,27.235,,,,,
3452,05/12/21 06:45:00,27.259,,,,,
3453,05/12/21 07:00:00,27.259,,,,,
3454,05/12/21 07:15:00,27.259,,,,,
3455,05/12/21 07:30:00,27.259,,,,,
3456,05/12/21 07:45:00,27.235,,,,,
3457,05/12/21 08:00:00,27.259,,,,,
3458,05/12/21 08:15:00,27.284,,,,,
3459,05/12/21 08:30:00,27.259,,,,,
3460,05/12/21 08:45:00,27.259,,,,,
3461,05/12/21 09:00:00,27.284,,,,,
3462,05/12/21 09:15:00,27.284,,,,,
3463,05/12/21 09:30:00,27.161,,,,,
3464,05/12/21 09:45:00,27.235,,,,,
3465,05/12/21 10:00:00,27.308,,,,,
3466,05/12/21 10:15:00,27.333,,,,,
3467,05/12/21 10:30:00,27.333,,,,,
3468,05/12/21 10:45:00,27.333,,,,,
3469,05/12/21 11:00:00,27.308,,,,,
3470,05/12/21 11:15:00,27.358,,,,,
3471,05/12/21 11:30:00,27.382,,,,,
3472,05/12/21 11:45:00,27.382,,,,,
3473,05/12/21 12:00:00,27.407,,,,,
3474,05/12/21 12:15:00,27.407,,,,,
3475,05/12/21 12:30:00,27.407,,,,,
3476,05/12/21 12:45:00,27.333,,,,,
3477,05/12/21 13:00:00,27.382,,,,,
3478,05/12/21 13:15:00,27.259,,,,,
3479,05/12/21 13:30:00,27.382,,,,,
3480,05/12/21 13:45:00,27.358,,,,,
3481,05/12/21 14:00:00,27.407,,,,,
3482,05/12/21 14:15:00,27.407,,,,,
3483,05/12/21 14:30:00,27.456,,,,,
3484,05/12/21 14:45:00,27.456,,,,,
3485,05/12/21 15:00:00,27.333,,,,,
3486,05/12/21 15:15:00,27.308,,,,,
3487,05/12/21 15:30:00,27.382,,,,,
3488,05/12/21 15:45:00,27.456,,,,,
3489,05/12/21 16:00:00,27.358,,,,,
3490,05/12/21 16:15:00,27.456,,,,,
3491,05/12/21 16:30:00,27.431,,,,,
3492,05/12/21 16:45:00,27.456,,,,,
3493,05/12/21 17:00:00,27.407,,,,,
3494,05/12/21 17:15:00,27.308,,,,,
3495,05/12/21 17:30:00,27.259,,,,,
3496,05/12/21 17:45:00,27.382,,,,,
3497,05/12/21 18:00:00,27.333,,,,,
3498,05/12/21 18:15:00,27.456,,,,,
3499,05/12/21 18:30:00,27.456,,,,,
3500,05/12/21 18:45:00,27.505,,,,,
3501,05/12/21 19:00:00,27.530,,,,,
3502,05/12/21 19:15:00,27.530,,,,,
3503,05/12/21 19:30:00,27.530,,,,,
3504,05/12/21 19:45:00,27.505,,,,,
3505,05/12/21 20:00:00,27.382,,,,,
3506,05/12/21 20:15:00,27.382,,,,,
3507,05/12/21 20:30:00,27.284,,,,,
3508,05/12/21 20:45:00,27.210,,,,,
3509,05/12/21 21:00:00,27.456,,,,,
3510,05/12/21 21:15:00,27.407,,,,,
3511,05/12/21 21:30:00,27.333,,,,,
3512,05/12/21 21:45:00,27.431,,,,,
3513,05/12/21 22:00:00,27.284,,,,,
3514,05/12/21 22:15:00,27.186,,,,,
3515,05/12/21 22:30:00,27.210,,,,,
3516,05/12/21 22:45:00,27.407,,,,,
3517,05/12/21 23:00:00,27.382,,,,,
3518,05/12/21 23:15:00,26.916,,,,,
3519,05/12/21 23:30:00,26.940,,,,,
3520,05/12/21 23:45:00,26.916,,,,,
3521,05/13/21 00:00:00,26.867,,,,,
3522,05/13/21 00:15:00,26.818,,,,,
3523,05/13/21 00:30:00,26.793,,,,,
3524,05/13/21 00:45:00,26.867,,,,,
3525,05/13/21 01:00:00,26.891,,,,,
3526,05/13/21 01:15:00,26.842,,,,,
3527,05/13/21 01:30:00,26.867,,,,,
3528,05/13/21 01:45:00,26.916,,,,,
3529,05/13/21 02:00:00,27.210,,,,,
3530,05/13/21 02:15:00,27.038,,,,,
3531,05/13/21 02:30:00,26.842,,,,,
3532,05/13/21 02:45:00,26.818,,,,,
3533,05/13/21 03:00:00,26.842,,,,,
3534,05/13/21 03:15:00,27.235,,,,,
3535,05/13/21 03:30:00,27.407,,,,,
3536,05/13/21 03:45:00,27.063,,,,,
3537,05/13/21 04:00:00,27.136,,,,,
3538,05/13/21 04:15:00,27.136,,,,,
3539,05/13/21 04:30:00,27.087,,,,,
3540,05/13/21 04:45:00,27.063,,,,,
3541,05/13/21 05:00:00,26.940,,,,,
3542,05/13/21 05:15:00,26.965,,,,,
3543,05/13/21 05:30:00,27.087,,,,,
3544,05/13/21 05:45:00,27.210,,,,,
3545,05/13/21 06:00:00,27.038,,,,,
3546,05/13/21 06:15:00,27.136,,,,,
3547,05/13/21 06:30:00,27.136,,,,,
3548,05/13/21 06:45:00,27.259,,,,,
3549,05/13/21 07:00:00,27.186,,,,,
3550,05/13/21 07:15:00,27.210,,,,,
3551,05/13/21 07:30:00,27.161,,,,,
3552,05/13/21 07:45:00,27.210,,,,,
3553,05/13/21 08:00:00,27.259,,,,,
3554,05/13/21 08:15:00,27.284,,,,,
3555,05/13/21 08:30:00,27.284,,,,,
3556,05/13/21 08:45:00,27.284,,,,,
3557,05/13/21 09:00:00,27.284,,,,,
3558,05/13/21 09:15:00,27.284,,,,,
3559,05/13/21 09:30:00,27.210,,,,,
3560,05/13/21 09:45:00,27.235,,,,,
3561,05/13/21 10:00:00,27.284,,,,,
3562,05/13/21 10:15:00,27.235,,,,,
3563,05/13/21 10:30:00,27.284,,,,,
3564,05/13/21 10:45:00,27.308,,,,,
3565,05/13/21 11:00:00,27.333,,,,,
3566,05/13/21 11:15:00,27.358,,,,,
3567,05/13/21 11:30:00,27.308,,,,,
3568,05/13/21 11:45:00,27.333,,,,,
3569,05/13/21 12:00:00,27.210,,,,,
3570,05/13/21 12:15:00,27.210,,,,,
3571,05/13/21 12:30:00,27.136,,,,,
3572,05/13/21 12:45:00,27.063,,,,,
3573,05/13/21 13:00:00,27.063,,,,,
3574,05/13/21 13:15:00,27.136,,,,,
3575,05/13/21 13:30:00,27.087,,,,,
3576,05/13/21 13:45:00,27.087,,,,,
3577,05/13/21 14:00:00,27.087,,,,,
3578,05/13/21 14:15:00,27.112,,,,,
3579,05/13/21 14:30:00,27.210,,,,,
3580,05/13/21 14:45:00,27.112,,,,,
3581,05/13/21 15:00:00,27.038,,,,,
3582,05/13/21 15:15:00,27.038,,,,,
3583,05/13/21 15:30:00,27.136,,,,,
3584,05/13/21 15:45:00,27.186,,,,,
3585,05/13/21 16:00:00,27.284,,,,,
3586,05/13/21 16:15:00,27.235,,,,,
3587,05/13/21 16:30:00,27.358,,,,,
3588,05/13/21 16:45:00,27.308,,,,,
3589,05/13/21 17:00:00,27.382,,,,,
3590,05/13/21 17:15:00,27.358,,,,,
3591,05/13/21 17:30:00,27.358,,,,,
3592,05/13/21 17:45:00,27.358,,,,,
3593,05/13/21 18:00:00,27.358,,,,,
3594,05/13/21 18:15:00,27.382,,,,,
3595,05/13/21 18:30:00,27.382,,,,,
3596,05/13/21 18:45:00,27.407,,,,,
3597,05/13/21 19:00:00,27.431,,,,,
3598,05/13/21 19:15:00,27.431,,,,,
3599,05/13/21 19:30:00,27.431,,,,,
3600,05/13/21 19:45:00,27.431,,,,,
3601,05/13/21 20:00:00,27.431,,,,,
3602,05/13/21 20:15:00,27.431,,,,,
3603,05/13/21 20:30:00,27.407,,,,,
3604,05/13/21 20:45:00,27.431,,,,,
3605,05/13/21 21:00:00,27.407,,,,,
3606,05/13/21 21:15:00,27.431,,,,,
3607,05/13/21 21:30:00,27.431,,,,,
3608,05/13/21 21:45:00,27.407,,,,,
3609,05/13/21 22:00:00,27.333,,,,,
3610,05/13/21 22:15:00,27.407,,,,,
3611,05/13/21 22:30:00,27.407,,,,,
3612,05/13/21 22:45:00,27.431,,,,,
3613,05/13/21 23:00:00,27.456,,,,,
3614,05/13/21 23:15:00,27.456,,,,,
3615,05/13/21 23:30:00,27.431,,,,,
3616,05/13/21 23:45:00,27.308,,,,,
3617,05/14/21 00:00:00,27.284,,,,,
3618,05/14/21 00:15:00,27.333,,,,,
3619,05/14/21 00:30:00,27.407,,,,,
3620,05/14/21 00:45:00,27.382,,,,,
3621,05/14/21 01:00:00,27.358,,,,,
3622,05/14/21 01:15:00,27.358,,,,,
3623,05/14/21 01:30:00,27.333,,,,,
3624,05/14/21 01:45:00,27.382,,,,,
3625,05/14/21 02:00:00,27.407,,,,,
3626,05/14/21 02:15:00,27.407,,,,,
3627,05/14/21 02:30:00,27.431,,,,,
3628,05/14/21 02:45:00,27.308,,,,,
3629,05/14/21 03:00:00,27.382,,,,,
3630,05/14/21 03:15:00,27.382,,,,,
3631,05/14/21 03:30:00,27.382,,,,,
3632,05/14/21 03:45:00,27.382,,,,,
3633,05/14/21 04:00:00,27.382,,,,,
3634,05/14/21 04:15:00,27.431,,,,,
3635,05/14/21 04:30:00,27.407,,,,,
3636,05/14/21 04:45:00,27.382,,,,,
3637,05/14/21 05:00:00,27.407,,,,,
3638,05/14/21 05:15:00,27.407,,,,,
3639,05/14/21 05:30:00,27.431,,,,,
3640,05/14/21 05:45:00,27.407,,,,,
3641,05/14/21 06:00:00,27.407,,,,,
3642,05/14/21 06:15:00,27.382,,,,,
3643,05/14/21 06:30:00,27.358,,,,,
3644,05/14/21 06:45:00,27.333,,,,,
3645,05/14/21 07:00:00,27.333,,,,,
3646,05/14/21 07:15:00,27.382,,,,,
3647,05/14/21 07:30:00,27.382,,,,,
3648,05/14/21 07:45:00,27.382,,,,,
3649,05/14/21 08:00:00,27.382,,,,,
3650,05/14/21 08:15:00,27.382,,,,,
3651,05/14/21 08:30:00,27.358,,,,,
3652,05/14/21 08:45:00,27.382,,,,,
3653,05/14/21 09:00:00,27.382,,,,,
3654,05/14/21 09:15:00,27.358,,,,,
3655,05/14/21 09:30:00,27.358,,,,,
3656,05/14/21 09:45:00,27.382,,,,,
3657,05/14/21 10:00:00,27.382,,,,,
3658,05/14/21 10:15:00,27.407,,,,,
3659,05/14/21 10:30:00,27.431,,,,,
3660,05/14/21 10:45:00,27.456,,,,,
3661,05/14/21 11:00:00,27.481,,,,,
3662,05/14/21 11:15:00,27.481,,,,,
3663,05/14/21 11:30:00,27.456,,,,,
3664,05/14/21 11:45:00,27.456,,,,,
3665,05/14/21 12:00:00,27.456,,,,,
3666,05/14/21 12:15:00,27.456,,,,,
3667,05/14/21 12:30:00,27.481,,,,,
3668,05/14/21 12:45:00,27.382,,,,,
3669,05/14/21 13:00:00,27.456,,,,,
3670,05/14/21 13:15:00,27.481,,,,,
3671,05/14/21 13:30:00,27.382,,,,,
3672,05/14/21 13:45:00,27.407,,,,,
3673,05/14/21 14:00:00,27.382,,,,,
3674,05/14/21 14:15:00,27.407,,,,,
3675,05/14/21 14:30:00,27.407,,,,,
3676,05/14/21 14:45:00,27.382,,,,,
3677,05/14/21 15:00:00,27.358,,,,,
3678,05/14/21 15:15:00,27.308,,,,,
3679,05/14/21 15:30:00,27.382,,,,,
3680,05/14/21 15:45:00,27.407,,,,,
3681,05/14/21 16:00:00,27.333,,,,,
3682,05/14/21 16:15:00,27.087,,,,,
3683,05/14/21 16:30:00,27.308,,,,,
3684,05/14/21 16:45:00,27.358,,,,,
3685,05/14/21 17:00:00,27.358,,,,,
3686,05/14/21 17:15:00,27.333,,,,,
3687,05/14/21 17:30:00,27.382,,,,,
3688,05/14/21 17:45:00,27.456,,,,,
3689,05/14/21 18:00:00,27.481,,,,,
3690,05/14/21 18:15:00,27.481,,,,,
3691,05/14/21 18:30:00,27.481,,,,,
3692,05/14/21 18:45:00,27.481,,,,,
3693,05/14/21 19:00:00,27.481,,,,,
3694,05/14/21 19:15:00,27.481,,,,,
3695,05/14/21 19:30:00,27.481,,,,,
3696,05/14/21 19:45:00,27.481,,,,,
3697,05/14/21 20:00:00,27.481,,,,,
3698,05/14/21 20:15:00,27.481,,,,,
3699,05/14/21 20:30:00,27.481,,,,,
3700,05/14/21 20:45:00,27.481,,,,,
3701,05/14/21 21:00:00,27.481,,,,,
3702,05/14/21 21:15:00,27.481,,,,,
3703,05/14/21 21:30:00,27.481,,,,,
3704,05/14/21 21:45:00,27.456,,,,,
3705,05/14/21 22:00:00,27.456,,,,,
3706,05/14/21 22:15:00,27.456,,,,,
3707,05/14/21 22:30:00,27.431,,,,,
3708,05/14/21 22:45:00,27.456,,,,,
3709,05/14/21 23:00:00,27.431,,,,,
3710,05/14/21 23:15:00,27.431,,,,,
3711,05/14/21 23:30:00,27.333,,,,,
3712,05/14/21 23:45:00,27.358,,,,,
3713,05/15/21 00:00:00,27.358,,,,,
3714,05/15/21 00:15:00,27.431,,,,,
3715,05/15/21 00:30:00,27.431,,,,,
3716,05/15/21 00:45:00,27.431,,,,,
3717,05/15/21 01:00:00,27.407,,,,,
3718,05/15/21 01:15:00,27.284,,,,,
3719,05/15/21 01:30:00,27.186,,,,,
3720,05/15/21 01:45:00,27.235,,,,,
3721,05/15/21 02:00:00,27.284,,,,,
3722,05/15/21 02:15:00,27.308,,,,,
3723,05/15/21 02:30:00,27.014,,,,,
3724,05/15/21 02:45:00,26.867,,,,,
3725,05/15/21 03:00:00,26.891,,,,,
3726,05/15/21 03:15:00,26.867,,,,,
3727,05/15/21 03:30:00,26.793,,,,,
3728,05/15/21 03:45:00,26.744,,,,,
3729,05/15/21 04:00:00,26.744,,,,,
3730,05/15/21 04:15:00,26.720,,,,,
3731,05/15/21 04:30:00,26.695,,,,,
3732,05/15/21 04:45:00,26.622,,,,,
3733,05/15/21 05:00:00,26.622,,,,,
3734,05/15/21 05:15:00,26.695,,,,,
3735,05/15/21 05:30:00,27.333,,,,,
3736,05/15/21 05:45:00,27.456,,,,,
3737,05/15/21 06:00:00,27.456,,,,,
3738,05/15/21 06:15:00,27.431,,,,,
3739,05/15/21 06:30:00,27.456,,,,,
3740,05/15/21 06:45:00,27.456,,,,,
3741,05/15/21 07:00:00,27.456,,,,,
3742,05/15/21 07:15:00,27.456,,,,,
3743,05/15/21 07:30:00,27.456,,,,,
3744,05/15/21 07:45:00,27.456,,,,,
3745,05/15/21 08:00:00,27.456,,,,,
3746,05/15/21 08:15:00,27.456,,,,,
3747,05/15/21 08:30:00,27.456,,,,,
3748,05/15/21 08:45:00,27.456,,,,,
3749,05/15/21 09:00:00,27.481,,,,,
3750,05/15/21 09:15:00,27.456,,,,,
3751,05/15/21 09:30:00,27.456,,,,,
3752,05/15/21 09:45:00,27.456,,,,,
3753,05/15/21 10:00:00,27.456,,,,,
3754,05/15/21 10:15:00,27.456,,,,,
3755,05/15/21 10:30:00,27.456,,,,,
3756,05/15/21 10:45:00,27.431,,,,,
3757,05/15/21 11:00:00,27.431,,,,,
3758,05/15/21 11:15:00,27.431,,,,,
3759,05/15/21 11:30:00,27.431,,,,,
3760,05/15/21 11:45:00,27.456,,,,,
3761,05/15/21 12:00:00,27.456,,,,,
3762,05/15/21 12:15:00,27.431,,,,,
3763,05/15/21 12:30:00,27.382,,,,,
3764,05/15/21 12:45:00,27.259,,,,,
3765,05/15/21 13:00:00,27.358,,,,,
3766,05/15/21 13:15:00,27.382,,,,,
3767,05/15/21 13:30:00,27.382,,,,,
3768,05/15/21 13:45:00,27.382,,,,,
3769,05/15/21 14:00:00,27.382,,,,,
3770,05/15/21 14:15:00,27.358,,,,,
3771,05/15/21 14:30:00,27.358,,,,,
3772,05/15/21 14:45:00,27.382,,,,,
3773,05/15/21 15:00:00,27.358,,,,,
3774,05/15/21 15:15:00,27.382,,,,,
3775,05/15/21 15:30:00,27.358,,,,,
3776,05/15/21 15:45:00,27.382,,,,,
3777,05/15/21 16:00:00,27.382,,,,,
3778,05/15/21 16:15:00,27.382,,,,,
3779,05/15/21 16:30:00,27.382,,,,,
3780,05/15/21 16:45:00,27.382,,,,,
3781,05/15/21 17:00:00,27.407,,,,,
3782,05/15/21 17:15:00,27.407,,,,,
3783,05/15/21 17:30:00,27.431,,,,,
3784,05/15/21 17:45:00,27.456,,,,,
3785,05/15/21 18:00:00,27.456,,,,,
3786,05/15/21 18:15:00,27.456,,,,,
3787,05/15/21 18:30:00,27.481,,,,,
3788,05/15/21 18:45:00,27.481,,,,,
3789,05/15/21 19:00:00,27.481,,,,,
3790,05/15/21 19:15:00,27.481,,,,,
3791,05/15/21 19:30:00,27.481,,,,,
3792,05/15/21 19:45:00,27.481,,,,,
3793,05/15/21 20:00:00,27.481,,,,,
3794,05/15/21 20:15:00,27.481,,,,,
3795,05/15/21 20:30:00,27.481,,,,,
3796,05/15/21 20:45:00,27.481,,,,,
3797,05/15/21 21:00:00,27.481,,,,,
3798,05/15/21 21:15:00,27.456,,,,,
3799,05/15/21 21:30:00,27.481,,,,,
3800,05/15/21 21:45:00,27.481,,,,,
3801,05/15/21 22:00:00,27.481,,,,,
3802,05/15/21 22:15:00,27.481,,,,,
3803,05/15/21 22:30:00,27.481,,,,,
3804,05/15/21 22:45:00,27.481,,,,,
3805,05/15/21 23:00:00,27.481,,,,,
3806,05/15/21 23:15:00,27.481,,,,,
3807,05/15/21 23:30:00,27.481,,,,,
3808,05/15/21 23:45:00,27.481,,,,,
3809,05/16/21 00:00:00,27.456,,,,,
3810,05/16/21 00:15:00,27.481,,,,,
3811,05/16/21 00:30:00,27.481,,,,,
3812,05/16/21 00:45:00,27.481,,,,,
3813,05/16/21 01:00:00,27.431,,,,,
3814,05/16/21 01:15:00,27.407,,,,,
3815,05/16/21 01:30:00,27.407,,,,,
3816,05/16/21 01:45:00,27.407,,,,,
3817,05/16/21 02:00:00,27.358,,,,,
3818,05/16/21 02:15:00,27.407,,,,,
3819,05/16/21 02:30:00,27.333,,,,,
3820,05/16/21 02:45:00,27.358,,,,,
3821,05/16/21 03:00:00,27.358,,,,,
3822,05/16/21 03:15:00,27.407,,,,,
3823,05/16/21 03:30:00,27.333,,,,,
3824,05/16/21 03:45:00,27.136,,,,,
3825,05/16/21 04:00:00,27.136,,,,,
3826,05/16/21 04:15:00,27.136,,,,,
3827,05/16/21 04:30:00,27.259,,,,,
3828,05/16/21 04:45:00,27.308,,,,,
3829,05/16/21 05:00:00,27.407,,,,,
3830,05/16/21 05:15:00,27.407,,,,,
3831,05/16/21 05:30:00,27.431,,,,,
3832,05/16/21 05:45:00,27.431,,,,,
3833,05/16/21 06:00:00,27.456,,,,,
3834,05/16/21 06:15:00,27.456,,,,,
3835,05/16/21 06:30:00,27.456,,,,,
3836,05/16/21 06:45:00,27.456,,,,,
3837,05/16/21 07:00:00,27.456,,,,,
3838,05/16/21 07:15:00,27.431,,,,,
3839,05/16/21 07:30:00,27.456,,,,,
3840,05/16/21 07:45:00,27.456,,,,,
3841,05/16/21 08:00:00,27.456,,,,,
3842,05/16/21 08:15:00,27.456,,,,,
3843,05/16/21 08:30:00,27.456,,,,,
3844,05/16/21 08:45:00,27.481,,,,,
3845,05/16/21 09:00:00,27.456,,,,,
3846,05/16/21 09:15:00,27.456,,,,,
3847,05/16/21 09:30:00,27.431,,,,,
3848,05/16/21 09:45:00,27.431,,,,,
3849,05/16/21 10:00:00,27.407,,,,,
3850,05/16/21 10:15:00,27.431,,,,,
3851,05/16/21 10:30:00,27.407,,,,,
3852,05/16/21 10:45:00,27.431,,,,,
3853,05/16/21 11:00:00,27.431,,,,,
3854,05/16/21 11:15:00,27.431,,,,,
3855,05/16/21 11:30:00,27.456,,,,,
3856,05/16/21 11:45:00,27.431,,,,,
3857,05/16/21 12:00:00,27.407,,,,,
3858,05/16/21 12:15:00,27.407,,,,,
3859,05/16/21 12:30:00,27.407,,,,,
3860,05/16/21 12:45:00,27.112,,,,,
3861,05/16/21 13:00:00,26.916,,,,,
3862,05/16/21 13:15:00,26.916,,,,,
3863,05/16/21 13:30:00,26.842,,,,,
3864,05/16/21 13:45:00,26.916,,,,,
3865,05/16/21 14:00:00,26.965,,,,,
3866,05/16/21 14:15:00,27.259,,,,,
3867,05/16/21 14:30:00,27.112,,,,,
3868,05/16/21 14:45:00,27.087,,,,,
3869,05/16/21 15:00:00,26.989,,,,,
3870,05/16/21 15:15:00,27.161,,,,,
3871,05/16/21 15:30:00,27.186,,,,,
3872,05/16/21 15:45:00,27.161,,,,,
3873,05/16/21 16:00:00,27.186,,,,,
3874,05/16/21 16:15:00,27.210,,,,,
3875,05/16/21 16:30:00,27.284,,,,,
3876,05/16/21 16:45:00,27.284,,,,,
3877,05/16/21 17:00:00,27.284,,,,,
3878,05/16/21 17:15:00,27.284,,,,,
3879,05/16/21 17:30:00,27.382,,,,,
3880,05/16/21 17:45:00,27.333,,,,,
3881,05/16/21 18:00:00,27.308,,,,,
3882,05/16/21 18:15:00,27.308,,,,,
3883,05/16/21 18:30:00,27.333,,,,,
3884,05/16/21 18:45:00,27.308,,,,,
3885,05/16/21 19:00:00,27.284,,,,,
3886,05/16/21 19:15:00,27.284,,,,,
3887,05/16/21 19:30:00,27.308,,,,,
3888,05/16/21 19:45:00,27.358,,,,,
3889,05/16/21 20:00:00,27.308,,,,,
3890,05/16/21 20:15:00,27.358,,,,,
3891,05/16/21 20:30:00,27.358,,,,,
3892,05/16/21 20:45:00,27.358,,,,,
3893,05/16/21 21:00:00,27.407,,,,,
3894,05/16/21 21:15:00,27.407,,,,,
3895,05/16/21 21:30:00,27.407,,,,,
3896,05/16/21 21:45:00,27.431,,,,,
3897,05/16/21 22:00:00,27.456,,,,,
3898,05/16/21 22:15:00,27.481,,,,,
3899,05/16/21 22:30:00,27.481,,,,,
3900,05/16/21 22:45:00,27.481,,,,,
3901,05/16/21 23:00:00,27.505,,,,,
3902,05/16/21 23:15:00,27.407,,,,,
3903,05/16/21 23:30:00,27.382,,,,,
3904,05/16/21 23:45:00,27.382,,,,,
3905,05/17/21 00:00:00,27.161,,,,,
3906,05/17/21 00:15:00,27.308,,,,,
3907,05/17/21 00:30:00,27.431,,,,,
3908,05/17/21 00:45:00,27.333,,,,,
3909,05/17/21 01:00:00,27.333,,,,,
3910,05/17/21 01:15:00,27.284,,,,,
3911,05/17/21 01:30:00,27.210,,,,,
3912,05/17/21 01:45:00,27.136,,,,,
3913,05/17/21 02:00:00,27.112,,,,,
3914,05/17/21 02:15:00,27.112,,,,,
3915,05/17/21 02:30:00,27.136,,,,,
3916,05/17/21 02:45:00,27.210,,,,,
3917,05/17/21 03:00:00,27.235,,,,,
3918,05/17/21 03:15:00,27.259,,,,,
3919,05/17/21 03:30:00,27.136,,,,,
3920,05/17/21 03:45:00,27.186,,,,,
3921,05/17/21 04:00:00,27.186,,,,,
3922,05/17/21 04:15:00,27.333,,,,,
3923,05/17/21 04:30:00,27.284,,,,,
3924,05/17/21 04:45:00,27.235,,,,,
3925,05/17/21 05:00:00,27.161,,,,,
3926,05/17/21 05:15:00,27.038,,,,,
3927,05/17/21 05:30:00,27.038,,,,,
3928,05/17/21 05:45:00,27.063,,,,,
3929,05/17/21 06:00:00,27.087,,,,,
3930,05/17/21 06:15:00,27.087,,,,,
3931,05/17/21 06:30:00,27.284,,,,,
3932,05/17/21 06:45:00,27.308,,,,,
3933,05/17/21 07:00:00,27.456,,,,,
3934,05/17/21 07:15:00,27.456,,,,,
3935,05/17/21 07:30:00,27.456,,,,,
3936,05/17/21 07:45:00,27.456,,,,,
3937,05/17/21 08:00:00,27.259,,,,,
3938,05/17/21 08:15:00,27.284,,,,,
3939,05/17/21 08:30:00,27.284,,,,,
3940,05/17/21 08:45:00,27.382,,,,,
3941,05/17/21 09:00:00,27.407,,,,,
3942,05/17/21 09:15:00,27.481,,,,,
3943,05/17/21 09:30:00,27.382,,,,,
3944,05/17/21 09:45:00,27.308,,,,,
3945,05/17/21 10:00:00,27.481,,,,,
3946,05/17/21 10:15:00,27.505,,,,,
3947,05/17/21 10:30:00,27.505,,,,,
3948,05/17/21 10:45:00,27.505,,,,,
3949,05/17/21 11:00:00,27.505,,,,,
3950,05/17/21 11:15:00,27.481,,,,,
3951,05/17/21 11:30:00,27.456,,,,,
3952,05/17/21 11:45:00,27.505,,,,,
3953,05/17/21 12:00:00,27.530,,,,,
3954,05/17/21 12:15:00,27.530,,,,,
3955,05/17/21 12:30:00,27.530,,,,,
3956,05/17/21 12:45:00,27.505,,,,,
3957,05/17/21 13:00:00,27.481,,,,,
3958,05/17/21 13:15:00,27.481,,,,,
3959,05/17/21 13:30:00,27.481,,,,,
3960,05/17/21 13:45:00,27.481,,,,,
3961,05/17/21 14:00:00,27.481,,,,,
3962,05/17/21 14:15:00,27.431,,,,,
3963,05/17/21 14:30:00,27.431,,,,,
3964,05/17/21 14:45:00,27.431,,,,,
3965,05/17/21 15:00:00,27.456,,,,,
3966,05/17/21 15:15:00,27.431,,,,,
3967,05/17/21 15:30:00,27.431,,,,,
3968,05/17/21 15:45:00,27.456,,,,,
3969,05/17/21 16:00:00,27.431,,,,,
3970,05/17/21 16:15:00,27.431,,,,,
3971,05/17/21 16:30:00,27.358,,,,,
3972,05/17/21 16:45:00,27.382,,,,,
3973,05/17/21 17:00:00,27.407,,,,,
3974,05/17/21 17:15:00,27.431,,,,,
3975,05/17/21 17:30:00,27.505,,,,,
3976,05/17/21 17:45:00,27.505,,,,,
3977,05/17/21 18:00:00,27.530,,,,,
3978,05/17/21 18:15:00,27.530,,,,,
3979,05/17/21 18:30:00,27.530,,,,,
3980,05/17/21 18:45:00,27.530,,,,,
3981,05/17/21 19:00:00,27.407,,,,,
3982,05/17/21 19:15:00,27.382,,,,,
3983,05/17/21 19:30:00,27.382,,,,,
3984,05/17/21 19:45:00,27.382,,,,,
3985,05/17/21 20:00:00,27.382,,,,,
3986,05/17/21 20:15:00,27.382,,,,,
3987,05/17/21 20:30:00,27.333,,,,,
3988,05/17/21 20:45:00,27.358,,,,,
3989,05/17/21 21:00:00,27.431,,,,,
3990,05/17/21 21:15:00,27.382,,,,,
3991,05/17/21 21:30:00,27.407,,,,,
3992,05/17/21 21:45:00,27.481,,,,,
3993,05/17/21 22:00:00,27.481,,,,,
3994,05/17/21 22:15:00,27.505,,,,,
3995,05/17/21 22:30:00,27.530,,,,,
3996,05/17/21 22:45:00,27.530,,,,,
3997,05/17/21 23:00:00,27.505,,,,,
3998,05/17/21 23:15:00,27.505,,,,,
3999,05/17/21 23:30:00,27.505,,,,,
4000,05/17/21 23:45:00,27.530,,,,,
4001,05/18/21 00:00:00,27.530,,,,,
4002,05/18/21 00:15:00,27.530,,,,,
4003,05/18/21 00:30:00,27.431,,,,,
4004,05/18/21 00:45:00,27.382,,,,,
4005,05/18/21 01:00:00,27.284,,,,,
4006,05/18/21 01:15:00,27.235,,,,,
4007,05/18/21 01:30:00,27.210,,,,,
4008,05/18/21 01:45:00,27.112,,,,,
4009,05/18/21 02:00:00,27.087,,,,,
4010,05/18/21 02:15:00,26.989,,,,,
4011,05/18/21 02:30:00,27.333,,,,,
4012,05/18/21 02:45:00,27.259,,,,,
4013,05/18/21 03:00:00,27.087,,,,,
4014,05/18/21 03:15:00,26.989,,,,,
4015,05/18/21 03:30:00,27.014,,,,,
4016,05/18/21 03:45:00,26.940,,,,,
4017,05/18/21 04:00:00,27.038,,,,,
4018,05/18/21 04:15:00,26.965,,,,,
4019,05/18/21 04:30:00,27.112,,,,,
4020,05/18/21 04:45:00,27.333,,,,,
4021,05/18/21 05:00:00,27.358,,,,,
4022,05/18/21 05:15:00,27.382,,,,,
4023,05/18/21 05:30:00,27.014,,,,,
4024,05/18/21 05:45:00,26.965,,,,,
4025,05/18/21 06:00:00,27.161,,,,,
4026,05/18/21 06:15:00,27.210,,,,,
4027,05/18/21 06:30:00,27.136,,,,,
4028,05/18/21 06:45:00,26.940,,,,,
4029,05/18/21 07:00:00,26.818,,,,,
4030,05/18/21 07:15:00,26.769,,,,,
4031,05/18/21 07:30:00,26.793,,,,,
4032,05/18/21 07:45:00,26.891,,,,,
4033,05/18/21 08:00:00,26.916,,,,,
4034,05/18/21 08:15:00,26.940,,,,,
4035,05/18/21 08:30:00,27.038,,,,,
4036,05/18/21 08:45:00,27.112,,,,,
4037,05/18/21 09:00:00,27.038,,,,,
4038,05/18/21 09:15:00,26.965,,,,,
4039,05/18/21 09:30:00,26.940,,,,,
4040,05/18/21 09:45:00,26.965,,,,,
4041,05/18/21 10:00:00,27.136,,,,,
4042,05/18/21 10:15:00,27.112,,,,,
4043,05/18/21 10:30:00,27.112,,,,,
4044,05/18/21 10:45:00,27.186,,,,,
4045,05/18/21 11:00:00,27.259,,,,,
4046,05/18/21 11:15:00,27.284,,,,,
4047,05/18/21 11:30:00,27.235,,,,,
4048,05/18/21 11:45:00,27.210,,,,,
4049,05/18/21 12:00:00,27.382,,,,,
4050,05/18/21 12:15:00,27.136,,,,,
4051,05/18/21 12:30:00,27.063,,,,,
4052,05/18/21 12:45:00,27.014,,,,,
4053,05/18/21 13:00:00,27.014,,,,,
4054,05/18/21 13:15:00,27.235,,,,,
4055,05/18/21 13:30:00,27.186,,,,,
4056,05/18/21 13:45:00,27.161,,,,,
4057,05/18/21 14:00:00,27.112,,,,,
4058,05/18/21 14:15:00,27.038,,,,,
4059,05/18/21 14:30:00,27.063,,,,,
4060,05/18/21 14:45:00,27.112,,,,,
4061,05/18/21 15:00:00,27.136,,,,,
4062,05/18/21 15:15:00,27.087,,,,,
4063,05/18/21 15:30:00,27.210,,,,,
4064,05/18/21 15:45:00,27.186,,,,,
4065,05/18/21 16:00:00,27.186,,,,,
4066,05/18/21 16:15:00,27.186,,,,,
4067,05/18/21 16:30:00,27.186,,,,,
4068,05/18/21 16:45:00,27.186,,,,,
4069,05/18/21 17:00:00,27.136,,,,,
4070,05/18/21 17:15:00,27.087,,,,,
4071,05/18/21 17:30:00,27.112,,,,,
4072,05/18/21 17:45:00,27.186,,,,,
4073,05/18/21 18:00:00,27.284,,,,,
4074,05/18/21 18:15:00,27.333,,,,,
4075,05/18/21 18:30:00,27.358,,,,,
4076,05/18/21 18:45:00,27.358,,,,,
4077,05/18/21 19:00:00,27.382,,,,,
4078,05/18/21 19:15:00,27.382,,,,,
4079,05/18/21 19:30:00,27.308,,,,,
4080,05/18/21 19:45:00,27.259,,,,,
4081,05/18/21 20:00:00,27.259,,,,,
4082,05/18/21 20:15:00,27.259,,,,,
4083,05/18/21 20:30:00,27.259,,,,,
4084,05/18/21 20:45:00,27.308,,,,,
4085,05/18/21 21:00:00,27.481,,,,,
4086,05/18/21 21:15:00,27.530,,,,,
4087,05/18/21 21:30:00,27.554,,,,,
4088,05/18/21 21:45:00,27.382,,,,,
4089,05/18/21 22:00:00,27.382,,,,,
4090,05/18/21 22:15:00,27.358,,,,,
4091,05/18/21 22:30:00,27.358,,,,,
4092,05/18/21 22:45:00,27.431,,,,,
4093,05/18/21 23:00:00,27.431,,,,,
4094,05/18/21 23:15:00,27.431,,,,,
4095,05/18/21 23:30:00,27.431,,,,,
4096,05/18/21 23:45:00,27.431,,,,,
4097,05/19/21 00:00:00,27.431,,,,,
4098,05/19/21 00:15:00,27.431,,,,,
4099,05/19/21 00:30:00,27.431,,,,,
4100,05/19/21 00:45:00,27.382,,,,,
4101,05/19/21 01:00:00,27.456,,,,,
4102,05/19/21 01:15:00,27.407,,,,,
4103,05/19/21 01:30:00,27.431,,,,,
4104,05/19/21 01:45:00,27.431,,,,,
4105,05/19/21 02:00:00,27.431,,,,,
4106,05/19/21 02:15:00,27.456,,,,,
4107,05/19/21 02:30:00,27.284,,,,,
4108,05/19/21 02:45:00,27.382,,,,,
4109,05/19/21 03:00:00,27.063,,,,,
4110,05/19/21 03:15:00,27.063,,,,,
4111,05/19/21 03:30:00,27.063,,,,,
4112,05/19/21 03:45:00,26.989,,,,,
4113,05/19/21 04:00:00,27.063,,,,,
4114,05/19/21 04:15:00,27.112,,,,,
4115,05/19/21 04:30:00,27.308,,,,,
4116,05/19/21 04:45:00,27.087,,,,,
4117,05/19/21 05:00:00,26.842,,,,,
4118,05/19/21 05:15:00,26.818,,,,,
4119,05/19/21 05:30:00,27.407,,,,,
4120,05/19/21 05:45:00,27.186,,,,,
4121,05/19/21 06:00:00,26.867,,,,,
4122,05/19/21 06:15:00,26.646,,,,,
4123,05/19/21 06:30:00,26.867,,,,,
4124,05/19/21 06:45:00,26.842,,,,,
4125,05/19/21 07:00:00,26.818,,,,,
4126,05/19/21 07:15:00,27.038,,,,,
4127,05/19/21 07:30:00,26.989,,,,,
4128,05/19/21 07:45:00,27.112,,,,,
4129,05/19/21 08:00:00,27.136,,,,,
4130,05/19/21 08:15:00,27.210,,,,,
4131,05/19/21 08:30:00,27.087,,,,,
4132,05/19/21 08:45:00,26.965,,,,,
4133,05/19/21 09:00:00,27.014,,,,,
4134,05/19/21 09:15:00,27.014,,,,,
4135,05/19/21 09:30:00,27.038,,,,,
4136,05/19/21 09:45:00,27.038,,,,,
4137,05/19/21 10:00:00,27.087,,,,,
4138,05/19/21 10:15:00,27.087,,,,,
4139,05/19/21 10:30:00,27.161,,,,,
4140,05/19/21 10:45:00,27.112,,,,,
4141,05/19/21 11:00:00,27.063,,,,,
4142,05/19/21 11:15:00,27.063,,,,,
4143,05/19/21 11:30:00,27.087,,,,,
4144,05/19/21 11:45:00,27.063,,,,,
4145,05/19/21 12:00:00,27.112,,,,,
4146,05/19/21 12:15:00,27.161,,,,,
4147,05/19/21 12:30:00,27.186,,,,,
4148,05/19/21 12:45:00,27.235,,,,,
4149,05/19/21 13:00:00,27.333,,,,,
4150,05/19/21 13:15:00,27.358,,,,,
4151,05/19/21 13:30:00,27.210,,,,,
4152,05/19/21 13:45:00,27.186,,,,,
4153,05/19/21 14:00:00,27.161,,,,,
4154,05/19/21 14:15:00,27.161,,,,,
4155,05/19/21 14:30:00,27.308,,,,,
4156,05/19/21 14:45:00,27.235,,,,,
4157,05/19/21 15:00:00,27.161,,,,,
4158,05/19/21 15:15:00,26.989,,,,,
4159,05/19/21 15:30:00,27.063,,,,,
4160,05/19/21 15:45:00,27.136,,,,,
4161,05/19/21 16:00:00,27.112,,,,,
4162,05/19/21 16:15:00,26.989,,,,,
4163,05/19/21 16:30:00,26.940,,,,,
4164,05/19/21 16:45:00,27.186,,,,,
4165,05/19/21 17:00:00,27.210,,,,,
4166,05/19/21 17:15:00,27.235,,,,,
4167,05/19/21 17:30:00,27.235,,,,,
4168,05/19/21 17:45:00,27.161,,,,,
4169,05/19/21 18:00:00,27.063,,,,,
4170,05/19/21 18:15:00,27.210,,,,,
4171,05/19/21 18:30:00,27.087,,,,,
4172,05/19/21 18:45:00,27.136,,,,,
4173,05/19/21 19:00:00,27.186,,,,,
4174,05/19/21 19:15:00,27.308,,,,,
4175,05/19/21 19:30:00,27.333,,,,,
4176,05/19/21 19:45:00,27.333,,,,,
4177,05/19/21 20:00:00,27.333,,,,,
4178,05/19/21 20:15:00,27.259,,,,,
4179,05/19/21 20:30:00,27.333,,,,,
4180,05/19/21 20:45:00,27.259,,,,,
4181,05/19/21 21:00:00,27.186,,,,,
4182,05/19/21 21:15:00,27.186,,,,,
4183,05/19/21 21:30:00,27.284,,,,,
4184,05/19/21 21:45:00,27.333,,,,,
4185,05/19/21 22:00:00,27.284,,,,,
4186,05/19/21 22:15:00,27.284,,,,,
4187,05/19/21 22:30:00,27.284,,,,,
4188,05/19/21 22:45:00,27.112,,,,,
4189,05/19/21 23:00:00,27.063,,,,,
4190,05/19/21 23:15:00,26.916,,,,,
4191,05/19/21 23:30:00,27.014,,,,,
4192,05/19/21 23:45:00,27.063,,,,,
4193,05/20/21 00:00:00,26.891,,,,,
4194,05/20/21 00:15:00,26.916,,,,,
4195,05/20/21 00:30:00,26.867,,,,,
4196,05/20/21 00:45:00,26.793,,,,,
4197,05/20/21 01:00:00,26.818,,,,,
4198,05/20/21 01:15:00,26.793,,,,,
4199,05/20/21 01:30:00,26.769,,,,,
4200,05/20/21 01:45:00,26.916,,,,,
4201,05/20/21 02:00:00,26.891,,,,,
4202,05/20/21 02:15:00,26.989,,,,,
4203,05/20/21 02:30:00,26.769,,,,,
4204,05/20/21 02:45:00,26.818,,,,,
4205,05/20/21 03:00:00,26.867,,,,,
4206,05/20/21 03:15:00,26.891,,,,,
4207,05/20/21 03:30:00,26.891,,,,,
4208,05/20/21 03:45:00,26.818,,,,,
4209,05/20/21 04:00:00,26.744,,,,,
4210,05/20/21 04:15:00,26.744,,,,,
4211,05/20/21 04:30:00,26.720,,,,,
4212,05/20/21 04:45:00,26.769,,,,,
4213,05/20/21 05:00:00,26.842,,,,,
4214,05/20/21 05:15:00,26.720,,,,,
4215,05/20/21 05:30:00,26.720,,,,,
4216,05/20/21 05:45:00,26.793,,,,,
4217,05/20/21 06:00:00,26.891,,,,,
4218,05/20/21 06:15:00,26.842,,,,,
4219,05/20/21 06:30:00,26.842,,,,,
4220,05/20/21 06:45:00,26.818,,,,,
4221,05/20/21 07:00:00,26.867,,,,,
4222,05/20/21 07:15:00,26.744,,,,,
4223,05/20/21 07:30:00,26.867,,,,,
4224,05/20/21 07:45:00,26.891,,,,,
4225,05/20/21 08:00:00,26.793,,,,,
4226,05/20/21 08:15:00,27.038,,,,,
4227,05/20/21 08:30:00,27.014,,,,,
4228,05/20/21 08:45:00,27.038,,,,,
4229,05/20/21 09:00:00,26.965,,,,,
4230,05/20/21 09:15:00,27.038,,,,,
4231,05/20/21 09:30:00,27.038,,,,,
4232,05/20/21 09:45:00,27.038,,,,,
4233,05/20/21 10:00:00,27.087,,,,,
4234,05/20/21 10:15:00,27.186,,,,,
4235,05/20/21 10:30:00,27.235,,,,,
4236,05/20/21 10:45:00,27.259,,,,,
4237,05/20/21 11:00:00,27.284,,,,,
4238,05/20/21 11:15:00,27.308,,,,,
4239,05/20/21 11:30:00,27.382,,,,,
4240,05/20/21 11:45:00,27.333,,,,,
4241,05/20/21 12:00:00,27.333,,,,,
4242,05/20/21 12:15:00,27.308,,,,,
4243,05/20/21 12:30:00,27.284,,,,,
4244,05/20/21 12:45:00,27.284,,,,,
4245,05/20/21 13:00:00,27.259,,,,,
4246,05/20/21 13:15:00,27.259,,,,,
4247,05/20/21 13:30:00,27.235,,,,,
4248,05/20/21 13:45:00,27.136,,,,,
4249,05/20/21 14:00:00,27.136,,,,,
4250,05/20/21 14:15:00,27.186,,,,,
4251,05/20/21 14:30:00,27.136,,,,,
4252,05/20/21 14:45:00,27.136,,,,,
4253,05/20/21 15:00:00,27.161,,,,,
4254,05/20/21 15:15:00,27.210,,,,,
4255,05/20/21 15:30:00,27.210,,,,,
4256,05/20/21 15:45:00,27.235,,,,,
4257,05/20/21 16:00:00,27.186,,,,,
4258,05/20/21 16:15:00,27.210,,,,,
4259,05/20/21 16:30:00,27.259,,,,,
4260,05/20/21 16:45:00,27.382,,,,,
4261,05/20/21 17:00:00,27.431,,,,,
4262,05/20/21 17:15:00,27.456,,,,,
4263,05/20/21 17:30:00,27.431,,,,,
4264,05/20/21 17:45:00,27.456,,,,,
4265,05/20/21 18:00:00,27.481,,,,,
4266,05/20/21 18:15:00,27.308,,,,,
4267,05/20/21 18:30:00,27.235,,,,,
4268,05/20/21 18:45:00,27.284,,,,,
4269,05/20/21 19:00:00,27.530,,,,,
4270,05/20/21 19:15:00,27.333,,,,,
4271,05/20/21 19:30:00,27.358,,,,,
4272,05/20/21 19:45:00,27.210,,,,,
4273,05/20/21 20:00:00,27.235,,,,,
4274,05/20/21 20:15:00,27.284,,,,,
4275,05/20/21 20:30:00,27.308,,,,,
4276,05/20/21 20:45:00,27.382,,,,,
4277,05/20/21 21:00:00,27.407,,,,,
4278,05/20/21 21:15:00,27.407,,,,,
4279,05/20/21 21:30:00,27.382,,,,,
4280,05/20/21 21:45:00,27.382,,,,,
4281,05/20/21 22:00:00,27.333,,,,,
4282,05/20/21 22:15:00,27.481,,,,,
4283,05/20/21 22:30:00,27.284,,,,,
4284,05/20/21 22:45:00,27.456,,,,,
4285,05/20/21 23:00:00,27.210,,,,,
4286,05/20/21 23:15:00,26.989,,,,,
4287,05/20/21 23:30:00,27.038,,,,,
4288,05/20/21 23:45:00,26.989,,,,,
4289,05/21/21 00:00:00,27.014,,,,,
4290,05/21/21 00:15:00,27.136,,,,,
4291,05/21/21 00:30:00,27.210,,,,,
4292,05/21/21 00:45:00,27.112,,,,,
4293,05/21/21 01:00:00,27.087,,,,,
4294,05/21/21 01:15:00,27.210,,,,,
4295,05/21/21 01:30:00,27.333,,,,,
4296,05/21/21 01:45:00,27.431,,,,,
4297,05/21/21 02:00:00,27.530,,,,,
4298,05/21/21 02:15:00,27.284,,,,,
4299,05/21/21 02:30:00,27.087,,,,,
4300,05/21/21 02:45:00,27.063,,,,,
4301,05/21/21 03:00:00,26.916,,,,,
4302,05/21/21 03:15:00,26.989,,,,,
4303,05/21/21 03:30:00,27.014,,,,,
4304,05/21/21 03:45:00,26.940,,,,,
4305,05/21/21 04:00:00,26.646,,,,,
4306,05/21/21 04:15:00,26.646,,,,,
4307,05/21/21 04:30:00,26.671,,,,,
4308,05/21/21 04:45:00,26.744,,,,,
4309,05/21/21 05:00:00,27.014,,,,,
4310,05/21/21 05:15:00,26.818,,,,,
4311,05/21/21 05:30:00,27.014,,,,,
4312,05/21/21 05:45:00,26.769,,,,,
4313,05/21/21 06:00:00,26.695,,,,,
4314,05/21/21 06:15:00,26.867,,,,,
4315,05/21/21 06:30:00,26.818,,,,,
4316,05/21/21 06:45:00,26.818,,,,,
4317,05/21/21 07:00:00,26.989,,,,,
4318,05/21/21 07:15:00,26.965,,,,,
4319,05/21/21 07:30:00,26.965,,,,,
4320,05/21/21 07:45:00,26.965,,,,,
4321,05/21/21 08:00:00,26.989,,,,,
4322,05/21/21 08:15:00,27.038,,,,,
4323,05/21/21 08:30:00,27.161,,,,,
4324,05/21/21 08:45:00,27.210,,,,,
4325,05/21/21 09:00:00,26.989,,,,,
4326,05/21/21 09:15:00,26.989,,,,,
4327,05/21/21 09:30:00,26.965,,,,,
4328,05/21/21 09:45:00,26.989,,,,,
4329,05/21/21 10:00:00,26.940,,,,,
4330,05/21/21 10:15:00,26.940,,,,,
4331,05/21/21 10:30:00,27.063,,,,,
4332,05/21/21 10:45:00,27.161,,,,,
4333,05/21/21 11:00:00,27.186,,,,,
4334,05/21/21 11:15:00,27.136,,,,,
4335,05/21/21 11:30:00,27.136,,,,,
4336,05/21/21 11:45:00,27.161,,,,,
4337,05/21/21 12:00:00,27.186,,,,,
4338,05/21/21 12:15:00,27.087,,,,,
4339,05/21/21 12:30:00,27.161,,,,,
4340,05/21/21 12:45:00,27.284,,,,,
4341,05/21/21 13:00:00,27.308,,,,,
4342,05/21/21 13:15:00,27.284,,,,,
4343,05/21/21 13:30:00,27.284,,,,,
4344,05/21/21 13:45:00,27.259,,,,,
4345,05/21/21 14:00:00,27.308,,,,,
4346,05/21/21 14:15:00,27.284,,,,,
4347,05/21/21 14:30:00,27.333,,,,,
4348,05/21/21 14:45:00,27.358,,,,,
4349,05/21/21 15:00:00,27.382,,,,,
4350,05/21/21 15:15:00,27.063,,,,,
4351,05/21/21 15:30:00,27.136,,,,,
4352,05/21/21 15:45:00,27.333,,,,,
4353,05/21/21 16:00:00,27.333,,,,,
4354,05/21/21 16:15:00,27.259,,,,,
4355,05/21/21 16:30:00,27.235,,,,,
4356,05/21/21 16:45:00,27.186,,,,,
4357,05/21/21 17:00:00,27.235,,,,,
4358,05/21/21 17:15:00,27.210,,,,,
4359,05/21/21 17:30:00,27.210,,,,,
4360,05/21/21 17:45:00,27.161,,,,,
4361,05/21/21 18:00:00,27.186,,,,,
4362,05/21/21 18:15:00,27.235,,,,,
4363,05/21/21 18:30:00,27.259,,,,,
4364,05/21/21 18:45:00,27.235,,,,,
4365,05/21/21 19:00:00,27.284,,,,,
4366,05/21/21 19:15:00,27.136,,,,,
4367,05/21/21 19:30:00,27.210,,,,,
4368,05/21/21 19:45:00,27.259,,,,,
4369,05/21/21 20:00:00,27.210,,,,,
4370,05/21/21 20:15:00,27.333,,,,,
4371,05/21/21 20:30:00,27.382,,,,,
4372,05/21/21 20:45:00,27.382,,,,,
4373,05/21/21 21:00:00,27.333,,,,,
4374,05/21/21 21:15:00,27.259,,,,,
4375,05/21/21 21:30:00,27.112,,,,,
4376,05/21/21 21:45:00,26.989,,,,,
4377,05/21/21 22:00:00,26.989,,,,,
4378,05/21/21 22:15:00,27.087,,,,,
4379,05/21/21 22:30:00,27.038,,,,,
4380,05/21/21 22:45:00,26.989,,,,,
4381,05/21/21 23:00:00,26.916,,,,,
4382,05/21/21 23:15:00,26.916,,,,,
4383,05/21/21 23:30:00,26.940,,,,,
4384,05/21/21 23:45:00,26.916,,,,,
4385,05/22/21 00:00:00,26.940,,,,,
4386,05/22/21 00:15:00,26.940,,,,,
4387,05/22/21 00:30:00,26.940,,,,,
4388,05/22/21 00:45:00,27.112,,,,,
4389,05/22/21 01:00:00,27.014,,,,,
4390,05/22/21 01:15:00,27.161,,,,,
4391,05/22/21 01:30:00,27.259,,,,,
4392,05/22/21 01:45:00,27.333,,,,,
4393,05/22/21 02:00:00,27.014,,,,,
4394,05/22/21 02:15:00,27.014,,,,,
4395,05/22/21 02:30:00,27.136,,,,,
4396,05/22/21 02:45:00,27.038,,,,,
4397,05/22/21 03:00:00,27.112,,,,,
4398,05/22/21 03:15:00,27.063,,,,,
4399,05/22/21 03:30:00,27.210,,,,,
4400,05/22/21 03:45:00,27.186,,,,,
4401,05/22/21 04:00:00,27.186,,,,,
4402,05/22/21 04:15:00,27.038,,,,,
4403,05/22/21 04:30:00,27.014,,,,,
4404,05/22/21 04:45:00,27.014,,,,,
4405,05/22/21 05:00:00,27.087,,,,,
4406,05/22/21 05:15:00,27.014,,,,,
4407,05/22/21 05:30:00,27.136,,,,,
4408,05/22/21 05:45:00,27.038,,,,,
4409,05/22/21 06:00:00,27.063,,,,,
4410,05/22/21 06:15:00,27.014,,,,,
4411,05/22/21 06:30:00,27.161,,,,,
4412,05/22/21 06:45:00,27.235,,,,,
4413,05/22/21 07:00:00,27.063,,,,,
4414,05/22/21 07:15:00,27.210,,,,,
4415,05/22/21 07:30:00,27.210,,,,,
4416,05/22/21 07:45:00,27.259,,,,,
4417,05/22/21 08:00:00,27.431,,,,,
4418,05/22/21 08:15:00,27.407,,,,,
4419,05/22/21 08:30:00,27.456,,,,,
4420,05/22/21 08:45:00,27.308,,,,,
4421,05/22/21 09:00:00,27.333,,,,,
4422,05/22/21 09:15:00,26.965,,,,,
4423,05/22/21 09:30:00,26.940,,,,,
4424,05/22/21 09:45:00,26.989,,,,,
4425,05/22/21 10:00:00,26.891,,,,,
4426,05/22/21 10:15:00,26.891,,,,,
4427,05/22/21 10:30:00,26.940,,,,,
4428,05/22/21 10:45:00,27.087,,,,,
4429,05/22/21 11:00:00,26.965,,,,,
4430,05/22/21 11:15:00,27.087,,,,,
4431,05/22/21 11:30:00,27.112,,,,,
4432,05/22/21 11:45:00,27.112,,,,,
4433,05/22/21 12:00:00,27.186,,,,,
4434,05/22/21 12:15:00,27.259,,,,,
4435,05/22/21 12:30:00,27.308,,,,,
4436,05/22/21 12:45:00,27.358,,,,,
4437,05/22/21 13:00:00,27.456,,,,,
4438,05/22/21 13:15:00,27.505,,,,,
4439,05/22/21 13:30:00,27.554,,,,,
4440,05/22/21 13:45:00,27.579,,,,,
4441,05/22/21 14:00:00,27.604,,,,,
4442,05/22/21 14:15:00,27.579,,,,,
4443,05/22/21 14:30:00,27.579,,,,,
4444,05/22/21 14:45:00,27.604,,,,,
4445,05/22/21 15:00:00,27.382,,,,,
4446,05/22/21 15:15:00,27.407,,,,,
4447,05/22/21 15:30:00,27.505,,,,,
4448,05/22/21 15:45:00,27.604,,,,,
4449,05/22/21 16:00:00,27.653,,,,,
4450,05/22/21 16:15:00,27.628,,,,,
4451,05/22/21 16:30:00,27.677,,,,,
4452,05/22/21 16:45:00,27.727,,,,,
4453,05/22/21 17:00:00,27.727,,,,,
4454,05/22/21 17:15:00,27.702,,,,,
4455,05/22/21 17:30:00,27.702,,,,,
4456,05/22/21 17:45:00,27.727,,,,,
4457,05/22/21 18:00:00,27.702,,,,,
4458,05/22/21 18:15:00,27.481,,,,,
4459,05/22/21 18:30:00,27.653,,,,,
4460,05/22/21 18:45:00,27.677,,,,,
4461,05/22/21 19:00:00,27.481,,,,,
4462,05/22/21 19:15:00,27.431,,,,,
4463,05/22/21 19:30:00,27.530,,,,,
4464,05/22/21 19:45:00,27.702,,,,,
4465,05/22/21 20:00:00,27.702,,,,,
4466,05/22/21 20:15:00,27.677,,,,,
4467,05/22/21 20:30:00,27.653,,,,,
4468,05/22/21 20:45:00,27.702,,,,,
4469,05/22/21 21:00:00,27.702,,,,,
4470,05/22/21 21:15:00,27.702,,,,,
4471,05/22/21 21:30:00,27.702,,,,,
4472,05/22/21 21:45:00,27.702,,,,,
4473,05/22/21 22:00:00,27.677,,,,,
4474,05/22/21 22:15:00,27.702,,,,,
4475,05/22/21 22:30:00,27.677,,,,,
4476,05/22/21 22:45:00,27.677,,,,,
4477,05/22/21 23:00:00,27.677,,,,,
4478,05/22/21 23:15:00,27.677,,,,,
4479,05/22/21 23:30:00,27.628,,,,,
4480,05/22/21 23:45:00,27.653,,,,,
4481,05/23/21 00:00:00,27.628,,,,,
4482,05/23/21 00:15:00,27.456,,,,,
4483,05/23/21 00:30:00,27.579,,,,,
4484,05/23/21 00:45:00,27.530,,,,,
4485,05/23/21 01:00:00,27.579,,,,,
4486,05/23/21 01:15:00,27.604,,,,,
4487,05/23/21 01:30:00,27.653,,,,,
4488,05/23/21 01:45:00,27.628,,,,,
4489,05/23/21 02:00:00,27.628,,,,,
4490,05/23/21 02:15:00,27.677,,,,,
4491,05/23/21 02:30:00,27.801,,,,,
4492,05/23/21 02:45:00,27.875,,,,,
4493,05/23/21 03:00:00,27.481,,,,,
4494,05/23/21 03:15:00,27.333,,,,,
4495,05/23/21 03:30:00,27.382,,,,,
4496,05/23/21 03:45:00,27.382,,,,,
4497,05/23/21 04:00:00,27.284,,,,,
4498,05/23/21 04:15:00,27.235,,,,,
4499,05/23/21 04:30:00,27.210,,,,,
4500,05/23/21 04:45:00,27.284,,,,,
4501,05/23/21 05:00:00,27.358,,,,,
4502,05/23/21 05:15:00,27.407,,,,,
4503,05/23/21 05:30:00,27.333,,,,,
4504,05/23/21 05:45:00,27.333,,,,,
4505,05/23/21 06:00:00,27.284,,,,,
4506,05/23/21 06:15:00,27.333,,,,,
4507,05/23/21 06:30:00,27.333,,,,,
4508,05/23/21 06:45:00,27.308,,,,,
4509,05/23/21 07:00:00,27.136,,,,,
4510,05/23/21 07:15:00,27.136,,,,,
4511,05/23/21 07:30:00,27.161,,,,,
4512,05/23/21 07:45:00,27.136,,,,,
4513,05/23/21 08:00:00,27.186,,,,,
4514,05/23/21 08:15:00,27.136,,,,,
4515,05/23/21 08:30:00,27.186,,,,,
4516,05/23/21 08:45:00,27.186,,,,,
4517,05/23/21 09:00:00,27.186,,,,,
4518,05/23/21 09:15:00,27.161,,,,,
4519,05/23/21 09:30:00,27.210,,,,,
4520,05/23/21 09:45:00,27.431,,,,,
4521,05/23/21 10:00:00,27.136,,,,,
4522,05/23/21 10:15:00,27.087,,,,,
4523,05/23/21 10:30:00,27.038,,,,,
4524,05/23/21 10:45:00,27.112,,,,,
4525,05/23/21 11:00:00,27.333,,,,,
4526,05/23/21 11:15:00,27.382,,,,,
4527,05/23/21 11:30:00,27.382,,,,,
4528,05/23/21 11:45:00,27.235,,,,,
4529,05/23/21 12:00:00,27.161,,,,,
4530,05/23/21 12:15:00,26.989,,,,,
4531,05/23/21 12:30:00,27.087,,,,,
4532,05/23/21 12:45:00,27.210,,,,,
4533,05/23/21 13:00:00,27.333,,,,,
4534,05/23/21 13:15:00,27.481,,,,,
4535,05/23/21 13:30:00,27.530,,,,,
4536,05/23/21 13:45:00,27.505,,,,,
4537,05/23/21 14:00:00,27.554,,,,,
4538,05/23/21 14:15:00,27.604,,,,,
4539,05/23/21 14:30:00,27.604,,,,,
4540,05/23/21 14:45:00,27.456,,,,,
4541,05/23/21 15:00:00,27.481,,,,,
4542,05/23/21 15:15:00,27.431,,,,,
4543,05/23/21 15:30:00,27.456,,,,,
4544,05/23/21 15:45:00,27.481,,,,,
4545,05/23/21 16:00:00,27.382,,,,,
4546,05/23/21 16:15:00,27.382,,,,,
4547,05/23/21 16:30:00,27.358,,,,,
4548,05/23/21 16:45:00,27.333,,,,,
4549,05/23/21 17:00:00,27.333,,,,,
4550,05/23/21 17:15:00,27.308,,,,,
4551,05/23/21 17:30:00,27.284,,,,,
4552,05/23/21 17:45:00,27.284,,,,,
4553,05/23/21 18:00:00,27.284,,,,,
4554,05/23/21 18:15:00,27.235,,,,,
4555,05/23/21 18:30:00,27.186,,,,,
4556,05/23/21 18:45:00,27.161,,,,,
4557,05/23/21 19:00:00,27.431,,,,,
4558,05/23/21 19:15:00,27.333,,,,,
4559,05/23/21 19:30:00,27.382,,,,,
4560,05/23/21 19:45:00,27.259,,,,,
4561,05/23/21 20:00:00,27.235,,,,,
4562,05/23/21 20:15:00,27.284,,,,,
4563,05/23/21 20:30:00,27.382,,,,,
4564,05/23/21 20:45:00,27.407,,,,,
4565,05/23/21 21:00:00,27.481,,,,,
4566,05/23/21 21:15:00,27.382,,,,,
4567,05/23/21 21:30:00,27.210,,,,,
4568,05/23/21 21:45:00,27.087,,,,,
4569,05/23/21 22:00:00,27.136,,,,,
4570,05/23/21 22:15:00,27.407,,,,,
4571,05/23/21 22:30:00,27.456,,,,,
4572,05/23/21 22:45:00,27.505,,,,,
4573,05/23/21 23:00:00,27.530,,,,,
4574,05/23/21 23:15:00,27.530,,,,,
4575,05/23/21 23:30:00,27.530,,,,,
4576,05/23/21 23:45:00,27.456,,,,,
4577,05/24/21 00:00:00,27.382,,,,,
4578,05/24/21 00:15:00,27.382,,,,,
4579,05/24/21 00:30:00,27.456,,,,,
4580,05/24/21 00:45:00,27.530,,,,,
4581,05/24/21 01:00:00,27.481,,,,,
4582,05/24/21 01:15:00,27.505,,,,,
4583,05/24/21 01:30:00,27.259,,,,,
4584,05/24/21 01:45:00,27.333,,,,,
4585,05/24/21 02:00:00,27.530,,,,,
4586,05/24/21 02:15:00,27.333,,,,,
4587,05/24/21 02:30:00,27.136,,,,,
4588,05/24/21 02:45:00,27.112,,,,,
4589,05/24/21 03:00:00,27.136,,,,,
4590,05/24/21 03:15:00,27.407,,,,,
4591,05/24/21 03:30:00,27.530,,,,,
4592,05/24/21 03:45:00,27.481,,,,,
4593,05/24/21 04:00:00,27.604,,,,,
4594,05/24/21 04:15:00,27.604,,,,,
4595,05/24/21 04:30:00,27.579,,,,,
4596,05/24/21 04:45:00,27.579,,,,,
4597,05/24/21 05:00:00,27.530,,,,,
4598,05/24/21 05:15:00,27.530,,,,,
4599,05/24/21 05:30:00,27.554,,,,,
4600,05/24/21 05:45:00,27.481,,,,,
4601,05/24/21 06:00:00,27.505,,,,,
4602,05/24/21 06:15:00,27.505,,,,,
4603,05/24/21 06:30:00,27.505,,,,,
4604,05/24/21 06:45:00,27.530,,,,,
4605,05/24/21 07:00:00,27.554,,,,,
4606,05/24/21 07:15:00,27.579,,,,,
4607,05/24/21 07:30:00,27.579,,,,,
4608,05/24/21 07:45:00,27.579,,,,,
4609,05/24/21 08:00:00,27.604,,,,,
4610,05/24/21 08:15:00,27.604,,,,,
4611,05/24/21 08:30:00,27.604,,,,,
4612,05/24/21 08:45:00,27.604,,,,,
4613,05/24/21 09:00:00,27.604,,,,,
4614,05/24/21 09:15:00,27.579,,,,,
4615,05/24/21 09:30:00,27.579,,,,,
4616,05/24/21 09:45:00,27.579,,,,,
4617,05/24/21 10:00:00,27.579,,,,,
4618,05/24/21 10:15:00,27.579,,,,,
4619,05/24/21 10:30:00,27.579,,,,,
4620,05/24/21 10:45:00,27.579,,,,,
4621,05/24/21 11:00:00,27.604,,,,,
4622,05/24/21 11:15:00,27.604,,,,,
4623,05/24/21 11:30:00,27.604,,,,,
4624,05/24/21 11:45:00,27.604,,,,,
4625,05/24/21 12:00:00,27.604,,,,,
4626,05/24/21 12:15:00,27.604,,,,,
4627,05/24/21 12:30:00,27.604,,,,,
4628,05/24/21 12:45:00,27.628,,,,,
4629,05/24/21 13:00:00,27.628,,,,,
4630,05/24/21 13:15:00,27.579,,,,,
4631,05/24/21 13:30:00,27.604,,,,,
4632,05/24/21 13:45:00,27.604,,,,,
4633,05/24/21 14:00:00,27.628,,,,,
4634,05/24/21 14:15:00,27.628,,,,,
4635,05/24/21 14:30:00,27.653,,,,,
4636,05/24/21 14:45:00,27.653,,,,,
4637,05/24/21 15:00:00,27.653,,,,,
4638,05/24/21 15:15:00,27.677,,,,,
4639,05/24/21 15:30:00,27.702,,,,,
4640,05/24/21 15:45:00,27.702,,,,,
4641,05/24/21 16:00:00,27.677,,,,,
4642,05/24/21 16:15:00,27.677,,,,,
4643,05/24/21 16:30:00,27.702,,,,,
4644,05/24/21 16:45:00,27.727,,,,,
4645,05/24/21 17:00:00,27.727,,,,,
4646,05/24/21 17:15:00,27.702,,,,,
4647,05/24/21 17:30:00,27.751,,,,,
4648,05/24/21 17:45:00,27.505,,,,,
4649,05/24/21 18:00:00,27.259,,,,,
4650,05/24/21 18:15:00,27.333,,,,,
4651,05/24/21 18:30:00,27.431,,,,,
4652,05/24/21 18:45:00,27.579,,,,,
4653,05/24/21 19:00:00,27.604,,,,,
4654,05/24/21 19:15:00,27.505,,,,,
4655,05/24/21 19:30:00,27.481,,,,,
4656,05/24/21 19:45:00,27.554,,,,,
4657,05/24/21 20:00:00,27.481,,,,,
4658,05/24/21 20:15:00,27.333,,,,,
4659,05/24/21 20:30:00,27.530,,,,,
4660,05/24/21 20:45:00,27.554,,,,,
4661,05/24/21 21:00:00,27.456,,,,,
4662,05/24/21 21:15:00,27.554,,,,,
4663,05/24/21 21:30:00,27.505,,,,,
4664,05/24/21 21:45:00,27.382,,,,,
4665,05/24/21 22:00:00,27.431,,,,,
4666,05/24/21 22:15:00,27.801,,,,,
4667,05/24/21 22:30:00,27.801,,,,,
4668,05/24/21 22:45:00,27.825,,,,,
4669,05/24/21 23:00:00,27.825,,,,,
4670,05/24/21 23:15:00,27.825,,,,,
4671,05/24/21 23:30:00,27.505,,,,,
4672,05/24/21 23:45:00,27.481,,,,,
4673,05/25/21 00:00:00,27.751,,,,,
4674,05/25/21 00:15:00,27.801,,,,,
4675,05/25/21 00:30:00,27.825,,,,,
4676,05/25/21 00:45:00,27.825,,,,,
4677,05/25/21 01:00:00,27.801,,,,,
4678,05/25/21 01:15:00,27.776,,,,,
4679,05/25/21 01:30:00,27.776,,,,,
4680,05/25/21 01:45:00,27.801,,,,,
4681,05/25/21 02:00:00,27.776,,,,,
4682,05/25/21 02:15:00,27.751,,,,,
4683,05/25/21 02:30:00,27.776,,,,,
4684,05/25/21 02:45:00,27.776,,,,,
4685,05/25/21 03:00:00,27.801,,,,,
4686,05/25/21 03:15:00,27.801,,,,,
4687,05/25/21 03:30:00,27.801,,,,,
4688,05/25/21 03:45:00,27.801,,,,,
4689,05/25/21 04:00:00,27.801,,,,,
4690,05/25/21 04:15:00,27.801,,,,,
4691,05/25/21 04:30:00,27.751,,,,,
4692,05/25/21 04:45:00,27.776,,,,,
4693,05/25/21 05:00:00,27.776,,,,,
4694,05/25/21 05:15:00,27.801,,,,,
4695,05/25/21 05:30:00,27.801,,,,,
4696,05/25/21 05:45:00,27.801,,,,,
4697,05/25/21 06:00:00,27.801,,,,,
4698,05/25/21 06:15:00,27.776,,,,,
4699,05/25/21 06:30:00,27.776,,,,,
4700,05/25/21 06:45:00,27.751,,,,,
4701,05/25/21 07:00:00,27.727,,,,,
4702,05/25/21 07:15:00,27.333,,,,,
4703,05/25/21 07:30:00,27.677,,,,,
4704,05/25/21 07:45:00,27.677,,,,,
4705,05/25/21 08:00:00,27.727,,,,,
4706,05/25/21 08:15:00,27.727,,,,,
4707,05/25/21 08:30:00,27.727,,,,,
4708,05/25/21 08:45:00,27.751,,,,,
4709,05/25/21 09:00:00,27.751,,,,,
4710,05/25/21 09:15:00,27.751,,,,,
4711,05/25/21 09:30:00,27.751,,,,,
4712,05/25/21 09:45:00,27.751,,,,,
4713,05/25/21 10:00:00,27.456,,,,,
4714,05/25/21 10:15:00,27.186,,,,,
4715,05/25/21 10:30:00,27.407,,,,,
4716,05/25/21 10:45:00,27.456,,,,,
4717,05/25/21 11:00:00,27.677,,,,,
4718,05/25/21 11:15:00,27.677,,,,,
4719,05/25/21 11:30:00,27.677,,,,,
4720,05/25/21 11:45:00,27.308,,,,,
4721,05/25/21 12:00:00,27.554,,,,,
4722,05/25/21 12:15:00,27.431,,,,,
4723,05/25/21 12:30:00,27.653,,,,,
4724,05/25/21 12:45:00,27.702,,,,,
4725,05/25/21 13:00:00,27.702,,,,,
4726,05/25/21 13:15:00,27.727,,,,,
4727,05/25/21 13:30:00,27.727,,,,,
4728,05/25/21 13:45:00,27.751,,,,,
4729,05/25/21 14:00:00,27.776,,,,,
4730,05/25/21 14:15:00,27.776,,,,,
4731,05/25/21 14:30:00,27.776,,,,,
4732,05/25/21 14:45:00,27.801,,,,,
4733,05/25/21 15:00:00,27.825,,,,,
4734,05/25/21 15:15:00,27.825,,,,,
4735,05/25/21 15:30:00,27.825,,,,,
4736,05/25/21 15:45:00,27.801,,,,,
4737,05/25/21 16:00:00,27.850,,,,,
4738,05/25/21 16:15:00,27.850,,,,,
4739,05/25/21 16:30:00,27.850,,,,,
4740,05/25/21 16:45:00,27.850,,,,,
4741,05/25/21 17:00:00,27.875,,,,,
4742,05/25/21 17:15:00,27.899,,,,,
4743,05/25/21 17:30:00,27.924,,,,,
4744,05/25/21 17:45:00,27.924,,,,,
4745,05/25/21 18:00:00,27.949,,,,,
4746,05/25/21 18:15:00,27.431,,,,,
4747,05/25/21 18:30:00,27.358,,,,,
4748,05/25/21 18:45:00,27.284,,,,,
4749,05/25/21 19:00:00,27.284,,,,,
4750,05/25/21 19:15:00,27.284,,,,,
4751,05/25/21 19:30:00,27.284,,,,,
4752,05/25/21 19:45:00,27.333,,,,,
4753,05/25/21 20:00:00,27.924,,,,,
4754,05/25/21 20:15:00,27.974,,,,,
4755,05/25/21 20:30:00,27.899,,,,,
4756,05/25/21 20:45:00,27.998,,,,,
4757,05/25/21 21:00:00,27.431,,,,,
4758,05/25/21 21:15:00,27.259,,,,,
4759,05/25/21 21:30:00,27.284,,,,,
4760,05/25/21 21:45:00,27.087,,,,,
4761,05/25/21 22:00:00,27.308,,,,,
4762,05/25/21 22:15:00,27.333,,,,,
4763,05/25/21 22:30:00,27.284,,,,,
4764,05/25/21 22:45:00,27.308,,,,,
4765,05/25/21 23:00:00,27.382,,,,,
4766,05/25/21 23:15:00,27.481,,,,,
4767,05/25/21 23:30:00,27.431,,,,,
4768,05/25/21 23:45:00,27.481,,,,,
4769,05/26/21 00:00:00,27.505,,,,,
4770,05/26/21 00:15:00,27.505,,,,,
4771,05/26/21 00:30:00,27.530,,,,,
4772,05/26/21 00:45:00,27.431,,,,,
4773,05/26/21 01:00:00,27.530,,,,,
4774,05/26/21 01:15:00,27.554,,,,,
4775,05/26/21 01:30:00,27.554,,,,,
4776,05/26/21 01:45:00,27.554,,,,,
4777,05/26/21 02:00:00,27.579,,,,,
4778,05/26/21 02:15:00,27.530,,,,,
4779,05/26/21 02:30:00,27.554,,,,,
4780,05/26/21 02:45:00,27.530,,,,,
4781,05/26/21 03:00:00,27.751,,,,,
4782,05/26/21 03:15:00,27.875,,,,,
4783,05/26/21 03:30:00,27.875,,,,,
4784,05/26/21 03:45:00,27.899,,,,,
4785,05/26/21 04:00:00,27.899,,,,,
4786,05/26/21 04:15:00,27.825,,,,,
4787,05/26/21 04:30:00,27.801,,,,,
4788,05/26/21 04:45:00,27.776,,,,,
4789,05/26/21 05:00:00,27.825,,,,,
4790,05/26/21 05:15:00,27.776,,,,,
4791,05/26/21 05:30:00,27.875,,,,,
4792,05/26/21 05:45:00,27.825,,,,,
4793,05/26/21 06:00:00,27.825,,,,,
4794,05/26/21 06:15:00,27.825,,,,,
4795,05/26/21 06:30:00,27.850,,,,,
4796,05/26/21 06:45:00,27.850,,,,,
4797,05/26/21 07:00:00,27.875,,,,,
4798,05/26/21 07:15:00,27.875,,,,,
4799,05/26/21 07:30:00,27.875,,,,,
4800,05/26/21 07:45:00,27.875,,,,,
4801,05/26/21 08:00:00,27.875,,,,,
4802,05/26/21 08:15:00,27.875,,,,,
4803,05/26/21 08:30:00,27.850,,,,,
4804,05/26/21 08:45:00,27.875,,,,,
4805,05/26/21 09:00:00,27.875,,,,,
4806,05/26/21 09:15:00,27.875,,,,,
4807,05/26/21 09:30:00,27.850,,,,,
4808,05/26/21 09:45:00,27.850,,,,,
4809,05/26/21 10:00:00,27.875,,,,,
4810,05/26/21 10:15:00,27.875,,,,,
4811,05/26/21 10:30:00,27.875,,,,,
4812,05/26/21 10:45:00,27.825,,,,,
4813,05/26/21 11:00:00,27.850,,,,,
4814,05/26/21 11:15:00,27.850,,,,,
4815,05/26/21 11:30:00,27.825,,,,,
4816,05/26/21 11:45:00,27.825,,,,,
4817,05/26/21 12:00:00,27.924,,,,,
4818,05/26/21 12:15:00,27.949,,,,,
4819,05/26/21 12:30:00,27.949,,,,,
4820,05/26/21 12:45:00,27.974,,,,,
4821,05/26/21 13:00:00,27.924,,,,,
4822,05/26/21 13:15:00,27.899,,,,,
4823,05/26/21 13:30:00,27.899,,,,,
4824,05/26/21 13:45:00,27.924,,,,,
4825,05/26/21 14:00:00,27.924,,,,,
4826,05/26/21 14:15:00,27.801,,,,,
4827,05/26/21 14:30:00,27.924,,,,,
4828,05/26/21 14:45:00,27.850,,,,,
4829,05/26/21 15:00:00,27.875,,,,,
4830,05/26/21 15:15:00,27.875,,,,,
4831,05/26/21 15:30:00,27.899,,,,,
4832,05/26/21 15:45:00,27.899,,,,,
4833,05/26/21 16:00:00,27.850,,,,,
4834,05/26/21 16:15:00,27.850,,,,,
4835,05/26/21 16:30:00,27.850,,,,,
4836,05/26/21 16:45:00,27.850,,,,,
4837,05/26/21 17:00:00,27.850,,,,,
4838,05/26/21 17:15:00,27.850,,,,,
4839,05/26/21 17:30:00,27.899,,,,,
4840,05/26/21 17:45:00,27.998,,,,,
4841,05/26/21 18:00:00,27.998,,,,,
4842,05/26/21 18:15:00,27.998,,,,,
4843,05/26/21 18:30:00,27.949,,,,,
4844,05/26/21 18:45:00,27.949,,,,,
4845,05/26/21 19:00:00,27.284,,,,,
4846,05/26/21 19:15:00,27.358,,,,,
4847,05/26/21 19:30:00,27.850,,,,,
4848,05/26/21 19:45:00,27.358,,,,,
4849,05/26/21 20:00:00,27.530,,,,,
4850,05/26/21 20:15:00,27.653,,,,,
4851,05/26/21 20:30:00,27.924,,,,,
4852,05/26/21 20:45:00,27.776,,,,,
4853,05/26/21 21:00:00,28.023,,,,,
4854,05/26/21 21:15:00,28.097,,,,,
4855,05/26/21 21:30:00,28.072,,,,,
4856,05/26/21 21:45:00,28.072,,,,,
4857,05/26/21 22:00:00,28.072,,,,,
4858,05/26/21 22:15:00,28.072,,,,,
4859,05/26/21 22:30:00,28.023,,,,,
4860,05/26/21 22:45:00,27.998,,,,,
4861,05/26/21 23:00:00,28.023,,,,,
4862,05/26/21 23:15:00,28.023,,,,,
4863,05/26/21 23:30:00,28.023,,,,,
4864,05/26/21 23:45:00,28.023,,,,,
4865,05/27/21 00:00:00,27.924,,,,,
4866,05/27/21 00:15:00,27.407,,,,,
4867,05/27/21 00:30:00,27.407,,,,,
4868,05/27/21 00:45:00,27.481,,,,,
4869,05/27/21 01:00:00,27.554,,,,,
4870,05/27/21 01:15:00,27.924,,,,,
4871,05/27/21 01:30:00,27.998,,,,,
4872,05/27/21 01:45:00,28.072,,,,,
4873,05/27/21 02:00:00,28.072,,,,,
4874,05/27/21 02:15:00,28.023,,,,,
4875,05/27/21 02:30:00,27.382,,,,,
4876,05/27/21 02:45:00,27.333,,,,,
4877,05/27/21 03:00:00,27.407,,,,,
4878,05/27/21 03:15:00,27.284,,,,,
4879,05/27/21 03:30:00,27.284,,,,,
4880,05/27/21 03:45:00,27.998,,,,,
4881,05/27/21 04:00:00,28.023,,,,,
4882,05/27/21 04:15:00,28.072,,,,,
4883,05/27/21 04:30:00,28.048,,,,,
4884,05/27/21 04:45:00,28.023,,,,,
4885,05/27/21 05:00:00,28.023,,,,,
4886,05/27/21 05:15:00,28.023,,,,,
4887,05/27/21 05:30:00,28.023,,,,,
4888,05/27/21 05:45:00,27.998,,,,,
4889,05/27/21 06:00:00,28.023,,,,,
4890,05/27/21 06:15:00,28.023,,,,,
4891,05/27/21 06:30:00,27.998,,,,,
4892,05/27/21 06:45:00,27.974,,,,,
4893,05/27/21 07:00:00,27.949,,,,,
4894,05/27/21 07:15:00,27.949,,,,,
4895,05/27/21 07:30:00,27.949,,,,,
4896,05/27/21 07:45:00,27.974,,,,,
4897,05/27/21 08:00:00,27.924,,,,,
4898,05/27/21 08:15:00,27.924,,,,,
4899,05/27/21 08:30:00,27.924,,,,,
4900,05/27/21 08:45:00,27.924,,,,,
4901,05/27/21 09:00:00,27.924,,,,,
4902,05/27/21 09:15:00,27.949,,,,,
4903,05/27/21 09:30:00,27.949,,,,,
4904,05/27/21 09:45:00,27.382,,,,,
4905,05/27/21 10:00:00,27.063,,,,,
4906,05/27/21 10:15:00,26.989,,,,,
4907,05/27/21 10:30:00,26.891,,,,,
4908,05/27/21 10:45:00,26.989,,,,,
4909,05/27/21 11:00:00,27.038,,,,,
4910,05/27/21 11:15:00,27.087,,,,,
4911,05/27/21 11:30:00,27.087,,,,,
4912,05/27/21 11:45:00,27.063,,,,,
4913,05/27/21 12:00:00,27.112,,,,,
4914,05/27/21 12:15:00,27.186,,,,,
4915,05/27/21 12:30:00,27.210,,,,,
4916,05/27/21 12:45:00,27.284,,,,,
4917,05/27/21 13:00:00,27.358,,,,,
4918,05/27/21 13:15:00,27.431,,,,,
4919,05/27/21 13:30:00,27.505,,,,,
4920,05/27/21 13:45:00,27.579,,,,,
4921,05/27/21 14:00:00,27.579,,,,,
4922,05/27/21 14:15:00,27.604,,,,,
4923,05/27/21 14:30:00,27.653,,,,,
4924,05/27/21 14:45:00,27.628,,,,,
4925,05/27/21 15:00:00,27.653,,,,,
4926,05/27/21 15:15:00,27.653,,,,,
4927,05/27/21 15:30:00,27.677,,,,,
4928,05/27/21 15:45:00,27.751,,,,,
4929,05/27/21 16:00:00,27.776,,,,,
4930,05/27/21 16:15:00,27.899,,,,,
4931,05/27/21 16:30:00,27.924,,,,,
4932,05/27/21 16:45:00,27.949,,,,,
4933,05/27/21 17:00:00,27.949,,,,,
4934,05/27/21 17:15:00,27.949,,,,,
4935,05/27/21 17:30:00,27.949,,,,,
4936,05/27/21 17:45:00,27.974,,,,,
4937,05/27/21 18:00:00,27.924,,,,,
4938,05/27/21 18:15:00,27.850,,,,,
4939,05/27/21 18:30:00,27.875,,,,,
4940,05/27/21 18:45:00,27.899,,,,,
4941,05/27/21 19:00:00,27.727,,,,,
4942,05/27/21 19:15:00,27.776,,,,,
4943,05/27/21 19:30:00,27.825,,,,,
4944,05/27/21 19:45:00,27.875,,,,,
4945,05/27/21 20:00:00,27.751,,,,,
4946,05/27/21 20:15:00,27.604,,,,,
4947,05/27/21 20:30:00,27.554,,,,,
4948,05/27/21 20:45:00,27.554,,,,,
4949,05/27/21 21:00:00,27.604,,,,,
4950,05/27/21 21:15:00,27.530,,,,,
4951,05/27/21 21:30:00,27.530,,,,,
4952,05/27/21 21:45:00,27.087,,,,,
4953,05/27/21 22:00:00,27.063,,,,,
4954,05/27/21 22:15:00,27.038,,,,,
4955,05/27/21 22:30:00,27.038,,,,,
4956,05/27/21 22:45:00,27.038,,,,,
4957,05/27/21 23:00:00,27.038,,,,,
4958,05/27/21 23:15:00,27.136,,,,,
4959,05/27/21 23:30:00,27.038,,,,,
4960,05/27/21 23:45:00,27.014,,,,,
4961,05/28/21 00:00:00,27.014,,,,,
4962,05/28/21 00:15:00,27.087,,,,,
4963,05/28/21 00:30:00,27.063,,,,,
4964,05/28/21 00:45:00,27.358,,,,,
4965,05/28/21 01:00:00,27.579,,,,,
4966,05/28/21 01:15:00,27.530,,,,,
4967,05/28/21 01:30:00,27.530,,,,,
4968,05/28/21 01:45:00,27.579,,,,,
4969,05/28/21 02:00:00,27.628,,,,,
4970,05/28/21 02:15:00,27.801,,,,,
4971,05/28/21 02:30:00,27.875,,,,,
4972,05/28/21 02:45:00,27.875,,,,,
4973,05/28/21 03:00:00,27.949,,,,,
4974,05/28/21 03:15:00,27.974,,,,,
4975,05/28/21 03:30:00,27.949,,,,,
4976,05/28/21 03:45:00,27.949,,,,,
4977,05/28/21 04:00:00,27.974,,,,,
4978,05/28/21 04:15:00,27.949,,,,,
4979,05/28/21 04:30:00,27.949,,,,,
4980,05/28/21 04:45:00,27.949,,,,,
4981,05/28/21 05:00:00,27.949,,,,,
4982,05/28/21 05:15:00,27.949,,,,,
4983,05/28/21 05:30:00,27.949,,,,,
4984,05/28/21 05:45:00,27.949,,,,,
4985,05/28/21 06:00:00,27.949,,,,,
4986,05/28/21 06:15:00,27.949,,,,,
4987,05/28/21 06:30:00,27.924,,,,,
4988,05/28/21 06:45:00,27.924,,,,,
4989,05/28/21 07:00:00,27.924,,,,,
4990,05/28/21 07:15:00,27.949,,,,,
4991,05/28/21 07:30:00,27.949,,,,,
4992,05/28/21 07:45:00,27.949,,,,,
4993,05/28/21 08:00:00,27.949,,,,,
4994,05/28/21 08:15:00,27.924,,,,,
4995,05/28/21 08:30:00,27.924,,,,,
4996,05/28/21 08:45:00,27.924,,,,,
4997,05/28/21 09:00:00,27.924,,,,,
4998,05/28/21 09:15:00,27.924,,,,,
4999,05/28/21 09:30:00,27.924,,,,,
5000,05/28/21 09:45:00,27.899,,,,,
5001,05/28/21 10:00:00,27.949,,,,,
5002,05/28/21 10:15:00,27.949,,,,,
5003,05/28/21 10:30:00,27.949,,,,,
5004,05/28/21 10:45:00,27.924,,,,,
5005,05/28/21 11:00:00,27.653,,,,,
5006,05/28/21 11:15:00,27.604,,,,,
5007,05/28/21 11:30:00,27.579,,,,,
5008,05/28/21 11:45:00,27.554,,,,,
5009,05/28/21 12:00:00,27.530,,,,,
5010,05/28/21 12:15:00,27.505,,,,,
5011,05/28/21 12:30:00,27.505,,,,,
5012,05/28/21 12:45:00,27.554,,,,,
5013,05/28/21 13:00:00,27.579,,,,,
5014,05/28/21 13:15:00,27.875,,,,,
5015,05/28/21 13:30:00,27.727,,,,,
5016,05/28/21 13:45:00,27.801,,,,,
5017,05/28/21 14:00:00,27.850,,,,,
5018,05/28/21 14:15:00,27.825,,,,,
5019,05/28/21 14:30:00,27.825,,,,,
5020,05/28/21 14:45:00,27.850,,,,,
5021,05/28/21 15:00:00,27.850,,,,,
5022,05/28/21 15:15:00,27.899,,,,,
5023,05/28/21 15:30:00,27.949,,,,,
5024,05/28/21 15:45:00,27.998,,,,,
5025,05/28/21 16:00:00,28.023,,,,,
5026,05/28/21 16:15:00,28.023,,,,,
5027,05/28/21 16:30:00,28.048,,,,,
5028,05/28/21 16:45:00,28.048,,,,,
5029,05/28/21 17:00:00,28.048,,,,,
5030,05/28/21 17:15:00,28.048,,,,,
5031,05/28/21 17:30:00,28.048,,,,,
5032,05/28/21 17:45:00,28.048,,,,,
5033,05/28/21 18:00:00,28.048,,,,,
5034,05/28/21 18:15:00,28.048,,,,,
5035,05/28/21 18:30:00,28.048,,,,,
5036,05/28/21 18:45:00,28.048,,,,,
5037,05/28/21 19:00:00,28.048,,,,,
5038,05/28/21 19:15:00,28.048,,,,,
5039,05/28/21 19:30:00,28.048,,,,,
5040,05/28/21 19:45:00,28.048,,,,,
5041,05/28/21 20:00:00,28.048,,,,,
5042,05/28/21 20:15:00,28.023,,,,,
5043,05/28/21 20:30:00,28.023,,,,,
5044,05/28/21 20:45:00,27.579,,,,,
5045,05/28/21 21:00:00,27.628,,,,,
5046,05/28/21 21:15:00,27.653,,,,,
5047,05/28/21 21:30:00,27.481,,,,,
5048,05/28/21 21:45:00,27.382,,,,,
5049,05/28/21 22:00:00,27.382,,,,,
5050,05/28/21 22:15:00,27.456,,,,,
5051,05/28/21 22:30:00,27.407,,,,,
5052,05/28/21 22:45:00,27.407,,,,,
5053,05/28/21 23:00:00,27.456,,,,,
5054,05/28/21 23:15:00,27.431,,,,,
5055,05/28/21 23:30:00,27.382,,,,,
5056,05/28/21 23:45:00,27.382,,,,,
5057,05/29/21 00:00:00,27.407,,,,,
5058,05/29/21 00:15:00,27.431,,,,,
5059,05/29/21 00:30:00,27.505,,,,,
5060,05/29/21 00:45:00,27.677,,,,,
5061,05/29/21 01:00:00,27.776,,,,,
5062,05/29/21 01:15:00,27.456,,,,,
5063,05/29/21 01:30:00,27.431,,,,,
5064,05/29/21 01:45:00,27.628,,,,,
5065,05/29/21 02:00:00,27.628,,,,,
5066,05/29/21 02:15:00,27.554,,,,,
5067,05/29/21 02:30:00,27.604,,,,,
5068,05/29/21 02:45:00,27.677,,,,,
5069,05/29/21 03:00:00,27.727,,,,,
5070,05/29/21 03:15:00,27.801,,,,,
5071,05/29/21 03:30:00,27.825,,,,,
5072,05/29/21 03:45:00,27.850,,,,,
5073,05/29/21 04:00:00,27.850,,,,,
5074,05/29/21 04:15:00,27.850,,,,,
5075,05/29/21 04:30:00,27.850,,,,,
5076,05/29/21 04:45:00,27.850,,,,,
5077,05/29/21 05:00:00,27.875,,,,,
5078,05/29/21 05:15:00,27.899,,,,,
5079,05/29/21 05:30:00,27.899,,,,,
5080,05/29/21 05:45:00,27.924,,,,,
5081,05/29/21 06:00:00,27.899,,,,,
5082,05/29/21 06:15:00,27.850,,,,,
5083,05/29/21 06:30:00,27.850,,,,,
5084,05/29/21 06:45:00,27.850,,,,,
5085,05/29/21 07:00:00,27.850,,,,,
5086,05/29/21 07:15:00,27.850,,,,,
5087,05/29/21 07:30:00,27.899,,,,,
5088,05/29/21 07:45:00,27.924,,,,,
5089,05/29/21 08:00:00,27.949,,,,,
5090,05/29/21 08:15:00,27.924,,,,,
5091,05/29/21 08:30:00,27.899,,,,,
5092,05/29/21 08:45:00,27.850,,,,,
5093,05/29/21 09:00:00,27.825,,,,,
5094,05/29/21 09:15:00,27.875,,,,,
5095,05/29/21 09:30:00,27.924,,,,,
5096,05/29/21 09:45:00,27.924,,,,,
5097,05/29/21 10:00:00,27.899,,,,,
5098,05/29/21 10:15:00,27.899,,,,,
5099,05/29/21 10:30:00,27.949,,,,,
5100,05/29/21 10:45:00,27.974,,,,,
5101,05/29/21 11:00:00,27.974,,,,,
5102,05/29/21 11:15:00,27.998,,,,,
5103,05/29/21 11:30:00,27.924,,,,,
5104,05/29/21 11:45:00,27.875,,,,,
5105,05/29/21 12:00:00,27.850,,,,,
5106,05/29/21 12:15:00,27.850,,,,,
5107,05/29/21 12:30:00,27.850,,,,,
5108,05/29/21 12:45:00,27.850,,,,,
5109,05/29/21 13:00:00,27.850,,,,,
5110,05/29/21 13:15:00,27.850,,,,,
5111,05/29/21 13:30:00,27.875,,,,,
5112,05/29/21 13:45:00,27.875,,,,,
5113,05/29/21 14:00:00,27.924,,,,,
5114,05/29/21 14:15:00,27.949,,,,,
5115,05/29/21 14:30:00,27.875,,,,,
5116,05/29/21 14:45:00,27.875,,,,,
5117,05/29/21 15:00:00,27.998,,,,,
5118,05/29/21 15:15:00,28.023,,,,,
5119,05/29/21 15:30:00,28.048,,,,,
5120,05/29/21 15:45:00,27.850,,,,,
5121,05/29/21 16:00:00,27.825,,,,,
5122,05/29/21 16:15:00,27.899,,,,,
5123,05/29/21 16:30:00,27.899,,,,,
5124,05/29/21 16:45:00,27.924,,,,,
5125,05/29/21 17:00:00,27.899,,,,,
5126,05/29/21 17:15:00,27.825,,,,,
5127,05/29/21 17:30:00,27.875,,,,,
5128,05/29/21 17:45:00,27.899,,,,,
5129,05/29/21 18:00:00,27.924,,,,,
5130,05/29/21 18:15:00,27.949,,,,,
5131,05/29/21 18:30:00,27.924,,,,,
5132,05/29/21 18:45:00,27.924,,,,,
5133,05/29/21 19:00:00,27.899,,,,,
5134,05/29/21 19:15:00,27.899,,,,,
5135,05/29/21 19:30:00,27.899,,,,,
5136,05/29/21 19:45:00,27.875,,,,,
5137,05/29/21 20:00:00,27.875,,,,,
5138,05/29/21 20:15:00,27.875,,,,,
5139,05/29/21 20:30:00,27.875,,,,,
5140,05/29/21 20:45:00,27.875,,,,,
5141,05/29/21 21:00:00,27.875,,,,,
5142,05/29/21 21:15:00,27.875,,,,,
5143,05/29/21 21:30:00,27.801,,,,,
5144,05/29/21 21:45:00,27.751,,,,,
5145,05/29/21 22:00:00,27.677,,,,,
5146,05/29/21 22:15:00,27.751,,,,,
5147,05/29/21 22:30:00,27.677,,,,,
5148,05/29/21 22:45:00,27.530,,,,,
5149,05/29/21 23:00:00,27.456,,,,,
5150,05/29/21 23:15:00,27.653,,,,,
5151,05/29/21 23:30:00,27.604,,,,,
5152,05/29/21 23:45:00,27.628,,,,,
5153,05/30/21 00:00:00,27.481,,,,,
5154,05/30/21 00:15:00,27.481,,,,,
5155,05/30/21 00:30:00,27.579,,,,,
5156,05/30/21 00:45:00,27.481,,,,,
5157,05/30/21 01:00:00,27.382,,,,,
5158,05/30/21 01:15:00,27.210,,,,,
5159,05/30/21 01:30:00,27.235,,,,,
5160,05/30/21 01:45:00,27.333,,,,,
5161,05/30/21 02:00:00,27.333,,,,,
5162,05/30/21 02:15:00,27.407,,,,,
5163,05/30/21 02:30:00,27.358,,,,,
5164,05/30/21 02:45:00,27.235,,,,,
5165,05/30/21 03:00:00,27.259,,,,,
5166,05/30/21 03:15:00,27.308,,,,,
5167,05/30/21 03:30:00,27.407,,,,,
5168,05/30/21 03:45:00,27.456,,,,,
5169,05/30/21 04:00:00,27.505,,,,,
5170,05/30/21 04:15:00,27.530,,,,,
5171,05/30/21 04:30:00,27.554,,,,,
5172,05/30/21 04:45:00,27.554,,,,,
5173,05/30/21 05:00:00,27.579,,,,,
5174,05/30/21 05:15:00,27.604,,,,,
5175,05/30/21 05:30:00,27.628,,,,,
5176,05/30/21 05:45:00,27.628,,,,,
5177,05/30/21 06:00:00,27.653,,,,,
5178,05/30/21 06:15:00,27.653,,,,,
5179,05/30/21 06:30:00,27.702,,,,,
5180,05/30/21 06:45:00,27.702,,,,,
5181,05/30/21 07:00:00,27.702,,,,,
5182,05/30/21 07:15:00,27.727,,,,,
5183,05/30/21 07:30:00,27.727,,,,,
5184,05/30/21 07:45:00,27.751,,,,,
5185,05/30/21 08:00:00,27.751,,,,,
5186,05/30/21 08:15:00,27.776,,,,,
5187,05/30/21 08:30:00,27.801,,,,,
5188,05/30/21 08:45:00,27.801,,,,,
5189,05/30/21 09:00:00,27.825,,,,,
5190,05/30/21 09:15:00,27.850,,,,,
5191,05/30/21 09:30:00,27.875,,,,,
5192,05/30/21 09:45:00,27.899,,,,,
5193,05/30/21 10:00:00,27.899,,,,,
5194,05/30/21 10:15:00,27.875,,,,,
5195,05/30/21 10:30:00,27.875,,,,,
5196,05/30/21 10:45:00,27.875,,,,,
5197,05/30/21 11:00:00,27.899,,,,,
5198,05/30/21 11:15:00,27.899,,,,,
5199,05/30/21 11:30:00,27.924,,,,,
5200,05/30/21 11:45:00,27.924,,,,,
5201,05/30/21 12:00:00,27.924,,,,,
5202,05/30/21 12:15:00,27.924,,,,,
5203,05/30/21 12:30:00,27.924,,,,,
5204,05/30/21 12:45:00,27.899,,,,,
5205,05/30/21 13:00:00,27.899,,,,,
5206,05/30/21 13:15:00,27.850,,,,,
5207,05/30/21 13:30:00,27.825,,,,,
5208,05/30/21 13:45:00,27.850,,,,,
5209,05/30/21 14:00:00,27.727,,,,,
5210,05/30/21 14:15:00,27.751,,,,,
5211,05/30/21 14:30:00,27.727,,,,,
5212,05/30/21 14:45:00,27.727,,,,,
5213,05/30/21 15:00:00,27.702,,,,,
5214,05/30/21 15:15:00,27.727,,,,,
5215,05/30/21 15:30:00,27.776,,,,,
5216,05/30/21 15:45:00,27.875,,,,,
5217,05/30/21 16:00:00,27.875,,,,,
5218,05/30/21 16:15:00,27.875,,,,,
5219,05/30/21 16:30:00,27.899,,,,,
5220,05/30/21 16:45:00,27.899,,,,,
5221,05/30/21 17:00:00,27.899,,,,,
5222,05/30/21 17:15:00,27.899,,,,,
5223,05/30/21 17:30:00,27.924,,,,,
5224,05/30/21 17:45:00,27.924,,,,,
5225,05/30/21 18:00:00,27.949,,,,,
5226,05/30/21 18:15:00,27.949,,,,,
5227,05/30/21 18:30:00,27.949,,,,,
5228,05/30/21 18:45:00,27.974,,,,,
5229,05/30/21 19:00:00,27.974,,,,,
5230,05/30/21 19:15:00,27.974,,,,,
5231,05/30/21 19:30:00,27.974,,,,,
5232,05/30/21 19:45:00,27.974,,,,,
5233,05/30/21 20:00:00,27.998,,,,,
5234,05/30/21 20:15:00,27.998,,,,,
5235,05/30/21 20:30:00,28.023,,,,,
5236,05/30/21 20:45:00,28.023,,,,,
5237,05/30/21 21:00:00,27.998,,,,,
5238,05/30/21 21:15:00,27.998,,,,,
5239,05/30/21 21:30:00,27.998,,,,,
5240,05/30/21 21:45:00,27.998,,,,,
5241,05/30/21 22:00:00,27.998,,,,,
5242,05/30/21 22:15:00,27.998,,,,,
5243,05/30/21 22:30:00,27.998,,,,,
5244,05/30/21 22:45:00,27.998,,,,,
5245,05/30/21 23:00:00,27.998,,,,,
5246,05/30/21 23:15:00,28.023,,,,,
5247,05/30/21 23:30:00,27.702,,,,,
5248,05/30/21 23:45:00,27.628,,,,,
5249,05/31/21 00:00:00,27.579,,,,,
5250,05/31/21 00:15:00,27.924,,,,,
5251,05/31/21 00:30:00,27.949,,,,,
5252,05/31/21 00:45:00,27.653,,,,,
5253,05/31/21 01:00:00,27.653,,,,,
5254,05/31/21 01:15:00,27.702,,,,,
5255,05/31/21 01:30:00,27.899,,,,,
5256,05/31/21 01:45:00,27.801,,,,,
5257,05/31/21 02:00:00,27.924,,,,,
5258,05/31/21 02:15:00,27.924,,,,,
5259,05/31/21 02:30:00,27.776,,,,,
5260,05/31/21 02:45:00,27.653,,,,,
5261,05/31/21 03:00:00,27.530,,,,,
5262,05/31/21 03:15:00,27.825,,,,,
5263,05/31/21 03:30:00,27.776,,,,,
5264,05/31/21 03:45:00,27.825,,,,,
5265,05/31/21 04:00:00,27.801,,,,,
5266,05/31/21 04:15:00,27.776,,,,,
5267,05/31/21 04:30:00,27.776,,,,,
5268,05/31/21 04:45:00,27.801,,,,,
5269,05/31/21 05:00:00,27.751,,,,,
5270,05/31/21 05:15:00,27.751,,,,,
5271,05/31/21 05:30:00,27.776,,,,,
5272,05/31/21 05:45:00,27.677,,,,,
5273,05/31/21 06:00:00,27.505,,,,,
5274,05/31/21 06:15:00,27.431,,,,,
5275,05/31/21 06:30:00,27.456,,,,,
5276,05/31/21 06:45:00,27.653,,,,,
5277,05/31/21 07:00:00,27.776,,,,,
5278,05/31/21 07:15:00,27.850,,,,,
5279,05/31/21 07:30:00,27.875,,,,,
5280,05/31/21 07:45:00,27.875,,,,,
5281,05/31/21 08:00:00,27.850,,,,,
5282,05/31/21 08:15:00,27.850,,,,,
5283,05/31/21 08:30:00,27.825,,,,,
5284,05/31/21 08:45:00,27.801,,,,,
5285,05/31/21 09:00:00,27.628,,,,,
5286,05/31/21 09:15:00,27.751,,,,,
5287,05/31/21 09:30:00,27.751,,,,,
5288,05/31/21 09:45:00,27.801,,,,,
5289,05/31/21 10:00:00,27.801,,,,,
5290,05/31/21 10:15:00,27.825,,,,,
5291,05/31/21 10:30:00,27.825,,,,,
5292,05/31/21 10:45:00,27.875,,,,,
5293,05/31/21 11:00:00,27.899,,,,,
5294,05/31/21 11:15:00,27.899,,,,,
5295,05/31/21 11:30:00,27.776,,,,,
5296,05/31/21 11:45:00,27.776,,,,,
5297,05/31/21 12:00:00,27.801,,,,,
5298,05/31/21 12:15:00,27.825,,,,,
5299,05/31/21 12:30:00,27.850,,,,,
5300,05/31/21 12:45:00,27.825,,,,,
5301,05/31/21 13:00:00,27.825,,,,,
5302,05/31/21 13:15:00,27.850,,,,,
5303,05/31/21 13:30:00,27.875,,,,,
5304,05/31/21 13:45:00,27.825,,,,,
5305,05/31/21 14:00:00,27.875,,,,,
5306,05/31/21 14:15:00,27.875,,,,,
5307,05/31/21 14:30:00,27.899,,,,,
5308,05/31/21 14:45:00,27.727,,,,,
5309,05/31/21 15:00:00,27.702,,,,,
5310,05/31/21 15:15:00,27.677,,,,,
5311,05/31/21 15:30:00,27.677,,,,,
5312,05/31/21 15:45:00,27.677,,,,,
5313,05/31/21 16:00:00,27.677,,,,,
5314,05/31/21 16:15:00,27.702,,,,,
5315,05/31/21 16:30:00,27.702,,,,,
5316,05/31/21 16:45:00,27.456,,,,,
5317,05/31/21 17:00:00,27.677,,,,,
5318,05/31/21 17:15:00,27.702,,,,,
5319,05/31/21 17:30:00,27.702,,,,,
5320,05/31/21 17:45:00,27.702,,,,,
5321,05/31/21 18:00:00,27.727,,,,,
5322,05/31/21 18:15:00,27.727,,,,,
5323,05/31/21 18:30:00,27.751,,,,,
5324,05/31/21 18:45:00,27.751,,,,,
5325,05/31/21 19:00:00,27.751,,,,,
5326,05/31/21 19:15:00,27.776,,,,,
5327,05/31/21 19:30:00,27.751,,,,,
5328,05/31/21 19:45:00,27.751,,,,,
5329,05/31/21 20:00:00,27.776,,,,,
5330,05/31/21 20:15:00,27.801,,,,,
5331,05/31/21 20:30:00,27.875,,,,,
5332,05/31/21 20:45:00,27.801,,,,,
5333,05/31/21 21:00:00,27.776,,,,,
5334,05/31/21 21:15:00,27.825,,,,,
5335,05/31/21 21:30:00,27.776,,,,,
5336,05/31/21 21:45:00,27.776,,,,,
5337,05/31/21 22:00:00,27.801,,,,,
5338,05/31/21 22:15:00,27.801,,,,,
5339,05/31/21 22:30:00,27.776,,,,,
5340,05/31/21 22:45:00,27.751,,,,,
5341,05/31/21 23:00:00,27.727,,,,,
5342,05/31/21 23:15:00,27.751,,,,,
5343,05/31/21 23:30:00,27.727,,,,,
5344,05/31/21 23:45:00,27.727,,,,,
5345,06/01/21 00:00:00,27.727,,,,,
5346,06/01/21 00:15:00,27.702,,,,,
5347,06/01/21 00:30:00,27.677,,,,,
5348,06/01/21 00:45:00,27.653,,,,,
5349,06/01/21 01:00:00,27.702,,,,,
5350,06/01/21 01:15:00,27.727,,,,,
5351,06/01/21 01:30:00,27.677,,,,,
5352,06/01/21 01:45:00,27.653,,,,,
5353,06/01/21 02:00:00,27.653,,,,,
5354,06/01/21 02:15:00,27.751,,,,,
5355,06/01/21 02:30:00,27.751,,,,,
5356,06/01/21 02:45:00,27.727,,,,,
5357,06/01/21 03:00:00,27.727,,,,,
5358,06/01/21 03:15:00,27.751,,,,,
5359,06/01/21 03:30:00,27.751,,,,,
5360,06/01/21 03:45:00,27.751,,,,,
5361,06/01/21 04:00:00,27.579,,,,,
5362,06/01/21 04:15:00,27.628,,,,,
5363,06/01/21 04:30:00,27.604,,,,,
5364,06/01/21 04:45:00,27.604,,,,,
5365,06/01/21 05:00:00,27.653,,,,,
5366,06/01/21 05:15:00,27.653,,,,,
5367,06/01/21 05:30:00,27.677,,,,,
5368,06/01/21 05:45:00,27.604,,,,,
5369,06/01/21 06:00:00,27.579,,,,,
5370,06/01/21 06:15:00,27.431,,,,,
5371,06/01/21 06:30:00,27.407,,,,,
5372,06/01/21 06:45:00,27.382,,,,,
5373,06/01/21 07:00:00,27.456,,,,,
5374,06/01/21 07:15:00,27.554,,,,,
5375,06/01/21 07:30:00,27.456,,,,,
5376,06/01/21 07:45:00,27.554,,,,,
5377,06/01/21 08:00:00,27.653,,,,,
5378,06/01/21 08:15:00,27.628,,,,,
5379,06/01/21 08:30:00,27.628,,,,,
5380,06/01/21 08:45:00,27.579,,,,,
5381,06/01/21 09:00:00,27.579,,,,,
5382,06/01/21 09:15:00,27.628,,,,,
5383,06/01/21 09:30:00,27.628,,,,,
5384,06/01/21 09:45:00,27.628,,,,,
5385,06/01/21 10:00:00,27.653,,,,,
5386,06/01/21 10:15:00,27.604,,,,,
5387,06/01/21 10:30:00,27.554,,,,,
5388,06/01/21 10:45:00,27.579,,,,,
5389,06/01/21 11:00:00,27.579,,,,,
5390,06/01/21 11:15:00,27.677,,,,,
5391,06/01/21 11:30:00,27.727,,,,,
5392,06/01/21 11:45:00,27.702,,,,,
5393,06/01/21 12:00:00,27.702,,,,,
5394,06/01/21 12:15:00,27.702,,,,,
5395,06/01/21 12:30:00,27.653,,,,,
5396,06/01/21 12:45:00,27.677,,,,,
5397,06/01/21 13:00:00,27.702,,,,,
5398,06/01/21 13:15:00,27.677,,,,,
5399,06/01/21 13:30:00,27.727,,,,,
5400,06/01/21 13:45:00,27.751,,,,,
5401,06/01/21 14:00:00,27.776,,,,,
5402,06/01/21 14:15:00,27.801,,,,,
5403,06/01/21 14:30:00,27.825,,,,,
5404,06/01/21 14:45:00,27.825,,,,,
5405,06/01/21 15:00:00,27.801,,,,,
5406,06/01/21 15:15:00,27.776,,,,,
5407,06/01/21 15:30:00,27.776,,,,,
5408,06/01/21 15:45:00,27.776,,,,,
5409,06/01/21 16:00:00,27.825,,,,,
5410,06/01/21 16:15:00,27.801,,,,,
5411,06/01/21 16:30:00,27.776,,,,,
5412,06/01/21 16:45:00,27.751,,,,,
5413,06/01/21 17:00:00,27.751,,,,,
5414,06/01/21 17:15:00,27.751,,,,,
5415,06/01/21 17:30:00,27.751,,,,,
5416,06/01/21 17:45:00,27.751,,,,,
5417,06/01/21 18:00:00,27.751,,,,,
5418,06/01/21 18:15:00,27.801,,,,,
5419,06/01/21 18:30:00,27.850,,,,,
5420,06/01/21 18:45:00,27.875,,,,,
5421,06/01/21 19:00:00,27.899,,,,,
5422,06/01/21 19:15:00,27.875,,,,,
5423,06/01/21 19:30:00,27.875,,,,,
5424,06/01/21 19:45:00,27.875,,,,,
5425,06/01/21 20:00:00,27.899,,,,,
5426,06/01/21 20:15:00,27.924,,,,,
5427,06/01/21 20:30:00,27.924,,,,,
5428,06/01/21 20:45:00,27.924,,,,,
5429,06/01/21 21:00:00,27.949,,,,,
5430,06/01/21 21:15:00,27.875,,,,,
5431,06/01/21 21:30:00,27.850,,,,,
5432,06/01/21 21:45:00,27.825,,,,,
5433,06/01/21 22:00:00,27.850,,,,,
5434,06/01/21 22:15:00,27.825,,,,,
5435,06/01/21 22:30:00,27.875,,,,,
5436,06/01/21 22:45:00,27.875,,,,,
5437,06/01/21 23:00:00,27.875,,,,,
5438,06/01/21 23:15:00,27.899,,,,,
5439,06/01/21 23:30:00,27.924,,,,,
5440,06/01/21 23:45:00,27.924,,,,,
5441,06/02/21 00:00:00,27.924,,,,,
5442,06/02/21 00:15:00,27.924,,,,,
5443,06/02/21 00:30:00,27.924,,,,,
5444,06/02/21 00:45:00,27.899,,,,,
5445,06/02/21 01:00:00,27.899,,,,,
5446,06/02/21 01:15:00,27.899,,,,,
5447,06/02/21 01:30:00,27.899,,,,,
5448,06/02/21 01:45:00,27.899,,,,,
5449,06/02/21 02:00:00,27.899,,,,,
5450,06/02/21 02:15:00,27.776,,,,,
5451,06/02/21 02:30:00,27.875,,,,,
5452,06/02/21 02:45:00,27.875,,,,,
5453,06/02/21 03:00:00,27.875,,,,,
5454,06/02/21 03:15:00,27.899,,,,,
5455,06/02/21 03:30:00,27.949,,,,,
5456,06/02/21 03:45:00,27.998,,,,,
5457,06/02/21 04:00:00,27.924,,,,,
5458,06/02/21 04:15:00,27.924,,,,,
5459,06/02/21 04:30:00,27.899,,,,,
5460,06/02/21 04:45:00,27.825,,,,,
5461,06/02/21 05:00:00,27.825,,,,,
5462,06/02/21 05:15:00,27.825,,,,,
5463,06/02/21 05:30:00,27.801,,,,,
5464,06/02/21 05:45:00,27.628,,,,,
5465,06/02/21 06:00:00,27.653,,,,,
5466,06/02/21 06:15:00,27.677,,,,,
5467,06/02/21 06:30:00,27.628,,,,,
5468,06/02/21 06:45:00,27.677,,,,,
5469,06/02/21 07:00:00,27.776,,,,,
5470,06/02/21 07:15:00,27.801,,,,,
5471,06/02/21 07:30:00,27.727,,,,,
5472,06/02/21 07:45:00,27.628,,,,,
5473,06/02/21 08:00:00,27.604,,,,,
5474,06/02/21 08:15:00,27.554,,,,,
5475,06/02/21 08:30:00,27.530,,,,,
5476,06/02/21 08:45:00,27.554,,,,,
5477,06/02/21 09:00:00,27.801,,,,,
5478,06/02/21 09:15:00,27.825,,,,,
5479,06/02/21 09:30:00,27.751,,,,,
5480,06/02/21 09:45:00,27.825,,,,,
5481,06/02/21 10:00:00,27.825,,,,,
5482,06/02/21 10:15:00,27.825,,,,,
5483,06/02/21 10:30:00,27.825,,,,,
5484,06/02/21 10:45:00,27.801,,,,,
5485,06/02/21 11:00:00,27.801,,,,,
5486,06/02/21 11:15:00,27.801,,,,,
5487,06/02/21 11:30:00,27.825,,,,,
5488,06/02/21 11:45:00,27.825,,,,,
5489,06/02/21 12:00:00,27.825,,,,,
5490,06/02/21 12:15:00,27.850,,,,,
5491,06/02/21 12:30:00,27.850,,,,,
5492,06/02/21 12:45:00,27.850,,,,,
5493,06/02/21 13:00:00,27.825,,,,,
5494,06/02/21 13:15:00,27.875,,,,,
5495,06/02/21 13:30:00,27.875,,,,,
5496,06/02/21 13:45:00,27.875,,,,,
5497,06/02/21 14:00:00,27.875,,,,,
5498,06/02/21 14:15:00,27.875,,,,,
5499,06/02/21 14:30:00,27.899,,,,,
5500,06/02/21 14:45:00,27.899,,,,,
5501,06/02/21 15:00:00,27.899,,,,,
5502,06/02/21 15:15:00,27.924,,,,,
5503,06/02/21 15:30:00,27.924,,,,,
5504,06/02/21 15:45:00,27.924,,,,,
5505,06/02/21 16:00:00,27.924,,,,,
5506,06/02/21 16:15:00,27.924,,,,,
5507,06/02/21 16:30:00,27.924,,,,,
5508,06/02/21 16:45:00,27.677,,,,,
5509,06/02/21 17:00:00,27.431,,,,,
5510,06/02/21 17:15:00,27.579,,,,,
5511,06/02/21 17:30:00,27.751,,,,,
5512,06/02/21 17:45:00,27.751,,,,,
5513,06/02/21 18:00:00,27.875,,,,,
5514,06/02/21 18:15:00,27.899,,,,,
5515,06/02/21 18:30:00,27.751,,,,,
5516,06/02/21 18:45:00,27.801,,,,,
5517,06/02/21 19:00:00,27.751,,,,,
5518,06/02/21 19:15:00,27.776,,,,,
5519,06/02/21 19:30:00,27.899,,,,,
5520,06/02/21 19:45:00,27.899,,,,,
5521,06/02/21 20:00:00,27.924,,,,,
5522,06/02/21 20:15:00,27.924,,,,,
5523,06/02/21 20:30:00,27.875,,,,,
5524,06/02/21 20:45:00,27.899,,,,,
5525,06/02/21 21:00:00,27.924,,,,,
5526,06/02/21 21:15:00,27.899,,,,,
5527,06/02/21 21:30:00,27.924,,,,,
5528,06/02/21 21:45:00,27.924,,,,,
5529,06/02/21 22:00:00,27.924,,,,,
5530,06/02/21 22:15:00,27.949,,,,,
5531,06/02/21 22:30:00,27.998,,,,,
5532,06/02/21 22:45:00,27.998,,,,,
5533,06/02/21 23:00:00,27.949,,,,,
5534,06/02/21 23:15:00,27.924,,,,,
5535,06/02/21 23:30:00,27.949,,,,,
5536,06/02/21 23:45:00,27.924,,,,,
5537,06/03/21 00:00:00,27.974,,,,,
5538,06/03/21 00:15:00,28.048,,,,,
5539,06/03/21 00:30:00,27.875,,,,,
5540,06/03/21 00:45:00,27.850,,,,,
5541,06/03/21 01:00:00,27.850,,,,,
5542,06/03/21 01:15:00,27.924,,,,,
5543,06/03/21 01:30:00,27.899,,,,,
5544,06/03/21 01:45:00,27.924,,,,,
5545,06/03/21 02:00:00,27.899,,,,,
5546,06/03/21 02:15:00,27.899,,,,,
5547,06/03/21 02:30:00,27.899,,,,,
5548,06/03/21 02:45:00,27.899,,,,,
5549,06/03/21 03:00:00,27.875,,,,,
5550,06/03/21 03:15:00,27.801,,,,,
5551,06/03/21 03:30:00,27.875,,,,,
5552,06/03/21 03:45:00,27.924,,,,,
5553,06/03/21 04:00:00,27.825,,,,,
5554,06/03/21 04:15:00,27.825,,,,,
5555,06/03/21 04:30:00,27.825,,,,,
5556,06/03/21 04:45:00,27.801,,,,,
5557,06/03/21 05:00:00,27.801,,,,,
5558,06/03/21 05:15:00,27.776,,,,,
5559,06/03/21 05:30:00,27.801,,,,,
5560,06/03/21 05:45:00,27.776,,,,,
5561,06/03/21 06:00:00,27.776,,,,,
5562,06/03/21 06:15:00,27.801,,,,,
5563,06/03/21 06:30:00,27.628,,,,,
5564,06/03/21 06:45:00,27.579,,,,,
5565,06/03/21 07:00:00,27.653,,,,,
5566,06/03/21 07:15:00,27.751,,,,,
5567,06/03/21 07:30:00,27.801,,,,,
5568,06/03/21 07:45:00,27.825,,,,,
5569,06/03/21 08:00:00,27.776,,,,,
5570,06/03/21 08:15:00,27.776,,,,,
5571,06/03/21 08:30:00,27.776,,,,,
5572,06/03/21 08:45:00,27.776,,,,,
5573,06/03/21 09:00:00,27.801,,,,,
5574,06/03/21 09:15:00,27.825,,,,,
5575,06/03/21 09:30:00,27.825,,,,,
5576,06/03/21 09:45:00,27.677,,,,,
5577,06/03/21 10:00:00,27.653,,,,,
5578,06/03/21 10:15:00,27.727,,,,,
5579,06/03/21 10:30:00,27.801,,,,,
5580,06/03/21 10:45:00,27.850,,,,,
5581,06/03/21 11:00:00,27.850,,,,,
5582,06/03/21 11:15:00,27.801,,,,,
5583,06/03/21 11:30:00,27.924,,,,,
5584,06/03/21 11:45:00,27.875,,,,,
5585,06/03/21 12:00:00,27.850,,,,,
5586,06/03/21 12:15:00,27.899,,,,,
5587,06/03/21 12:30:00,27.875,,,,,
5588,06/03/21 12:45:00,27.899,,,,,
5589,06/03/21 13:00:00,27.924,,,,,
5590,06/03/21 13:15:00,27.875,,,,,
5591,06/03/21 13:30:00,27.875,,,,,
5592,06/03/21 13:45:00,27.850,,,,,
5593,06/03/21 14:00:00,27.825,,,,,
5594,06/03/21 14:15:00,27.850,,,,,
5595,06/03/21 14:30:00,27.825,,,,,
5596,06/03/21 14:45:00,27.801,,,,,
5597,06/03/21 15:00:00,27.825,,,,,
5598,06/03/21 15:15:00,27.875,,,,,
5599,06/03/21 15:30:00,27.924,,,,,
5600,06/03/21 15:45:00,27.949,,,,,
5601,06/03/21 16:00:00,27.924,,,,,
5602,06/03/21 16:15:00,27.949,,,,,
5603,06/03/21 16:30:00,27.974,,,,,
5604,06/03/21 16:45:00,27.949,,,,,
5605,06/03/21 17:00:00,27.949,,,,,
5606,06/03/21 17:15:00,27.924,,,,,
5607,06/03/21 17:30:00,27.924,,,,,
5608,06/03/21 17:45:00,27.924,,,,,
5609,06/03/21 18:00:00,27.924,,,,,
5610,06/03/21 18:15:00,27.875,,,,,
5611,06/03/21 18:30:00,27.924,,,,,
5612,06/03/21 18:45:00,27.924,,,,,
5613,06/03/21 19:00:00,27.924,,,,,
5614,06/03/21 19:15:00,27.924,,,,,
5615,06/03/21 19:30:00,27.899,,,,,
5616,06/03/21 19:45:00,27.924,,,,,
5617,06/03/21 20:00:00,27.924,,,,,
5618,06/03/21 20:15:00,27.924,,,,,
5619,06/03/21 20:30:00,27.949,,,,,
5620,06/03/21 20:45:00,27.949,,,,,
5621,06/03/21 21:00:00,27.949,,,,,
5622,06/03/21 21:15:00,27.949,,,,,
5623,06/03/21 21:30:00,27.949,,,,,
5624,06/03/21 21:45:00,27.974,,,,,
5625,06/03/21 22:00:00,27.949,,,,,
5626,06/03/21 22:15:00,27.974,,,,,
5627,06/03/21 22:30:00,27.974,,,,,
5628,06/03/21 22:45:00,27.998,,,,,
5629,06/03/21 23:00:00,27.998,,,,,
5630,06/03/21 23:15:00,28.023,,,,,
5631,06/03/21 23:30:00,28.023,,,,,
5632,06/03/21 23:45:00,28.048,,,,,
5633,06/04/21 00:00:00,28.072,,,,,
5634,06/04/21 00:15:00,28.072,,,,,
5635,06/04/21 00:30:00,28.048,,,,,
5636,06/04/21 00:45:00,28.048,,,,,
5637,06/04/21 01:00:00,28.048,,,,,
5638,06/04/21 01:15:00,28.048,,,,,
5639,06/04/21 01:30:00,28.048,,,,,
5640,06/04/21 01:45:00,28.023,,,,,
5641,06/04/21 02:00:00,28.023,,,,,
5642,06/04/21 02:15:00,27.825,,,,,
5643,06/04/21 02:30:00,27.751,,,,,
5644,06/04/21 02:45:00,27.801,,,,,
5645,06/04/21 03:00:00,27.998,,,,,
5646,06/04/21 03:15:00,27.998,,,,,
5647,06/04/21 03:30:00,27.825,,,,,
5648,06/04/21 03:45:00,27.776,,,,,
5649,06/04/21 04:00:00,27.875,,,,,
5650,06/04/21 04:15:00,27.875,,,,,
5651,06/04/21 04:30:00,27.875,,,,,
5652,06/04/21 04:45:00,27.875,,,,,
5653,06/04/21 05:00:00,27.850,,,,,
5654,06/04/21 05:15:00,27.850,,,,,
5655,06/04/21 05:30:00,27.875,,,,,
5656,06/04/21 05:45:00,27.850,,,,,
5657,06/04/21 06:00:00,27.850,,,,,
5658,06/04/21 06:15:00,27.825,,,,,
5659,06/04/21 06:30:00,27.776,,,,,
5660,06/04/21 06:45:00,27.751,,,,,
5661,06/04/21 07:00:00,27.776,,,,,
5662,06/04/21 07:15:00,27.751,,,,,
5663,06/04/21 07:30:00,27.727,,,,,
5664,06/04/21 07:45:00,27.727,,,,,
5665,06/04/21 08:00:00,27.727,,,,,
5666,06/04/21 08:15:00,27.727,,,,,
5667,06/04/21 08:30:00,27.727,,,,,
5668,06/04/21 08:45:00,27.776,,,,,
5669,06/04/21 09:00:00,27.776,,,,,
5670,06/04/21 09:15:00,27.776,,,,,
5671,06/04/21 09:30:00,27.825,,,,,
5672,06/04/21 09:45:00,27.850,,,,,
5673,06/04/21 10:00:00,27.850,,,,,
5674,06/04/21 10:15:00,27.850,,,,,
5675,06/04/21 10:30:00,27.825,,,,,
5676,06/04/21 10:45:00,27.850,,,,,
5677,06/04/21 11:00:00,27.875,,,,,
5678,06/04/21 11:15:00,27.899,,,,,
5679,06/04/21 11:30:00,27.924,,,,,
5680,06/04/21 11:45:00,27.924,,,,,
5681,06/04/21 12:00:00,27.949,,,,,
5682,06/04/21 12:15:00,27.974,,,,,
5683,06/04/21 12:30:00,27.998,,,,,
5684,06/04/21 12:45:00,28.023,,,,,
5685,06/04/21 13:00:00,28.048,,,,,
5686,06/04/21 13:15:00,28.048,,,,,
5687,06/04/21 13:30:00,28.097,,,,,
5688,06/04/21 13:45:00,28.097,,,,,
5689,06/04/21 14:00:00,28.122,,,,,
5690,06/04/21 14:15:00,28.122,,,,,
5691,06/04/21 14:30:00,28.048,,,,,
5692,06/04/21 14:45:00,27.924,,,,,
5693,06/04/21 15:00:00,27.825,,,,,
5694,06/04/21 15:15:00,27.677,,,,,
5695,06/04/21 15:30:00,27.875,,,,,
5696,06/04/21 15:45:00,27.751,,,,,
5697,06/04/21 16:00:00,27.924,,,,,
5698,06/04/21 16:15:00,27.998,,,,,
5699,06/04/21 16:30:00,28.023,,,,,
5700,06/04/21 16:45:00,27.850,,,,,
5701,06/04/21 17:00:00,27.825,,,,,
5702,06/04/21 17:15:00,27.801,,,,,
5703,06/04/21 17:30:00,27.776,,,,,
5704,06/04/21 17:45:00,27.628,,,,,
5705,06/04/21 18:00:00,27.850,,,,,
5706,06/04/21 18:15:00,27.974,,,,,
5707,06/04/21 18:30:00,27.949,,,,,
5708,06/04/21 18:45:00,27.924,,,,,
5709,06/04/21 19:00:00,27.899,,,,,
5710,06/04/21 19:15:00,27.554,,,,,
5711,06/04/21 19:30:00,27.456,,,,,
5712,06/04/21 19:45:00,27.456,,,,,
5713,06/04/21 20:00:00,27.456,,,,,
5714,06/04/21 20:15:00,27.456,,,,,
5715,06/04/21 20:30:00,27.333,,,,,
5716,06/04/21 20:45:00,27.333,,,,,
5717,06/04/21 21:00:00,27.456,,,,,
5718,06/04/21 21:15:00,27.431,,,,,
5719,06/04/21 21:30:00,27.382,,,,,
5720,06/04/21 21:45:00,27.431,,,,,
5721,06/04/21 22:00:00,27.431,,,,,
5722,06/04/21 22:15:00,27.554,,,,,
5723,06/04/21 22:30:00,27.530,,,,,
5724,06/04/21 22:45:00,27.431,,,,,
5725,06/04/21 23:00:00,27.431,,,,,
5726,06/04/21 23:15:00,27.431,,,,,
5727,06/04/21 23:30:00,27.579,,,,,
5728,06/04/21 23:45:00,27.677,,,,,
5729,06/05/21 00:00:00,27.677,,,,,
5730,06/05/21 00:15:00,27.751,,,,,
5731,06/05/21 00:30:00,27.751,,,,,
5732,06/05/21 00:45:00,27.776,,,,,
5733,06/05/21 01:00:00,27.801,,,,,
5734,06/05/21 01:15:00,27.801,,,,,
5735,06/05/21 01:30:00,27.801,,,,,
5736,06/05/21 01:45:00,27.801,,,,,
5737,06/05/21 02:00:00,27.825,,,,,
5738,06/05/21 02:15:00,27.850,,,,,
5739,06/05/21 02:30:00,27.875,,,,,
5740,06/05/21 02:45:00,27.875,,,,,
5741,06/05/21 03:00:00,27.899,,,,,
5742,06/05/21 03:15:00,27.875,,,,,
5743,06/05/21 03:30:00,27.875,,,,,
5744,06/05/21 03:45:00,27.875,,,,,
5745,06/05/21 04:00:00,27.899,,,,,
5746,06/05/21 04:15:00,27.899,,,,,
5747,06/05/21 04:30:00,27.899,,,,,
5748,06/05/21 04:45:00,27.924,,,,,
5749,06/05/21 05:00:00,27.924,,,,,
5750,06/05/21 05:15:00,27.924,,,,,
5751,06/05/21 05:30:00,27.949,,,,,
5752,06/05/21 05:45:00,27.949,,,,,
5753,06/05/21 06:00:00,27.924,,,,,
5754,06/05/21 06:15:00,27.924,,,,,
5755,06/05/21 06:30:00,27.899,,,,,
5756,06/05/21 06:45:00,27.825,,,,,
5757,06/05/21 07:00:00,27.899,,,,,
5758,06/05/21 07:15:00,27.899,,,,,
5759,06/05/21 07:30:00,27.776,,,,,
5760,06/05/21 07:45:00,27.776,,,,,
5761,06/05/21 08:00:00,27.727,,,,,
5762,06/05/21 08:15:00,27.751,,,,,
5763,06/05/21 08:30:00,27.751,,,,,
5764,06/05/21 08:45:00,27.727,,,,,
5765,06/05/21 09:00:00,27.727,,,,,
5766,06/05/21 09:15:00,27.801,,,,,
5767,06/05/21 09:30:00,27.801,,,,,
5768,06/05/21 09:45:00,27.751,,,,,
5769,06/05/21 10:00:00,27.727,,,,,
5770,06/05/21 10:15:00,27.702,,,,,
5771,06/05/21 10:30:00,27.702,,,,,
5772,06/05/21 10:45:00,27.727,,,,,
5773,06/05/21 11:00:00,27.727,,,,,
5774,06/05/21 11:15:00,27.751,,,,,
5775,06/05/21 11:30:00,27.751,,,,,
5776,06/05/21 11:45:00,27.776,,,,,
5777,06/05/21 12:00:00,27.801,,,,,
5778,06/05/21 12:15:00,27.825,,,,,
5779,06/05/21 12:30:00,27.825,,,,,
5780,06/05/21 12:45:00,27.825,,,,,
5781,06/05/21 13:00:00,27.825,,,,,
5782,06/05/21 13:15:00,27.825,,,,,
5783,06/05/21 13:30:00,27.850,,,,,
5784,06/05/21 13:45:00,27.924,,,,,
5785,06/05/21 14:00:00,27.899,,,,,
5786,06/05/21 14:15:00,27.850,,,,,
5787,06/05/21 14:30:00,27.949,,,,,
5788,06/05/21 14:45:00,27.875,,,,,
5789,06/05/21 15:00:00,27.850,,,,,
5790,06/05/21 15:15:00,27.850,,,,,
5791,06/05/21 15:30:00,27.875,,,,,
5792,06/05/21 15:45:00,27.850,,,,,
5793,06/05/21 16:00:00,27.875,,,,,
5794,06/05/21 16:15:00,27.825,,,,,
5795,06/05/21 16:30:00,27.825,,,,,
5796,06/05/21 16:45:00,27.751,,,,,
5797,06/05/21 17:00:00,27.751,,,,,
5798,06/05/21 17:15:00,27.751,,,,,
5799,06/05/21 17:30:00,27.727,,,,,
5800,06/05/21 17:45:00,27.751,,,,,
5801,06/05/21 18:00:00,27.801,,,,,
5802,06/05/21 18:15:00,27.727,,,,,
5803,06/05/21 18:30:00,27.801,,,,,
5804,06/05/21 18:45:00,27.751,,,,,
5805,06/05/21 19:00:00,27.751,,,,,
5806,06/05/21 19:15:00,27.751,,,,,
5807,06/05/21 19:30:00,27.825,,,,,
5808,06/05/21 19:45:00,27.850,,,,,
5809,06/05/21 20:00:00,27.801,,,,,
5810,06/05/21 20:15:00,27.727,,,,,
5811,06/05/21 20:30:00,27.751,,,,,
5812,06/05/21 20:45:00,27.751,,,,,
5813,06/05/21 21:00:00,27.751,,,,,
5814,06/05/21 21:15:00,27.974,,,,,
5815,06/05/21 21:30:00,27.998,,,,,
5816,06/05/21 21:45:00,27.998,,,,,
5817,06/05/21 22:00:00,27.998,,,,,
5818,06/05/21 22:15:00,28.023,,,,,
5819,06/05/21 22:30:00,27.974,,,,,
5820,06/05/21 22:45:00,27.875,,,,,
5821,06/05/21 23:00:00,27.949,,,,,
5822,06/05/21 23:15:00,27.998,,,,,
5823,06/05/21 23:30:00,28.023,,,,,
5824,06/05/21 23:45:00,28.023,,,,,
5825,06/06/21 00:00:00,28.023,,,,,
5826,06/06/21 00:15:00,28.023,,,,,
5827,06/06/21 00:30:00,28.023,,,,,
5828,06/06/21 00:45:00,28.023,,,,,
5829,06/06/21 01:00:00,28.023,,,,,
5830,06/06/21 01:15:00,28.023,,,,,
5831,06/06/21 01:30:00,28.023,,,,,
5832,06/06/21 01:45:00,28.023,,,,,
5833,06/06/21 02:00:00,27.998,,,,,
5834,06/06/21 02:15:00,27.998,,,,,
5835,06/06/21 02:30:00,27.998,,,,,
5836,06/06/21 02:45:00,27.974,,,,,
5837,06/06/21 03:00:00,27.924,,,,,
5838,06/06/21 03:15:00,27.949,,,,,
5839,06/06/21 03:30:00,27.949,,,,,
5840,06/06/21 03:45:00,27.949,,,,,
5841,06/06/21 04:00:00,27.875,,,,,
5842,06/06/21 04:15:00,27.924,,,,,
5843,06/06/21 04:30:00,27.899,,,,,
5844,06/06/21 04:45:00,27.875,,,,,
5845,06/06/21 05:00:00,27.801,,,,,
5846,06/06/21 05:15:00,27.875,,,,,
5847,06/06/21 05:30:00,27.875,,,,,
5848,06/06/21 05:45:00,27.801,,,,,
5849,06/06/21 06:00:00,27.776,,,,,
5850,06/06/21 06:15:00,27.751,,,,,
5851,06/06/21 06:30:00,27.825,,,,,
5852,06/06/21 06:45:00,27.875,,,,,
5853,06/06/21 07:00:00,27.801,,,,,
5854,06/06/21 07:15:00,27.825,,,,,
5855,06/06/21 07:30:00,27.776,,,,,
5856,06/06/21 07:45:00,27.751,,,,,
5857,06/06/21 08:00:00,27.751,,,,,
5858,06/06/21 08:15:00,27.751,,,,,
5859,06/06/21 08:30:00,27.751,,,,,
5860,06/06/21 08:45:00,27.751,,,,,
5861,06/06/21 09:00:00,27.751,,,,,
5862,06/06/21 09:15:00,27.751,,,,,
5863,06/06/21 09:30:00,27.751,,,,,
5864,06/06/21 09:45:00,27.751,,,,,
5865,06/06/21 10:00:00,27.751,,,,,
5866,06/06/21 10:15:00,27.825,,,,,
5867,06/06/21 10:30:00,27.825,,,,,
5868,06/06/21 10:45:00,27.850,,,,,
5869,06/06/21 11:00:00,27.875,,,,,
5870,06/06/21 11:15:00,27.899,,,,,
5871,06/06/21 11:30:00,27.949,,,,,
5872,06/06/21 11:45:00,27.974,,,,,
5873,06/06/21 12:00:00,27.899,,,,,
5874,06/06/21 12:15:00,27.850,,,,,
5875,06/06/21 12:30:00,27.751,,,,,
5876,06/06/21 12:45:00,27.875,,,,,
5877,06/06/21 13:00:00,27.924,,,,,
5878,06/06/21 13:15:00,27.899,,,,,
5879,06/06/21 13:30:00,27.875,,,,,
5880,06/06/21 13:45:00,27.825,,,,,
5881,06/06/21 14:00:00,27.825,,,,,
5882,06/06/21 14:15:00,27.850,,,,,
5883,06/06/21 14:30:00,27.924,,,,,
5884,06/06/21 14:45:00,27.875,,,,,
5885,06/06/21 15:00:00,27.875,,,,,
5886,06/06/21 15:15:00,27.875,,,,,
5887,06/06/21 15:30:00,27.850,,,,,
5888,06/06/21 15:45:00,27.875,,,,,
5889,06/06/21 16:00:00,27.899,,,,,
5890,06/06/21 16:15:00,27.875,,,,,
5891,06/06/21 16:30:00,27.825,,,,,
5892,06/06/21 16:45:00,27.825,,,,,
5893,06/06/21 17:00:00,27.825,,,,,
5894,06/06/21 17:15:00,27.850,,,,,
5895,06/06/21 17:30:00,27.825,,,,,
5896,06/06/21 17:45:00,27.850,,,,,
5897,06/06/21 18:00:00,27.825,,,,,
5898,06/06/21 18:15:00,27.825,,,,,
5899,06/06/21 18:30:00,27.825,,,,,
5900,06/06/21 18:45:00,27.825,,,,,
5901,06/06/21 19:00:00,27.801,,,,,
5902,06/06/21 19:15:00,27.825,,,,,
5903,06/06/21 19:30:00,27.825,,,,,
5904,06/06/21 19:45:00,27.850,,,,,
5905,06/06/21 20:00:00,27.825,,,,,
5906,06/06/21 20:15:00,27.776,,,,,
5907,06/06/21 20:30:00,27.751,,,,,
5908,06/06/21 20:45:00,27.801,,,,,
5909,06/06/21 21:00:00,27.801,,,,,
5910,06/06/21 21:15:00,27.801,,,,,
5911,06/06/21 21:30:00,27.850,,,,,
5912,06/06/21 21:45:00,27.899,,,,,
5913,06/06/21 22:00:00,27.875,,,,,
5914,06/06/21 22:15:00,27.899,,,,,
5915,06/06/21 22:30:00,27.899,,,,,
5916,06/06/21 22:45:00,27.924,,,,,
5917,06/06/21 23:00:00,27.924,,,,,
5918,06/06/21 23:15:00,27.998,,,,,
5919,06/06/21 23:30:00,27.974,,,,,
5920,06/06/21 23:45:00,27.974,,,,,
5921,06/07/21 00:00:00,27.974,,,,,
5922,06/07/21 00:15:00,27.924,,,,,
5923,06/07/21 00:30:00,27.924,,,,,
5924,06/07/21 00:45:00,27.899,,,,,
5925,06/07/21 01:00:00,27.899,,,,,
5926,06/07/21 01:15:00,27.899,,,,,
5927,06/07/21 01:30:00,27.974,,,,,
5928,06/07/21 01:45:00,27.949,,,,,
5929,06/07/21 02:00:00,27.949,,,,,
5930,06/07/21 02:15:00,27.949,,,,,
5931,06/07/21 02:30:00,27.974,,,,,
5932,06/07/21 02:45:00,27.949,,,,,
5933,06/07/21 03:00:00,27.949,,,,,
5934,06/07/21 03:15:00,27.924,,,,,
5935,06/07/21 03:30:00,27.899,,,,,
5936,06/07/21 03:45:00,27.875,,,,,
5937,06/07/21 04:00:00,27.875,,,,,
5938,06/07/21 04:15:00,27.875,,,,,
5939,06/07/21 04:30:00,27.949,,,,,
5940,06/07/21 04:45:00,27.974,,,,,
5941,06/07/21 05:00:00,27.924,,,,,
5942,06/07/21 05:15:00,27.949,,,,,
5943,06/07/21 05:30:00,27.974,,,,,
5944,06/07/21 05:45:00,27.974,,,,,
5945,06/07/21 06:00:00,27.974,,,,,
5946,06/07/21 06:15:00,27.949,,,,,
5947,06/07/21 06:30:00,27.974,,,,,
5948,06/07/21 06:45:00,27.974,,,,,
5949,06/07/21 07:00:00,27.974,,,,,
5950,06/07/21 07:15:00,27.949,,,,,
5951,06/07/21 07:30:00,27.974,,,,,
5952,06/07/21 07:45:00,27.875,,,,,
5953,06/07/21 08:00:00,27.974,,,,,
5954,06/07/21 08:15:00,27.949,,,,,
5955,06/07/21 08:30:00,27.924,,,,,
5956,06/07/21 08:45:00,27.949,,,,,
5957,06/07/21 09:00:00,27.924,,,,,
5958,06/07/21 09:15:00,27.825,,,,,
5959,06/07/21 09:30:00,27.825,,,,,
5960,06/07/21 09:45:00,27.677,,,,,
5961,06/07/21 10:00:00,27.628,,,,,
5962,06/07/21 10:15:00,27.653,,,,,
5963,06/07/21 10:30:00,27.751,,,,,
5964,06/07/21 10:45:00,27.801,,,,,
5965,06/07/21 11:00:00,27.875,,,,,
5966,06/07/21 11:15:00,27.875,,,,,
5967,06/07/21 11:30:00,27.875,,,,,
5968,06/07/21 11:45:00,27.875,,,,,
5969,06/07/21 12:00:00,27.875,,,,,
5970,06/07/21 12:15:00,27.899,,,,,
5971,06/07/21 12:30:00,27.875,,,,,
5972,06/07/21 12:45:00,27.899,,,,,
5973,06/07/21 13:00:00,27.899,,,,,
5974,06/07/21 13:15:00,27.875,,,,,
5975,06/07/21 13:30:00,27.776,,,,,
5976,06/07/21 13:45:00,27.776,,,,,
5977,06/07/21 14:00:00,27.801,,,,,
5978,06/07/21 14:15:00,27.825,,,,,
5979,06/07/21 14:30:00,27.974,,,,,
5980,06/07/21 14:45:00,28.023,,,,,
5981,06/07/21 15:00:00,28.023,,,,,
5982,06/07/21 15:15:00,28.048,,,,,
5983,06/07/21 15:30:00,28.072,,,,,
5984,06/07/21 15:45:00,28.122,,,,,
5985,06/07/21 16:00:00,28.122,,,,,
5986,06/07/21 16:15:00,28.097,,,,,
5987,06/07/21 16:30:00,28.097,,,,,
5988,06/07/21 16:45:00,28.097,,,,,
5989,06/07/21 17:00:00,28.097,,,,,
5990,06/07/21 17:15:00,28.097,,,,,
5991,06/07/21 17:30:00,28.097,,,,,
5992,06/07/21 17:45:00,28.097,,,,,
5993,06/07/21 18:00:00,28.097,,,,,
5994,06/07/21 18:15:00,28.122,,,,,
5995,06/07/21 18:30:00,28.122,,,,,
5996,06/07/21 18:45:00,28.122,,,,,
5997,06/07/21 19:00:00,28.097,,,,,
5998,06/07/21 19:15:00,28.097,,,,,
5999,06/07/21 19:30:00,28.097,,,,,
6000,06/07/21 19:45:00,28.097,,,,,
6001,06/07/21 20:00:00,28.097,,,,,
6002,06/07/21 20:15:00,28.097,,,,,
6003,06/07/21 20:30:00,28.097,,,,,
6004,06/07/21 20:45:00,28.097,,,,,
6005,06/07/21 21:00:00,28.072,,,,,
6006,06/07/21 21:15:00,28.072,,,,,
6007,06/07/21 21:30:00,28.072,,,,,
6008,06/07/21 21:45:00,28.072,,,,,
6009,06/07/21 22:00:00,28.072,,,,,
6010,06/07/21 22:15:00,28.048,,,,,
6011,06/07/21 22:30:00,27.949,,,,,
6012,06/07/21 22:45:00,27.974,,,,,
6013,06/07/21 23:00:00,27.949,,,,,
6014,06/07/21 23:15:00,27.924,,,,,
6015,06/07/21 23:30:00,27.924,,,,,
6016,06/07/21 23:45:00,27.924,,,,,
6017,06/08/21 00:00:00,27.899,,,,,
6018,06/08/21 00:15:00,27.899,,,,,
6019,06/08/21 00:30:00,27.924,,,,,
6020,06/08/21 00:45:00,27.899,,,,,
6021,06/08/21 01:00:00,27.899,,,,,
6022,06/08/21 01:15:00,27.875,,,,,
6023,06/08/21 01:30:00,27.875,,,,,
6024,06/08/21 01:45:00,27.875,,,,,
6025,06/08/21 02:00:00,27.875,,,,,
6026,06/08/21 02:15:00,27.850,,,,,
6027,06/08/21 02:30:00,27.850,,,,,
6028,06/08/21 02:45:00,27.850,,,,,
6029,06/08/21 03:00:00,27.850,,,,,
6030,06/08/21 03:15:00,27.850,,,,,
6031,06/08/21 03:30:00,27.875,,,,,
6032,06/08/21 03:45:00,27.875,,,,,
6033,06/08/21 04:00:00,27.875,,,,,
6034,06/08/21 04:15:00,27.875,,,,,
6035,06/08/21 04:30:00,27.875,,,,,
6036,06/08/21 04:45:00,27.899,,,,,
6037,06/08/21 05:00:00,27.924,,,,,
6038,06/08/21 05:15:00,27.924,,,,,
6039,06/08/21 05:30:00,27.924,,,,,
6040,06/08/21 05:45:00,27.924,,,,,
6041,06/08/21 06:00:00,27.924,,,,,
6042,06/08/21 06:15:00,27.924,,,,,
6043,06/08/21 06:30:00,27.949,,,,,
6044,06/08/21 06:45:00,27.949,,,,,
6045,06/08/21 07:00:00,27.949,,,,,
6046,06/08/21 07:15:00,27.924,,,,,
6047,06/08/21 07:30:00,27.924,,,,,
6048,06/08/21 07:45:00,27.850,,,,,
6049,06/08/21 08:00:00,27.899,,,,,
6050,06/08/21 08:15:00,27.924,,,,,
6051,06/08/21 08:30:00,27.949,,,,,
6052,06/08/21 08:45:00,27.899,,,,,
6053,06/08/21 09:00:00,27.949,,,,,
6054,06/08/21 09:15:00,27.949,,,,,
6055,06/08/21 09:30:00,27.974,,,,,
6056,06/08/21 09:45:00,27.949,,,,,
6057,06/08/21 10:00:00,27.924,,,,,
6058,06/08/21 10:15:00,27.949,,,,,
6059,06/08/21 10:30:00,27.974,,,,,
6060,06/08/21 10:45:00,27.998,,,,,
6061,06/08/21 11:00:00,27.998,,,,,
6062,06/08/21 11:15:00,27.974,,,,,
6063,06/08/21 11:30:00,27.998,,,,,
6064,06/08/21 11:45:00,27.998,,,,,
6065,06/08/21 12:00:00,27.974,,,,,
6066,06/08/21 12:15:00,27.974,,,,,
6067,06/08/21 12:30:00,27.974,,,,,
6068,06/08/21 12:45:00,27.949,,,,,
6069,06/08/21 13:00:00,27.949,,,,,
6070,06/08/21 13:15:00,27.875,,,,,
6071,06/08/21 13:30:00,27.825,,,,,
6072,06/08/21 13:45:00,27.850,,,,,
6073,06/08/21 14:00:00,27.850,,,,,
6074,06/08/21 14:15:00,27.825,,,,,
6075,06/08/21 14:30:00,27.850,,,,,
6076,06/08/21 14:45:00,27.850,,,,,
6077,06/08/21 15:00:00,27.899,,,,,
6078,06/08/21 15:15:00,27.924,,,,,
6079,06/08/21 15:30:00,27.924,,,,,
6080,06/08/21 15:45:00,27.949,,,,,
6081,06/08/21 16:00:00,27.949,,,,,
6082,06/08/21 16:15:00,27.949,,,,,
6083,06/08/21 16:30:00,27.949,,,,,
6084,06/08/21 16:45:00,27.974,,,,,
6085,06/08/21 17:00:00,27.974,,,,,
6086,06/08/21 17:15:00,27.949,,,,,
6087,06/08/21 17:30:00,27.949,,,,,
6088,06/08/21 17:45:00,27.949,,,,,
6089,06/08/21 18:00:00,27.949,,,,,
6090,06/08/21 18:15:00,27.949,,,,,
6091,06/08/21 18:30:00,27.949,,,,,
6092,06/08/21 18:45:00,27.949,,,,,
6093,06/08/21 19:00:00,27.949,,,,,
6094,06/08/21 19:15:00,27.949,,,,,
6095,06/08/21 19:30:00,27.949,,,,,
6096,06/08/21 19:45:00,27.949,,,,,
6097,06/08/21 20:00:00,27.949,,,,,
6098,06/08/21 20:15:00,27.949,,,,,
6099,06/08/21 20:30:00,27.949,,,,,
6100,06/08/21 20:45:00,27.949,,,,,
6101,06/08/21 21:00:00,27.974,,,,,
6102,06/08/21 21:15:00,27.974,,,,,
6103,06/08/21 21:30:00,27.974,,,,,
6104,06/08/21 21:45:00,27.974,,,,,
6105,06/08/21 22:00:00,27.974,,,,,
6106,06/08/21 22:15:00,27.974,,,,,
6107,06/08/21 22:30:00,27.974,,,,,
6108,06/08/21 22:45:00,27.974,,,,,
6109,06/08/21 23:00:00,27.974,,,,,
6110,06/08/21 23:15:00,27.974,,,,,
6111,06/08/21 23:30:00,27.974,,,,,
6112,06/08/21 23:45:00,27.949,,,,,
6113,06/09/21 00:00:00,27.974,,,,,
6114,06/09/21 00:15:00,27.974,,,,,
6115,06/09/21 00:30:00,27.949,,,,,
6116,06/09/21 00:45:00,27.924,,,,,
6117,06/09/21 01:00:00,27.924,,,,,
6118,06/09/21 01:15:00,27.924,,,,,
6119,06/09/21 01:30:00,27.924,,,,,
6120,06/09/21 01:45:00,27.949,,,,,
6121,06/09/21 02:00:00,27.949,,,,,
6122,06/09/21 02:15:00,27.949,,,,,
6123,06/09/21 02:30:00,27.974,,,,,
6124,06/09/21 02:45:00,27.974,,,,,
6125,06/09/21 03:00:00,27.974,,,,,
6126,06/09/21 03:15:00,27.949,,,,,
6127,06/09/21 03:30:00,27.949,,,,,
6128,06/09/21 03:45:00,27.924,,,,,
6129,06/09/21 04:00:00,27.899,,,,,
6130,06/09/21 04:15:00,27.899,,,,,
6131,06/09/21 04:30:00,27.875,,,,,
6132,06/09/21 04:45:00,27.899,,,,,
6133,06/09/21 05:00:00,27.899,,,,,
6134,06/09/21 05:15:00,27.899,,,,,
6135,06/09/21 05:30:00,27.899,,,,,
6136,06/09/21 05:45:00,27.875,,,,,
6137,06/09/21 06:00:00,27.875,,,,,
6138,06/09/21 06:15:00,27.899,,,,,
6139,06/09/21 06:30:00,27.776,,,,,
6140,06/09/21 06:45:00,27.850,,,,,
6141,06/09/21 07:00:00,27.875,,,,,
6142,06/09/21 07:15:00,27.949,,,,,
6143,06/09/21 07:30:00,27.949,,,,,
6144,06/09/21 07:45:00,27.949,,,,,
6145,06/09/21 08:00:00,27.949,,,,,
6146,06/09/21 08:15:00,27.949,,,,,
6147,06/09/21 08:30:00,27.949,,,,,
6148,06/09/21 08:45:00,27.949,,,,,
6149,06/09/21 09:00:00,27.949,,,,,
6150,06/09/21 09:15:00,27.949,,,,,
6151,06/09/21 09:30:00,27.949,,,,,
6152,06/09/21 09:45:00,27.949,,,,,
6153,06/09/21 10:00:00,27.949,,,,,
6154,06/09/21 10:15:00,27.949,,,,,
6155,06/09/21 10:30:00,27.949,,,,,
6156,06/09/21 10:45:00,27.924,,,,,
6157,06/09/21 11:00:00,27.899,,,,,
6158,06/09/21 11:15:00,27.949,,,,,
6159,06/09/21 11:30:00,27.949,,,,,
6160,06/09/21 11:45:00,27.949,,,,,
6161,06/09/21 12:00:00,27.949,,,,,
6162,06/09/21 12:15:00,27.949,,,,,
6163,06/09/21 12:30:00,27.949,,,,,
6164,06/09/21 12:45:00,27.924,,,,,
6165,06/09/21 13:00:00,27.924,,,,,
6166,06/09/21 13:15:00,27.924,,,,,
6167,06/09/21 13:30:00,27.924,,,,,
6168,06/09/21 13:45:00,27.924,,,,,
6169,06/09/21 14:00:00,27.924,,,,,
6170,06/09/21 14:15:00,27.924,,,,,
6171,06/09/21 14:30:00,27.949,,,,,
6172,06/09/21 14:45:00,27.949,,,,,
6173,06/09/21 15:00:00,27.949,,,,,
6174,06/09/21 15:15:00,27.875,,,,,
6175,06/09/21 15:30:00,27.875,,,,,
6176,06/09/21 15:45:00,27.875,,,,,
6177,06/09/21 16:00:00,27.924,,,,,
6178,06/09/21 16:15:00,27.949,,,,,
6179,06/09/21 16:30:00,27.949,,,,,
6180,06/09/21 16:45:00,27.924,,,,,
6181,06/09/21 17:00:00,27.924,,,,,
6182,06/09/21 17:15:00,27.924,,,,,
6183,06/09/21 17:30:00,27.924,,,,,
6184,06/09/21 17:45:00,27.899,,,,,
6185,06/09/21 18:00:00,27.875,,,,,
6186,06/09/21 18:15:00,27.875,,,,,
6187,06/09/21 18:30:00,27.899,,,,,
6188,06/09/21 18:45:00,27.899,,,,,
6189,06/09/21 19:00:00,27.899,,,,,
6190,06/09/21 19:15:00,27.899,,,,,
6191,06/09/21 19:30:00,27.924,,,,,
6192,06/09/21 19:45:00,27.949,,,,,
6193,06/09/21 20:00:00,27.974,,,,,
6194,06/09/21 20:15:00,27.974,,,,,
6195,06/09/21 20:30:00,27.974,,,,,
6196,06/09/21 20:45:00,27.924,,,,,
6197,06/09/21 21:00:00,27.974,,,,,
6198,06/09/21 21:15:00,27.949,,,,,
6199,06/09/21 21:30:00,27.974,,,,,
6200,06/09/21 21:45:00,27.974,,,,,
6201,06/09/21 22:00:00,27.974,,,,,
6202,06/09/21 22:15:00,27.998,,,,,
6203,06/09/21 22:30:00,27.974,,,,,
6204,06/09/21 22:45:00,27.974,,,,,
6205,06/09/21 23:00:00,27.974,,,,,
6206,06/09/21 23:15:00,27.974,,,,,
6207,06/09/21 23:30:00,27.974,,,,,
6208,06/09/21 23:45:00,27.974,,,,,
6209,06/10/21 00:00:00,27.974,,,,,
6210,06/10/21 00:15:00,27.974,,,,,
6211,06/10/21 00:30:00,27.949,,,,,
6212,06/10/21 00:45:00,27.949,,,,,
6213,06/10/21 01:00:00,27.924,,,,,
6214,06/10/21 01:15:00,27.924,,,,,
6215,06/10/21 01:30:00,27.924,,,,,
6216,06/10/21 01:45:00,27.924,,,,,
6217,06/10/21 02:00:00,27.899,,,,,
6218,06/10/21 02:15:00,27.899,,,,,
6219,06/10/21 02:30:00,27.899,,,,,
6220,06/10/21 02:45:00,27.899,,,,,
6221,06/10/21 03:00:00,27.924,,,,,
6222,06/10/21 03:15:00,27.924,,,,,
6223,06/10/21 03:30:00,27.924,,,,,
6224,06/10/21 03:45:00,27.924,,,,,
6225,06/10/21 04:00:00,27.924,,,,,
6226,06/10/21 04:15:00,27.974,,,,,
6227,06/10/21 04:30:00,27.974,,,,,
6228,06/10/21 04:45:00,27.974,,,,,
6229,06/10/21 05:00:00,27.974,,,,,
6230,06/10/21 05:15:00,27.949,,,,,
6231,06/10/21 05:30:00,27.949,,,,,
6232,06/10/21 05:45:00,27.949,,,,,
6233,06/10/21 06:00:00,27.949,,,,,
6234,06/10/21 06:15:00,27.924,,,,,
6235,06/10/21 06:30:00,27.924,,,,,
6236,06/10/21 06:45:00,27.949,,,,,
6237,06/10/21 07:00:00,27.949,,,,,
6238,06/10/21 07:15:00,27.949,,,,,
6239,06/10/21 07:30:00,27.924,,,,,
6240,06/10/21 07:45:00,27.924,,,,,
6241,06/10/21 08:00:00,27.924,,,,,
6242,06/10/21 08:15:00,27.924,,,,,
6243,06/10/21 08:30:00,27.924,,,,,
6244,06/10/21 08:45:00,27.924,,,,,
6245,06/10/21 09:00:00,27.924,,,,,
6246,06/10/21 09:15:00,27.924,,,,,
6247,06/10/21 09:30:00,27.949,,,,,
6248,06/10/21 09:45:00,27.949,,,,,
6249,06/10/21 10:00:00,27.949,,,,,
6250,06/10/21 10:15:00,27.949,,,,,
6251,06/10/21 10:30:00,27.949,,,,,
6252,06/10/21 10:45:00,27.949,,,,,
6253,06/10/21 11:00:00,27.949,,,,,
6254,06/10/21 11:15:00,27.949,,,,,
6255,06/10/21 11:30:00,27.949,,,,,
6256,06/10/21 11:45:00,27.949,,,,,
6257,06/10/21 12:00:00,27.949,,,,,
6258,06/10/21 12:15:00,27.949,,,,,
6259,06/10/21 12:30:00,27.949,,,,,
6260,06/10/21 12:45:00,27.949,,,,,
6261,06/10/21 13:00:00,27.949,,,,,
6262,06/10/21 13:15:00,27.949,,,,,
6263,06/10/21 13:30:00,27.949,,,,,
6264,06/10/21 13:45:00,27.974,,,,,
6265,06/10/21 14:00:00,27.974,,,,,
6266,06/10/21 14:15:00,27.949,,,,,
6267,06/10/21 14:30:00,27.924,,,,,
6268,06/10/21 14:45:00,27.899,,,,,
6269,06/10/21 15:00:00,27.949,,,,,
6270,06/10/21 15:15:00,27.899,,,,,
6271,06/10/21 15:30:00,27.875,,,,,
6272,06/10/21 15:45:00,27.899,,,,,
6273,06/10/21 16:00:00,27.924,,,,,
6274,06/10/21 16:15:00,27.924,,,,,
6275,06/10/21 16:30:00,27.924,,,,,
6276,06/10/21 16:45:00,27.924,,,,,
6277,06/10/21 17:00:00,27.949,,,,,
6278,06/10/21 17:15:00,27.924,,,,,
6279,06/10/21 17:30:00,27.924,,,,,
6280,06/10/21 17:45:00,27.949,,,,,
6281,06/10/21 18:00:00,27.949,,,,,
6282,06/10/21 18:15:00,27.974,,,,,
6283,06/10/21 18:30:00,27.949,,,,,
6284,06/10/21 18:45:00,27.949,,,,,
6285,06/10/21 19:00:00,27.949,,,,,
6286,06/10/21 19:15:00,27.949,,,,,
6287,06/10/21 19:30:00,27.949,,,,,
6288,06/10/21 19:45:00,27.949,,,,,
6289,06/10/21 20:00:00,27.949,,,,,
6290,06/10/21 20:15:00,27.949,,,,,
6291,06/10/21 20:30:00,27.949,,,,,
6292,06/10/21 20:45:00,27.949,,,,,
6293,06/10/21 21:00:00,27.949,,,,,
6294,06/10/21 21:15:00,27.949,,,,,
6295,06/10/21 21:30:00,27.949,,,,,
6296,06/10/21 21:45:00,27.949,,,,,
6297,06/10/21 22:00:00,27.949,,,,,
6298,06/10/21 22:15:00,27.949,,,,,
6299,06/10/21 22:30:00,27.949,,,,,
6300,06/10/21 22:45:00,27.949,,,,,
6301,06/10/21 23:00:00,27.949,,,,,
6302,06/10/21 23:15:00,27.949,,,,,
6303,06/10/21 23:30:00,27.949,,,,,
6304,06/10/21 23:45:00,27.949,,,,,
6305,06/11/21 00:00:00,27.924,,,,,
6306,06/11/21 00:15:00,27.924,,,,,
6307,06/11/21 00:30:00,27.924,,,,,
6308,06/11/21 00:45:00,27.924,,,,,
6309,06/11/21 01:00:00,27.924,,,,,
6310,06/11/21 01:15:00,27.924,,,,,
6311,06/11/21 01:30:00,27.924,,,,,
6312,06/11/21 01:45:00,27.949,,,,,
6313,06/11/21 02:00:00,27.924,,,,,
6314,06/11/21 02:15:00,27.875,,,,,
6315,06/11/21 02:30:00,27.949,,,,,
6316,06/11/21 02:45:00,27.949,,,,,
6317,06/11/21 03:00:00,27.949,,,,,
6318,06/11/21 03:15:00,27.949,,,,,
6319,06/11/21 03:30:00,27.949,,,,,
6320,06/11/21 03:45:00,27.949,,,,,
6321,06/11/21 04:00:00,27.949,,,,,
6322,06/11/21 04:15:00,27.974,,,,,
6323,06/11/21 04:30:00,27.949,,,,,
6324,06/11/21 04:45:00,27.974,,,,,
6325,06/11/21 05:00:00,27.949,,,,,
6326,06/11/21 05:15:00,27.974,,,,,
6327,06/11/21 05:30:00,27.974,,,,,
6328,06/11/21 05:45:00,27.974,,,,,
6329,06/11/21 06:00:00,27.974,,,,,
6330,06/11/21 06:15:00,27.974,,,,,
6331,06/11/21 06:30:00,27.974,,,,,
6332,06/11/21 06:45:00,27.974,,,,,
6333,06/11/21 07:00:00,27.974,,,,,
6334,06/11/21 07:15:00,27.974,,,,,
6335,06/11/21 07:30:00,27.949,,,,,
6336,06/11/21 07:45:00,27.974,,,,,
6337,06/11/21 08:00:00,27.974,,,,,
6338,06/11/21 08:15:00,27.949,,,,,
6339,06/11/21 08:30:00,27.949,,,,,
6340,06/11/21 08:45:00,27.949,,,,,
6341,06/11/21 09:00:00,27.949,,,,,
6342,06/11/21 09:15:00,27.949,,,,,
6343,06/11/21 09:30:00,27.949,,,,,
6344,06/11/21 09:45:00,27.949,,,,,
6345,06/11/21 10:00:00,27.949,,,,,
6346,06/11/21 10:15:00,27.949,,,,,
6347,06/11/21 10:30:00,27.974,,,,,
6348,06/11/21 10:45:00,27.949,,,,,
6349,06/11/21 11:00:00,27.949,,,,,
6350,06/11/21 11:15:00,27.974,,,,,
6351,06/11/21 11:30:00,27.974,,,,,
6352,06/11/21 11:45:00,27.974,,,,,
6353,06/11/21 12:00:00,27.949,,,,,
6354,06/11/21 12:15:00,27.949,,,,,
6355,06/11/21 12:30:00,27.949,,,,,
6356,06/11/21 12:45:00,27.949,,,,,
6357,06/11/21 13:00:00,27.974,,,,,
6358,06/11/21 13:15:00,27.949,,,,,
6359,06/11/21 13:30:00,27.949,,,,,
6360,06/11/21 13:45:00,27.949,,,,,
6361,06/11/21 14:00:00,27.974,,,,,
6362,06/11/21 14:15:00,27.974,,,,,
6363,06/11/21 14:30:00,27.998,,,,,
6364,06/11/21 14:45:00,28.023,,,,,
6365,06/11/21 15:00:00,27.998,,,,,
6366,06/11/21 15:15:00,28.048,,,,,
6367,06/11/21 15:30:00,28.048,,,,,
6368,06/11/21 15:45:00,28.072,,,,,
6369,06/11/21 16:00:00,27.998,,,,,
6370,06/11/21 16:15:00,27.924,,,,,
6371,06/11/21 16:30:00,27.776,,,,,
6372,06/11/21 16:45:00,27.801,,,,,
6373,06/11/21 17:00:00,27.850,,,,,
6374,06/11/21 17:15:00,27.702,,,,,
6375,06/11/21 17:30:00,27.899,,,,,
6376,06/11/21 17:45:00,27.974,,,,,
6377,06/11/21 18:00:00,27.974,,,,,
6378,06/11/21 18:15:00,27.974,,,,,
6379,06/11/21 18:30:00,27.974,,,,,
6380,06/11/21 18:45:00,27.974,,,,,
6381,06/11/21 19:00:00,27.974,,,,,
6382,06/11/21 19:15:00,27.974,,,,,
6383,06/11/21 19:30:00,27.974,,,,,
6384,06/11/21 19:45:00,27.949,,,,,
6385,06/11/21 20:00:00,27.949,,,,,
6386,06/11/21 20:15:00,27.949,,,,,
6387,06/11/21 20:30:00,27.949,,,,,
6388,06/11/21 20:45:00,27.949,,,,,
6389,06/11/21 21:00:00,27.949,,,,,
6390,06/11/21 21:15:00,27.949,,,,,
6391,06/11/21 21:30:00,27.949,,,,,
6392,06/11/21 21:45:00,27.949,,,,,
6393,06/11/21 22:00:00,27.949,,,,,
6394,06/11/21 22:15:00,27.949,,,,,
6395,06/11/21 22:30:00,27.949,,,,,
6396,06/11/21 22:45:00,27.949,,,,,
6397,06/11/21 23:00:00,27.949,,,,,
6398,06/11/21 23:15:00,27.949,,,,,
6399,06/11/21 23:30:00,27.949,,,,,
6400,06/11/21 23:45:00,27.974,,,,,
6401,06/12/21 00:00:00,27.974,,,,,
6402,06/12/21 00:15:00,27.974,,,,,
6403,06/12/21 00:30:00,27.974,,,,,
6404,06/12/21 00:45:00,27.974,,,,,
6405,06/12/21 01:00:00,27.974,,,,,
6406,06/12/21 01:15:00,27.974,,,,,
6407,06/12/21 01:30:00,27.974,,,,,
6408,06/12/21 01:45:00,27.974,,,,,
6409,06/12/21 02:00:00,27.998,,,,,
6410,06/12/21 02:15:00,27.998,,,,,
6411,06/12/21 02:30:00,27.974,,,,,
6412,06/12/21 02:45:00,27.974,,,,,
6413,06/12/21 03:00:00,27.974,,,,,
6414,06/12/21 03:15:00,27.924,,,,,
6415,06/12/21 03:30:00,27.875,,,,,
6416,06/12/21 03:45:00,27.850,,,,,
6417,06/12/21 04:00:00,27.850,,,,,
6418,06/12/21 04:15:00,27.850,,,,,
6419,06/12/21 04:30:00,27.875,,,,,
6420,06/12/21 04:45:00,27.899,,,,,
6421,06/12/21 05:00:00,27.924,,,,,
6422,06/12/21 05:15:00,27.924,,,,,
6423,06/12/21 05:30:00,27.949,,,,,
6424,06/12/21 05:45:00,27.949,,,,,
6425,06/12/21 06:00:00,27.974,,,,,
6426,06/12/21 06:15:00,27.974,,,,,
6427,06/12/21 06:30:00,27.949,,,,,
6428,06/12/21 06:45:00,27.949,,,,,
6429,06/12/21 07:00:00,27.974,,,,,
6430,06/12/21 07:15:00,27.974,,,,,
6431,06/12/21 07:30:00,27.974,,,,,
6432,06/12/21 07:45:00,27.974,,,,,
6433,06/12/21 08:00:00,27.974,,,,,
6434,06/12/21 08:15:00,27.974,,,,,
6435,06/12/21 08:30:00,27.998,,,,,
6436,06/12/21 08:45:00,27.998,,,,,
6437,06/12/21 09:00:00,27.998,,,,,
6438,06/12/21 09:15:00,27.998,,,,,
6439,06/12/21 09:30:00,27.998,,,,,
6440,06/12/21 09:45:00,27.998,,,,,
6441,06/12/21 10:00:00,27.998,,,,,
6442,06/12/21 10:15:00,27.998,,,,,
6443,06/12/21 10:30:00,27.974,,,,,
6444,06/12/21 10:45:00,27.974,,,,,
6445,06/12/21 11:00:00,27.974,,,,,
6446,06/12/21 11:15:00,27.998,,,,,
6447,06/12/21 11:30:00,27.998,,,,,
6448,06/12/21 11:45:00,27.998,,,,,
6449,06/12/21 12:00:00,27.998,,,,,
6450,06/12/21 12:15:00,27.998,,,,,
6451,06/12/21 12:30:00,27.998,,,,,
6452,06/12/21 12:45:00,27.998,,,,,
6453,06/12/21 13:00:00,27.998,,,,,
6454,06/12/21 13:15:00,27.974,,,,,
6455,06/12/21 13:30:00,27.998,,,,,
6456,06/12/21 13:45:00,27.998,,,,,
6457,06/12/21 14:00:00,27.998,,,,,
6458,06/12/21 14:15:00,27.949,,,,,
6459,06/12/21 14:30:00,27.949,,,,,
6460,06/12/21 14:45:00,27.949,,,,,
6461,06/12/21 15:00:00,27.949,,,,,
6462,06/12/21 15:15:00,27.949,,,,,
6463,06/12/21 15:30:00,27.949,,,,,
6464,06/12/21 15:45:00,27.974,,,,,
6465,06/12/21 16:00:00,27.974,,,,,
6466,06/12/21 16:15:00,27.974,,,,,
6467,06/12/21 16:30:00,27.974,,,,,
6468,06/12/21 16:45:00,27.974,,,,,
6469,06/12/21 17:00:00,27.974,,,,,
6470,06/12/21 17:15:00,27.974,,,,,
6471,06/12/21 17:30:00,27.974,,,,,
6472,06/12/21 17:45:00,27.974,,,,,
6473,06/12/21 18:00:00,27.974,,,,,
6474,06/12/21 18:15:00,27.949,,,,,
6475,06/12/21 18:30:00,27.949,,,,,
6476,06/12/21 18:45:00,27.949,,,,,
6477,06/12/21 19:00:00,27.949,,,,,
6478,06/12/21 19:15:00,27.949,,,,,
6479,06/12/21 19:30:00,27.949,,,,,
6480,06/12/21 19:45:00,27.949,,,,,
6481,06/12/21 20:00:00,27.949,,,,,
6482,06/12/21 20:15:00,27.949,,,,,
6483,06/12/21 20:30:00,27.949,,,,,
6484,06/12/21 20:45:00,27.949,,,,,
6485,06/12/21 21:00:00,27.949,,,,,
6486,06/12/21 21:15:00,27.949,,,,,
6487,06/12/21 21:30:00,27.949,,,,,
6488,06/12/21 21:45:00,27.949,,,,,
6489,06/12/21 22:00:00,27.949,,,,,
6490,06/12/21 22:15:00,27.949,,,,,
6491,06/12/21 22:30:00,27.949,,,,,
6492,06/12/21 22:45:00,27.924,,,,,
6493,06/12/21 23:00:00,27.924,,,,,
6494,06/12/21 23:15:00,27.924,,,,,
6495,06/12/21 23:30:00,27.924,,,,,
6496,06/12/21 23:45:00,27.924,,,,,
6497,06/13/21 00:00:00,27.924,,,,,
6498,06/13/21 00:15:00,27.949,,,,,
6499,06/13/21 00:30:00,27.949,,,,,
6500,06/13/21 00:45:00,27.949,,,,,
6501,06/13/21 01:00:00,27.949,,,,,
6502,06/13/21 01:15:00,27.949,,,,,
6503,06/13/21 01:30:00,27.949,,,,,
6504,06/13/21 01:45:00,27.949,,,,,
6505,06/13/21 02:00:00,27.949,,,,,
6506,06/13/21 02:15:00,27.949,,,,,
6507,06/13/21 02:30:00,27.949,,,,,
6508,06/13/21 02:45:00,27.949,,,,,
6509,06/13/21 03:00:00,27.949,,,,,
6510,06/13/21 03:15:00,27.949,,,,,
6511,06/13/21 03:30:00,27.949,,,,,
6512,06/13/21 03:45:00,27.974,,,,,
6513,06/13/21 04:00:00,27.949,,,,,
6514,06/13/21 04:15:00,27.949,,,,,
6515,06/13/21 04:30:00,27.949,,,,,
6516,06/13/21 04:45:00,27.924,,,,,
6517,06/13/21 05:00:00,27.924,,,,,
6518,06/13/21 05:15:00,27.924,,,,,
6519,06/13/21 05:30:00,27.924,,,,,
6520,06/13/21 05:45:00,27.924,,,,,
6521,06/13/21 06:00:00,27.924,,,,,
6522,06/13/21 06:15:00,27.924,,,,,
6523,06/13/21 06:30:00,27.924,,,,,
6524,06/13/21 06:45:00,27.924,,,,,
6525,06/13/21 07:00:00,27.924,,,,,
6526,06/13/21 07:15:00,27.924,,,,,
6527,06/13/21 07:30:00,27.924,,,,,
6528,06/13/21 07:45:00,27.924,,,,,
6529,06/13/21 08:00:00,27.924,,,,,
6530,06/13/21 08:15:00,27.924,,,,,
6531,06/13/21 08:30:00,27.949,,,,,
6532,06/13/21 08:45:00,27.949,,,,,
6533,06/13/21 09:00:00,27.949,,,,,
6534,06/13/21 09:15:00,27.924,,,,,
6535,06/13/21 09:30:00,27.924,,,,,
6536,06/13/21 09:45:00,27.949,,,,,
6537,06/13/21 10:00:00,27.949,,,,,
6538,06/13/21 10:15:00,27.949,,,,,
6539,06/13/21 10:30:00,27.949,,,,,
6540,06/13/21 10:45:00,27.949,,,,,
6541,06/13/21 11:00:00,27.949,,,,,
6542,06/13/21 11:15:00,27.949,,,,,
6543,06/13/21 11:30:00,27.974,,,,,
6544,06/13/21 11:45:00,27.974,,,,,
6545,06/13/21 12:00:00,27.974,,,,,
6546,06/13/21 12:15:00,27.974,,,,,
6547,06/13/21 12:30:00,27.974,,,,,
6548,06/13/21 12:45:00,27.974,,,,,
6549,06/13/21 13:00:00,27.974,,,,,
6550,06/13/21 13:15:00,27.974,,,,,
6551,06/13/21 13:30:00,27.974,,,,,
6552,06/13/21 13:45:00,27.949,,,,,
6553,06/13/21 14:00:00,27.949,,,,,
6554,06/13/21 14:15:00,27.949,,,,,
6555,06/13/21 14:30:00,27.949,,,,,
6556,06/13/21 14:45:00,27.949,,,,,
6557,06/13/21 15:00:00,27.949,,,,,
6558,06/13/21 15:15:00,27.949,,,,,
6559,06/13/21 15:30:00,27.949,,,,,
6560,06/13/21 15:45:00,27.924,,,,,
6561,06/13/21 16:00:00,27.924,,,,,
6562,06/13/21 16:15:00,27.924,,,,,
6563,06/13/21 16:30:00,27.924,,,,,
6564,06/13/21 16:45:00,27.924,,,,,
6565,06/13/21 17:00:00,27.924,,,,,
6566,06/13/21 17:15:00,27.924,,,,,
6567,06/13/21 17:30:00,27.924,,,,,
6568,06/13/21 17:45:00,27.924,,,,,
6569,06/13/21 18:00:00,27.924,,,,,
6570,06/13/21 18:15:00,27.924,,,,,
6571,06/13/21 18:30:00,27.949,,,,,
6572,06/13/21 18:45:00,27.974,,,,,
6573,06/13/21 19:00:00,27.974,,,,,
6574,06/13/21 19:15:00,27.974,,,,,
6575,06/13/21 19:30:00,27.974,,,,,
6576,06/13/21 19:45:00,27.998,,,,,
6577,06/13/21 20:00:00,28.023,,,,,
6578,06/13/21 20:15:00,27.998,,,,,
6579,06/13/21 20:30:00,27.998,,,,,
6580,06/13/21 20:45:00,28.023,,,,,
6581,06/13/21 21:00:00,28.023,,,,,
6582,06/13/21 21:15:00,28.023,,,,,
6583,06/13/21 21:30:00,28.023,,,,,
6584,06/13/21 21:45:00,28.023,,,,,
6585,06/13/21 22:00:00,27.998,,,,,
6586,06/13/21 22:15:00,27.998,,,,,
6587,06/13/21 22:30:00,27.998,,,,,
6588,06/13/21 22:45:00,28.023,,,,,
6589,06/13/21 23:00:00,27.998,,,,,
6590,06/13/21 23:15:00,28.023,,,,,
6591,06/13/21 23:30:00,28.048,,,,,
6592,06/13/21 23:45:00,28.023,,,,,
6593,06/14/21 00:00:00,27.998,,,,,
6594,06/14/21 00:15:00,27.998,,,,,
6595,06/14/21 00:30:00,28.023,,,,,
6596,06/14/21 00:45:00,28.023,,,,,
6597,06/14/21 01:00:00,27.998,,,,,
6598,06/14/21 01:15:00,27.949,,,,,
6599,06/14/21 01:30:00,27.974,,,,,
6600,06/14/21 01:45:00,27.949,,,,,
6601,06/14/21 02:00:00,27.949,,,,,
6602,06/14/21 02:15:00,27.850,,,,,
6603,06/14/21 02:30:00,27.702,,,,,
6604,06/14/21 02:45:00,27.554,,,,,
6605,06/14/21 03:00:00,27.505,,,,,
6606,06/14/21 03:15:00,27.505,,,,,
6607,06/14/21 03:30:00,27.554,,,,,
6608,06/14/21 03:45:00,27.604,,,,,
6609,06/14/21 04:00:00,27.677,,,,,
6610,06/14/21 04:15:00,27.702,,,,,
6611,06/14/21 04:30:00,27.801,,,,,
6612,06/14/21 04:45:00,27.801,,,,,
6613,06/14/21 05:00:00,27.628,,,,,
6614,06/14/21 05:15:00,27.677,,,,,
6615,06/14/21 05:30:00,27.727,,,,,
6616,06/14/21 05:45:00,27.727,,,,,
6617,06/14/21 06:00:00,27.702,,,,,
6618,06/14/21 06:15:00,27.727,,,,,
6619,06/14/21 06:30:00,27.751,,,,,
6620,06/14/21 06:45:00,27.727,,,,,
6621,06/14/21 07:00:00,27.825,,,,,
6622,06/14/21 07:15:00,27.875,,,,,
6623,06/14/21 07:30:00,27.875,,,,,
6624,06/14/21 07:45:00,27.899,,,,,
6625,06/14/21 08:00:00,27.899,,,,,
6626,06/14/21 08:15:00,27.924,,,,,
6627,06/14/21 08:30:00,27.949,,,,,
6628,06/14/21 08:45:00,27.974,,,,,
6629,06/14/21 09:00:00,27.974,,,,,
6630,06/14/21 09:15:00,27.974,,,,,
6631,06/14/21 09:30:00,27.974,,,,,
6632,06/14/21 09:45:00,27.974,,,,,
6633,06/14/21 10:00:00,27.998,,,,,
6634,06/14/21 10:15:00,27.974,,,,,
6635,06/14/21 10:30:00,27.974,,,,,
6636,06/14/21 10:45:00,27.974,,,,,
6637,06/14/21 11:00:00,27.974,,,,,
6638,06/14/21 11:15:00,27.974,,,,,
6639,06/14/21 11:30:00,27.998,,,,,
6640,06/14/21 11:45:00,27.998,,,,,
6641,06/14/21 12:00:00,27.998,,,,,
6642,06/14/21 12:15:00,27.998,,,,,
6643,06/14/21 12:30:00,27.899,,,,,
6644,06/14/21 12:45:00,27.751,,,,,
6645,06/14/21 13:00:00,27.677,,,,,
6646,06/14/21 13:15:00,27.727,,,,,
6647,06/14/21 13:30:00,27.801,,,,,
6648,06/14/21 13:45:00,27.801,,,,,
6649,06/14/21 14:00:00,27.850,,,,,
6650,06/14/21 14:15:00,27.850,,,,,
6651,06/14/21 14:30:00,27.850,,,,,
6652,06/14/21 14:45:00,27.875,,,,,
6653,06/14/21 15:00:00,27.875,,,,,
6654,06/14/21 15:15:00,27.875,,,,,
6655,06/14/21 15:30:00,27.776,,,,,
6656,06/14/21 15:45:00,27.653,,,,,
6657,06/14/21 16:00:00,27.579,,,,,
6658,06/14/21 16:15:00,27.677,,,,,
6659,06/14/21 16:30:00,27.776,,,,,
6660,06/14/21 16:45:00,27.875,,,,,
6661,06/14/21 17:00:00,27.949,,,,,
6662,06/14/21 17:15:00,28.023,,,,,
6663,06/14/21 17:30:00,27.974,,,,,
6664,06/14/21 17:45:00,27.924,,,,,
6665,06/14/21 18:00:00,27.924,,,,,
6666,06/14/21 18:15:00,27.924,,,,,
6667,06/14/21 18:30:00,27.875,,,,,
6668,06/14/21 18:45:00,27.899,,,,,
6669,06/14/21 19:00:00,27.974,,,,,
6670,06/14/21 19:15:00,28.072,,,,,
6671,06/14/21 19:30:00,28.171,,,,,
6672,06/14/21 19:45:00,28.245,,,,,
6673,06/14/21 20:00:00,28.295,,,,,
6674,06/14/21 20:15:00,28.295,,,,,
6675,06/14/21 20:30:00,28.270,,,,,
6676,06/14/21 20:45:00,28.270,,,,,
6677,06/14/21 21:00:00,28.270,,,,,
6678,06/14/21 21:15:00,28.245,,,,,
6679,06/14/21 21:30:00,28.171,,,,,
6680,06/14/21 21:45:00,28.097,,,,,
6681,06/14/21 22:00:00,28.097,,,,,
6682,06/14/21 22:15:00,28.072,,,,,
6683,06/14/21 22:30:00,28.072,,,,,
6684,06/14/21 22:45:00,28.048,,,,,
6685,06/14/21 23:00:00,27.998,,,,,
6686,06/14/21 23:15:00,27.998,,,,,
6687,06/14/21 23:30:00,28.072,,,,,
6688,06/14/21 23:45:00,28.097,,,,,
6689,06/15/21 00:00:00,28.122,,,,,
6690,06/15/21 00:15:00,28.023,,,,,
6691,06/15/21 00:30:00,28.048,,,,,
6692,06/15/21 00:45:00,27.974,,,,,
6693,06/15/21 01:00:00,27.974,,,,,
6694,06/15/21 01:15:00,28.023,,,,,
6695,06/15/21 01:30:00,28.023,,,,,
6696,06/15/21 01:45:00,27.924,,,,,
6697,06/15/21 02:00:00,27.949,,,,,
6698,06/15/21 02:15:00,27.949,,,,,
6699,06/15/21 02:30:00,27.949,,,,,
6700,06/15/21 02:45:00,27.974,,,,,
6701,06/15/21 03:00:00,27.974,,,,,
6702,06/15/21 03:15:00,27.949,,,,,
6703,06/15/21 03:30:00,27.949,,,,,
6704,06/15/21 03:45:00,27.949,,,,,
6705,06/15/21 04:00:00,27.949,,,,,
6706,06/15/21 04:15:00,27.924,,,,,
6707,06/15/21 04:30:00,27.850,,,,,
6708,06/15/21 04:45:00,27.776,,,,,
6709,06/15/21 05:00:00,27.702,,,,,
6710,06/15/21 05:15:00,27.974,,,,,
6711,06/15/21 05:30:00,27.974,,,,,
6712,06/15/21 05:45:00,27.949,,,,,
6713,06/15/21 06:00:00,27.949,,,,,
6714,06/15/21 06:15:00,27.949,,,,,
6715,06/15/21 06:30:00,27.949,,,,,
6716,06/15/21 06:45:00,27.949,,,,,
6717,06/15/21 07:00:00,27.949,,,,,
6718,06/15/21 07:15:00,27.949,,,,,
6719,06/15/21 07:30:00,27.949,,,,,
6720,06/15/21 07:45:00,27.949,,,,,
6721,06/15/21 08:00:00,27.949,,,,,
6722,06/15/21 08:15:00,27.949,,,,,
6723,06/15/21 08:30:00,27.949,,,,,
6724,06/15/21 08:45:00,27.974,,,,,
6725,06/15/21 09:00:00,27.974,,,,,
6726,06/15/21 09:15:00,27.949,,,,,
6727,06/15/21 09:30:00,27.924,,,,,
6728,06/15/21 09:45:00,27.924,,,,,
6729,06/15/21 10:00:00,27.899,,,,,
6730,06/15/21 10:15:00,27.899,,,,,
6731,06/15/21 10:30:00,27.924,,,,,
6732,06/15/21 10:45:00,27.875,,,,,
6733,06/15/21 11:00:00,27.899,,,,,
6734,06/15/21 11:15:00,27.850,,,,,
6735,06/15/21 11:30:00,27.850,,,,,
6736,06/15/21 11:45:00,27.850,,,,,
6737,06/15/21 12:00:00,27.850,,,,,
6738,06/15/21 12:15:00,27.850,,,,,
6739,06/15/21 12:30:00,27.825,,,,,
6740,06/15/21 12:45:00,27.776,,,,,
6741,06/15/21 13:00:00,27.751,,,,,
6742,06/15/21 13:15:00,27.751,,,,,
6743,06/15/21 13:30:00,27.653,,,,,
6744,06/15/21 13:45:00,27.653,,,,,
6745,06/15/21 14:00:00,27.579,,,,,
6746,06/15/21 14:15:00,27.554,,,,,
6747,06/15/21 14:30:00,27.530,,,,,
6748,06/15/21 14:45:00,27.505,,,,,
6749,06/15/21 15:00:00,27.505,,,,,
6750,06/15/21 15:15:00,27.481,,,,,
6751,06/15/21 15:30:00,27.481,,,,,
6752,06/15/21 15:45:00,27.456,,,,,
6753,06/15/21 16:00:00,27.431,,,,,
6754,06/15/21 16:15:00,27.382,,,,,
6755,06/15/21 16:30:00,27.358,,,,,
6756,06/15/21 16:45:00,27.358,,,,,
6757,06/15/21 17:00:00,27.382,,,,,
6758,06/15/21 17:15:00,27.407,,,,,
6759,06/15/21 17:30:00,27.333,,,,,
6760,06/15/21 17:45:00,27.382,,,,,
6761,06/15/21 18:00:00,27.431,,,,,
6762,06/15/21 18:15:00,27.530,,,,,
6763,06/15/21 18:30:00,27.554,,,,,
6764,06/15/21 18:45:00,27.579,,,,,
6765,06/15/21 19:00:00,27.604,,,,,
6766,06/15/21 19:15:00,27.628,,,,,
6767,06/15/21 19:30:00,27.653,,,,,
6768,06/15/21 19:45:00,27.653,,,,,
6769,06/15/21 20:00:00,27.677,,,,,
6770,06/15/21 20:15:00,27.727,,,,,
6771,06/15/21 20:30:00,27.702,,,,,
6772,06/15/21 20:45:00,27.677,,,,,
6773,06/15/21 21:00:00,27.702,,,,,
6774,06/15/21 21:15:00,27.751,,,,,
6775,06/15/21 21:30:00,27.776,,,,,
6776,06/15/21 21:45:00,27.776,,,,,
6777,06/15/21 22:00:00,27.801,,,,,
6778,06/15/21 22:15:00,27.751,,,,,
6779,06/15/21 22:30:00,27.727,,,,,
6780,06/15/21 22:45:00,27.727,,,,,
6781,06/15/21 23:00:00,27.727,,,,,
6782,06/15/21 23:15:00,27.751,,,,,
6783,06/15/21 23:30:00,27.727,,,,,
6784,06/15/21 23:45:00,27.776,,,,,
6785,06/16/21 00:00:00,27.653,,,,,
6786,06/16/21 00:15:00,27.604,,,,,
6787,06/16/21 00:30:00,27.604,,,,,
6788,06/16/21 00:45:00,27.579,,,,,
6789,06/16/21 01:00:00,27.554,,,,,
6790,06/16/21 01:15:00,27.554,,,,,
6791,06/16/21 01:30:00,27.530,,,,,
6792,06/16/21 01:45:00,27.505,,,,,
6793,06/16/21 02:00:00,27.481,,,,,
6794,06/16/21 02:15:00,27.505,,,,,
6795,06/16/21 02:30:00,27.530,,,,,
6796,06/16/21 02:45:00,27.530,,,,,
6797,06/16/21 03:00:00,27.554,,,,,
6798,06/16/21 03:15:00,27.579,,,,,
6799,06/16/21 03:30:00,27.505,,,,,
6800,06/16/21 03:45:00,27.505,,,,,
6801,06/16/21 04:00:00,27.505,,,,,
6802,06/16/21 04:15:00,27.481,,,,,
6803,06/16/21 04:30:00,27.481,,,,,
6804,06/16/21 04:45:00,27.431,,,,,
6805,06/16/21 05:00:00,27.456,,,,,
6806,06/16/21 05:15:00,27.456,,,,,
6807,06/16/21 05:30:00,27.456,,,,,
6808,06/16/21 05:45:00,27.456,,,,,
6809,06/16/21 06:00:00,27.456,,,,,
6810,06/16/21 06:15:00,27.456,,,,,
6811,06/16/21 06:30:00,27.456,,,,,
6812,06/16/21 06:45:00,27.358,,,,,
6813,06/16/21 07:00:00,27.333,,,,,
6814,06/16/21 07:15:00,27.333,,,,,
6815,06/16/21 07:30:00,27.333,,,,,
6816,06/16/21 07:45:00,27.308,,,,,
6817,06/16/21 08:00:00,27.308,,,,,
6818,06/16/21 08:15:00,27.333,,,,,
6819,06/16/21 08:30:00,27.407,,,,,
6820,06/16/21 08:45:00,27.505,,,,,
6821,06/16/21 09:00:00,27.530,,,,,
6822,06/16/21 09:15:00,27.530,,,,,
6823,06/16/21 09:30:00,27.579,,,,,
6824,06/16/21 09:45:00,27.481,,,,,
6825,06/16/21 10:00:00,27.407,,,,,
6826,06/16/21 10:15:00,27.431,,,,,
6827,06/16/21 10:30:00,27.431,,,,,
6828,06/16/21 10:45:00,27.554,,,,,
6829,06/16/21 11:00:00,27.653,,,,,
6830,06/16/21 11:15:00,27.677,,,,,
6831,06/16/21 11:30:00,27.530,,,,,
6832,06/16/21 11:45:00,27.284,,,,,
6833,06/16/21 12:00:00,27.235,,,,,
6834,06/16/21 12:15:00,27.235,,,,,
6835,06/16/21 12:30:00,27.358,,,,,
6836,06/16/21 12:45:00,27.628,,,,,
6837,06/16/21 13:00:00,27.677,,,,,
6838,06/16/21 13:15:00,27.825,,,,,
6839,06/16/21 13:30:00,27.751,,,,,
6840,06/16/21 13:45:00,27.407,,,,,
6841,06/16/21 14:00:00,27.628,,,,,
6842,06/16/21 14:15:00,27.801,,,,,
6843,06/16/21 14:30:00,27.825,,,,,
6844,06/16/21 14:45:00,27.456,,,,,
6845,06/16/21 15:00:00,27.308,,,,,
6846,06/16/21 15:15:00,27.235,,,,,
6847,06/16/21 15:30:00,27.259,,,,,
6848,06/16/21 15:45:00,27.358,,,,,
6849,06/16/21 16:00:00,27.431,,,,,
6850,06/16/21 16:15:00,27.530,,,,,
6851,06/16/21 16:30:00,27.579,,,,,
6852,06/16/21 16:45:00,27.554,,,,,
6853,06/16/21 17:00:00,27.505,,,,,
6854,06/16/21 17:15:00,27.407,,,,,
6855,06/16/21 17:30:00,27.382,,,,,
6856,06/16/21 17:45:00,27.382,,,,,
6857,06/16/21 18:00:00,27.431,,,,,
6858,06/16/21 18:15:00,27.481,,,,,
6859,06/16/21 18:30:00,27.554,,,,,
6860,06/16/21 18:45:00,27.505,,,,,
6861,06/16/21 19:00:00,27.431,,,,,
6862,06/16/21 19:15:00,27.235,,,,,
6863,06/16/21 19:30:00,27.210,,,,,
6864,06/16/21 19:45:00,27.186,,,,,
6865,06/16/21 20:00:00,27.235,,,,,
6866,06/16/21 20:15:00,27.505,,,,,
6867,06/16/21 20:30:00,27.825,,,,,
6868,06/16/21 20:45:00,27.776,,,,,
6869,06/16/21 21:00:00,27.702,,,,,
6870,06/16/21 21:15:00,27.875,,,,,
6871,06/16/21 21:30:00,27.899,,,,,
6872,06/16/21 21:45:00,27.899,,,,,
6873,06/16/21 22:00:00,27.875,,,,,
6874,06/16/21 22:15:00,27.924,,,,,
6875,06/16/21 22:30:00,27.949,,,,,
6876,06/16/21 22:45:00,27.974,,,,,
6877,06/16/21 23:00:00,27.998,,,,,
6878,06/16/21 23:15:00,28.023,,,,,
6879,06/16/21 23:30:00,28.048,,,,,
6880,06/16/21 23:45:00,28.048,,,,,
6881,06/17/21 00:00:00,28.072,,,,,
6882,06/17/21 00:15:00,28.097,,,,,
6883,06/17/21 00:30:00,28.122,,,,,
6884,06/17/21 00:45:00,27.998,,,,,
6885,06/17/21 01:00:00,28.023,,,,,
6886,06/17/21 01:15:00,27.628,,,,,
6887,06/17/21 01:30:00,27.481,,,,,
6888,06/17/21 01:45:00,27.456,,,,,
6889,06/17/21 02:00:00,27.431,,,,,
6890,06/17/21 02:15:00,27.382,,,,,
6891,06/17/21 02:30:00,27.333,,,,,
6892,06/17/21 02:45:00,27.358,,,,,
6893,06/17/21 03:00:00,27.358,,,,,
6894,06/17/21 03:15:00,27.186,,,,,
6895,06/17/21 03:30:00,27.136,,,,,
6896,06/17/21 03:45:00,27.087,,,,,
6897,06/17/21 04:00:00,27.087,,,,,
6898,06/17/21 04:15:00,27.161,,,,,
6899,06/17/21 04:30:00,27.087,,,,,
6900,06/17/21 04:45:00,27.063,,,,,
6901,06/17/21 05:00:00,27.063,,,,,
6902,06/17/21 05:15:00,27.063,,,,,
6903,06/17/21 05:30:00,27.063,,,,,
6904,06/17/21 05:45:00,27.087,,,,,
6905,06/17/21 06:00:00,27.210,,,,,
6906,06/17/21 06:15:00,27.259,,,,,
6907,06/17/21 06:30:00,27.259,,,,,
6908,06/17/21 06:45:00,27.259,,,,,
6909,06/17/21 07:00:00,27.284,,,,,
6910,06/17/21 07:15:00,27.259,,,,,
6911,06/17/21 07:30:00,27.284,,,,,
6912,06/17/21 07:45:00,27.308,,,,,
6913,06/17/21 08:00:00,27.382,,,,,
6914,06/17/21 08:15:00,27.333,,,,,
6915,06/17/21 08:30:00,27.333,,,,,
6916,06/17/21 08:45:00,27.358,,,,,
6917,06/17/21 09:00:00,27.431,,,,,
6918,06/17/21 09:15:00,27.431,,,,,
6919,06/17/21 09:30:00,27.456,,,,,
6920,06/17/21 09:45:00,27.456,,,,,
6921,06/17/21 10:00:00,27.456,,,,,
6922,06/17/21 10:15:00,27.481,,,,,
6923,06/17/21 10:30:00,27.481,,,,,
6924,06/17/21 10:45:00,27.505,,,,,
6925,06/17/21 11:00:00,27.530,,,,,
6926,06/17/21 11:15:00,27.554,,,,,
6927,06/17/21 11:30:00,27.579,,,,,
6928,06/17/21 11:45:00,27.554,,,,,
6929,06/17/21 12:00:00,27.579,,,,,
6930,06/17/21 12:15:00,27.554,,,,,
6931,06/17/21 12:30:00,27.505,,,,,
6932,06/17/21 12:45:00,27.456,,,,,
6933,06/17/21 13:00:00,27.505,,,,,
6934,06/17/21 13:15:00,27.505,,,,,
6935,06/17/21 13:30:00,27.481,,,,,
6936,06/17/21 13:45:00,27.481,,,,,
6937,06/17/21 14:00:00,27.481,,,,,
6938,06/17/21 14:15:00,27.456,,,,,
6939,06/17/21 14:30:00,27.456,,,,,
6940,06/17/21 14:45:00,27.382,,,,,
6941,06/17/21 15:00:00,27.210,,,,,
6942,06/17/21 15:15:00,27.186,,,,,
6943,06/17/21 15:30:00,27.186,,,,,
6944,06/17/21 15:45:00,27.235,,,,,
6945,06/17/21 16:00:00,27.235,,,,,
6946,06/17/21 16:15:00,27.259,,,,,
6947,06/17/21 16:30:00,27.259,,,,,
6948,06/17/21 16:45:00,27.259,,,,,
6949,06/17/21 17:00:00,27.284,,,,,
6950,06/17/21 17:15:00,27.284,,,,,
6951,06/17/21 17:30:00,27.259,,,,,
6952,06/17/21 17:45:00,27.284,,,,,
6953,06/17/21 18:00:00,27.284,,,,,
6954,06/17/21 18:15:00,27.308,,,,,
6955,06/17/21 18:30:00,27.308,,,,,
6956,06/17/21 18:45:00,27.333,,,,,
6957,06/17/21 19:00:00,27.333,,,,,
6958,06/17/21 19:15:00,27.333,,,,,
6959,06/17/21 19:30:00,27.382,,,,,
6960,06/17/21 19:45:00,27.382,,,,,
6961,06/17/21 20:00:00,27.407,,,,,
6962,06/17/21 20:15:00,27.382,,,,,
6963,06/17/21 20:30:00,27.505,,,,,
6964,06/17/21 20:45:00,27.358,,,,,
6965,06/17/21 21:00:00,27.677,,,,,
6966,06/17/21 21:15:00,27.751,,,,,
6967,06/17/21 21:30:00,27.382,,,,,
6968,06/17/21 21:45:00,27.628,,,,,
6969,06/17/21 22:00:00,27.801,,,,,
6970,06/17/21 22:15:00,27.751,,,,,
6971,06/17/21 22:30:00,27.751,,,,,
6972,06/17/21 22:45:00,27.776,,,,,
6973,06/17/21 23:00:00,27.776,,,,,
6974,06/17/21 23:15:00,27.825,,,,,
6975,06/17/21 23:30:00,27.850,,,,,
6976,06/17/21 23:45:00,27.850,,,,,
6977,06/18/21 00:00:00,27.801,,,,,
6978,06/18/21 00:15:00,27.677,,,,,
6979,06/18/21 00:30:00,27.628,,,,,
6980,06/18/21 00:45:00,27.702,,,,,
6981,06/18/21 01:00:00,27.751,,,,,
6982,06/18/21 01:15:00,27.801,,,,,
6983,06/18/21 01:30:00,27.825,,,,,
6984,06/18/21 01:45:00,27.825,,,,,
6985,06/18/21 02:00:00,27.825,,,,,
6986,06/18/21 02:15:00,27.825,,,,,
6987,06/18/21 02:30:00,27.825,,,,,
6988,06/18/21 02:45:00,27.825,,,,,
6989,06/18/21 03:00:00,27.825,,,,,
6990,06/18/21 03:15:00,27.875,,,,,
6991,06/18/21 03:30:00,27.875,,,,,
6992,06/18/21 03:45:00,27.875,,,,,
6993,06/18/21 04:00:00,27.875,,,,,
6994,06/18/21 04:15:00,27.801,,,,,
6995,06/18/21 04:30:00,27.776,,,,,
6996,06/18/21 04:45:00,27.751,,,,,
6997,06/18/21 05:00:00,27.727,,,,,
6998,06/18/21 05:15:00,27.579,,,,,
6999,06/18/21 05:30:00,27.604,,,,,
7000,06/18/21 05:45:00,27.653,,,,,
7001,06/18/21 06:00:00,27.702,,,,,
7002,06/18/21 06:15:00,27.604,,,,,
7003,06/18/21 06:30:00,27.727,,,,,
7004,06/18/21 06:45:00,27.653,,,,,
7005,06/18/21 07:00:00,27.628,,,,,
7006,06/18/21 07:15:00,27.702,,,,,
7007,06/18/21 07:30:00,27.727,,,,,
7008,06/18/21 07:45:00,27.727,,,,,
7009,06/18/21 08:00:00,27.727,,,,,
7010,06/18/21 08:15:00,27.751,,,,,
7011,06/18/21 08:30:00,27.776,,,,,
7012,06/18/21 08:45:00,27.776,,,,,
7013,06/18/21 09:00:00,27.776,,,,,
7014,06/18/21 09:15:00,27.776,,,,,
7015,06/18/21 09:30:00,27.801,,,,,
7016,06/18/21 09:45:00,27.801,,,,,
7017,06/18/21 10:00:00,27.801,,,,,
7018,06/18/21 10:15:00,27.776,,,,,
7019,06/18/21 10:30:00,27.776,,,,,
7020,06/18/21 10:45:00,27.776,,,,,
7021,06/18/21 11:00:00,27.801,,,,,
7022,06/18/21 11:15:00,27.801,,,,,
7023,06/18/21 11:30:00,27.801,,,,,
7024,06/18/21 11:45:00,27.825,,,,,
7025,06/18/21 12:00:00,27.850,,,,,
7026,06/18/21 12:15:00,27.875,,,,,
7027,06/18/21 12:30:00,27.924,,,,,
7028,06/18/21 12:45:00,27.850,,,,,
7029,06/18/21 13:00:00,27.974,,,,,
7030,06/18/21 13:15:00,27.998,,,,,
7031,06/18/21 13:30:00,27.998,,,,,
7032,06/18/21 13:45:00,27.974,,,,,
7033,06/18/21 14:00:00,27.949,,,,,
7034,06/18/21 14:15:00,27.924,,,,,
7035,06/18/21 14:30:00,27.899,,,,,
7036,06/18/21 14:45:00,27.875,,,,,
7037,06/18/21 15:00:00,27.875,,,,,
7038,06/18/21 15:15:00,27.899,,,,,
7039,06/18/21 15:30:00,27.924,,,,,
7040,06/18/21 15:45:00,27.924,,,,,
7041,06/18/21 16:00:00,27.949,,,,,
7042,06/18/21 16:15:00,27.974,,,,,
7043,06/18/21 16:30:00,27.949,,,,,
7044,06/18/21 16:45:00,27.949,,,,,
7045,06/18/21 17:00:00,27.949,,,,,
7046,06/18/21 17:15:00,27.949,,,,,
7047,06/18/21 17:30:00,27.949,,,,,
7048,06/18/21 17:45:00,27.949,,,,,
7049,06/18/21 18:00:00,27.949,,,,,
7050,06/18/21 18:15:00,27.949,,,,,
7051,06/18/21 18:30:00,27.949,,,,,
7052,06/18/21 18:45:00,27.949,,,,,
7053,06/18/21 19:00:00,27.949,,,,,
7054,06/18/21 19:15:00,27.850,,,,,
7055,06/18/21 19:30:00,27.875,,,,,
7056,06/18/21 19:45:00,27.825,,,,,
7057,06/18/21 20:00:00,27.899,,,,,
7058,06/18/21 20:15:00,27.899,,,,,
7059,06/18/21 20:30:00,27.899,,,,,
7060,06/18/21 20:45:00,27.924,,,,,
7061,06/18/21 21:00:00,27.899,,,,,
7062,06/18/21 21:15:00,27.899,,,,,
7063,06/18/21 21:30:00,27.899,,,,,
7064,06/18/21 21:45:00,27.899,,,,,
7065,06/18/21 22:00:00,27.899,,,,,
7066,06/18/21 22:15:00,27.949,,,,,
7067,06/18/21 22:30:00,27.949,,,,,
7068,06/18/21 22:45:00,27.949,,,,,
7069,06/18/21 23:00:00,27.924,,,,,
7070,06/18/21 23:15:00,27.899,,,,,
7071,06/18/21 23:30:00,27.924,,,,,
7072,06/18/21 23:45:00,27.949,,,,,
7073,06/19/21 00:00:00,27.924,,,,,
7074,06/19/21 00:15:00,27.924,,,,,
7075,06/19/21 00:30:00,27.949,,,,,
7076,06/19/21 00:45:00,27.974,,,,,
7077,06/19/21 01:00:00,27.974,,,,,
7078,06/19/21 01:15:00,27.974,,,,,
7079,06/19/21 01:30:00,27.974,,,,,
7080,06/19/21 01:45:00,27.974,,,,,
7081,06/19/21 02:00:00,28.023,,,,,
7082,06/19/21 02:15:00,28.023,,,,,
7083,06/19/21 02:30:00,28.048,,,,,
7084,06/19/21 02:45:00,28.023,,,,,
7085,06/19/21 03:00:00,28.048,,,,,
7086,06/19/21 03:15:00,28.048,,,,,
7087,06/19/21 03:30:00,28.048,,,,,
7088,06/19/21 03:45:00,28.048,,,,,
7089,06/19/21 04:00:00,28.048,,,,,
7090,06/19/21 04:15:00,28.048,,,,,
7091,06/19/21 04:30:00,28.048,,,,,
7092,06/19/21 04:45:00,28.072,,,,,
7093,06/19/21 05:00:00,28.072,,,,,
7094,06/19/21 05:15:00,28.072,,,,,
7095,06/19/21 05:30:00,28.072,,,,,
7096,06/19/21 05:45:00,28.072,,,,,
7097,06/19/21 06:00:00,28.072,,,,,
7098,06/19/21 06:15:00,28.072,,,,,
7099,06/19/21 06:30:00,28.072,,,,,
7100,06/19/21 06:45:00,28.048,,,,,
7101,06/19/21 07:00:00,28.048,,,,,
7102,06/19/21 07:15:00,28.048,,,,,
7103,06/19/21 07:30:00,28.048,,,,,
7104,06/19/21 07:45:00,28.048,,,,,
7105,06/19/21 08:00:00,28.023,,,,,
7106,06/19/21 08:15:00,28.023,,,,,
7107,06/19/21 08:30:00,28.023,,,,,
7108,06/19/21 08:45:00,28.048,,,,,
7109,06/19/21 09:00:00,27.949,,,,,
7110,06/19/21 09:15:00,27.949,,,,,
7111,06/19/21 09:30:00,27.924,,,,,
7112,06/19/21 09:45:00,27.850,,,,,
7113,06/19/21 10:00:00,27.875,,,,,
7114,06/19/21 10:15:00,27.924,,,,,
7115,06/19/21 10:30:00,27.924,,,,,
7116,06/19/21 10:45:00,28.048,,,,,
7117,06/19/21 11:00:00,28.023,,,,,
7118,06/19/21 11:15:00,28.048,,,,,
7119,06/19/21 11:30:00,28.023,,,,,
7120,06/19/21 11:45:00,28.048,,,,,
7121,06/19/21 12:00:00,28.048,,,,,
7122,06/19/21 12:15:00,28.048,,,,,
7123,06/19/21 12:30:00,27.875,,,,,
7124,06/19/21 12:45:00,27.801,,,,,
7125,06/19/21 13:00:00,27.899,,,,,
7126,06/19/21 13:15:00,27.850,,,,,
7127,06/19/21 13:30:00,28.048,,,,,
7128,06/19/21 13:45:00,28.023,,,,,
7129,06/19/21 14:00:00,27.899,,,,,
7130,06/19/21 14:15:00,27.924,,,,,
7131,06/19/21 14:30:00,27.924,,,,,
7132,06/19/21 14:45:00,27.924,,,,,
7133,06/19/21 15:00:00,27.974,,,,,
7134,06/19/21 15:15:00,27.974,,,,,
7135,06/19/21 15:30:00,27.949,,,,,
7136,06/19/21 15:45:00,27.974,,,,,
7137,06/19/21 16:00:00,27.974,,,,,
7138,06/19/21 16:15:00,27.974,,,,,
7139,06/19/21 16:30:00,27.974,,,,,
7140,06/19/21 16:45:00,27.974,,,,,
7141,06/19/21 17:00:00,27.974,,,,,
7142,06/19/21 17:15:00,27.702,,,,,
7143,06/19/21 17:30:00,27.727,,,,,
7144,06/19/21 17:45:00,27.776,,,,,
7145,06/19/21 18:00:00,27.776,,,,,
7146,06/19/21 18:15:00,27.776,,,,,
7147,06/19/21 18:30:00,27.776,,,,,
7148,06/19/21 18:45:00,27.801,,,,,
7149,06/19/21 19:00:00,27.801,,,,,
7150,06/19/21 19:15:00,27.825,,,,,
7151,06/19/21 19:30:00,27.850,,,,,
7152,06/19/21 19:45:00,27.850,,,,,
7153,06/19/21 20:00:00,27.875,,,,,
7154,06/19/21 20:15:00,27.875,,,,,
7155,06/19/21 20:30:00,27.899,,,,,
7156,06/19/21 20:45:00,27.899,,,,,
7157,06/19/21 21:00:00,27.924,,,,,
7158,06/19/21 21:15:00,27.949,,,,,
7159,06/19/21 21:30:00,27.998,,,,,
7160,06/19/21 21:45:00,28.023,,,,,
7161,06/19/21 22:00:00,28.023,,,,,
7162,06/19/21 22:15:00,28.023,,,,,
7163,06/19/21 22:30:00,28.023,,,,,
7164,06/19/21 22:45:00,28.023,,,,,
7165,06/19/21 23:00:00,28.048,,,,,
7166,06/19/21 23:15:00,28.048,,,,,
7167,06/19/21 23:30:00,28.048,,,,,
7168,06/19/21 23:45:00,28.023,,,,,
7169,06/20/21 00:00:00,28.048,,,,,
7170,06/20/21 00:15:00,28.023,,,,,
7171,06/20/21 00:30:00,28.023,,,,,
7172,06/20/21 00:45:00,28.023,,,,,
7173,06/20/21 01:00:00,27.998,,,,,
7174,06/20/21 01:15:00,27.974,,,,,
7175,06/20/21 01:30:00,27.949,,,,,
7176,06/20/21 01:45:00,27.924,,,,,
7177,06/20/21 02:00:00,27.875,,,,,
7178,06/20/21 02:15:00,27.825,,,,,
7179,06/20/21 02:30:00,27.751,,,,,
7180,06/20/21 02:45:00,27.677,,,,,
7181,06/20/21 03:00:00,27.702,,,,,
7182,06/20/21 03:15:00,27.899,,,,,
7183,06/20/21 03:30:00,27.899,,,,,
7184,06/20/21 03:45:00,27.924,,,,,
7185,06/20/21 04:00:00,27.801,,,,,
7186,06/20/21 04:15:00,27.850,,,,,
7187,06/20/21 04:30:00,27.899,,,,,
7188,06/20/21 04:45:00,27.899,,,,,
7189,06/20/21 05:00:00,27.924,,,,,
7190,06/20/21 05:15:00,27.850,,,,,
7191,06/20/21 05:30:00,27.924,,,,,
7192,06/20/21 05:45:00,27.949,,,,,
7193,06/20/21 06:00:00,27.924,,,,,
7194,06/20/21 06:15:00,27.924,,,,,
7195,06/20/21 06:30:00,27.924,,,,,
7196,06/20/21 06:45:00,27.949,,,,,
7197,06/20/21 07:00:00,27.850,,,,,
7198,06/20/21 07:15:00,27.875,,,,,
7199,06/20/21 07:30:00,27.899,,,,,
7200,06/20/21 07:45:00,27.899,,,,,
7201,06/20/21 08:00:00,27.875,,,,,
7202,06/20/21 08:15:00,27.850,,,,,
7203,06/20/21 08:30:00,27.875,,,,,
7204,06/20/21 08:45:00,27.899,,,,,
7205,06/20/21 09:00:00,27.899,,,,,
7206,06/20/21 09:15:00,27.924,,,,,
7207,06/20/21 09:30:00,27.924,,,,,
7208,06/20/21 09:45:00,27.924,,,,,
7209,06/20/21 10:00:00,27.924,,,,,
7210,06/20/21 10:15:00,27.949,,,,,
7211,06/20/21 10:30:00,27.949,,,,,
7212,06/20/21 10:45:00,27.974,,,,,
7213,06/20/21 11:00:00,27.998,,,,,
7214,06/20/21 11:15:00,28.023,,,,,
7215,06/20/21 11:30:00,28.023,,,,,
7216,06/20/21 11:45:00,28.048,,,,,
7217,06/20/21 12:00:00,27.974,,,,,
7218,06/20/21 12:15:00,27.924,,,,,
7219,06/20/21 12:30:00,27.899,,,,,
7220,06/20/21 12:45:00,27.850,,,,,
7221,06/20/21 13:00:00,27.801,,,,,
7222,06/20/21 13:15:00,27.727,,,,,
7223,06/20/21 13:30:00,27.776,,,,,
7224,06/20/21 13:45:00,27.801,,,,,
7225,06/20/21 14:00:00,27.801,,,,,
7226,06/20/21 14:15:00,27.801,,,,,
7227,06/20/21 14:30:00,27.776,,,,,
7228,06/20/21 14:45:00,27.751,,,,,
7229,06/20/21 15:00:00,27.727,,,,,
7230,06/20/21 15:15:00,27.727,,,,,
7231,06/20/21 15:30:00,27.751,,,,,
7232,06/20/21 15:45:00,27.727,,,,,
7233,06/20/21 16:00:00,27.727,,,,,
7234,06/20/21 16:15:00,27.751,,,,,
7235,06/20/21 16:30:00,27.776,,,,,
7236,06/20/21 16:45:00,27.751,,,,,
7237,06/20/21 17:00:00,27.727,,,,,
7238,06/20/21 17:15:00,27.727,,,,,
7239,06/20/21 17:30:00,27.727,,,,,
7240,06/20/21 17:45:00,27.727,,,,,
7241,06/20/21 18:00:00,27.751,,,,,
7242,06/20/21 18:15:00,27.751,,,,,
7243,06/20/21 18:30:00,27.751,,,,,
7244,06/20/21 18:45:00,27.776,,,,,
7245,06/20/21 19:00:00,27.776,,,,,
7246,06/20/21 19:15:00,27.801,,,,,
7247,06/20/21 19:30:00,27.850,,,,,
7248,06/20/21 19:45:00,27.875,,,,,
7249,06/20/21 20:00:00,27.899,,,,,
7250,06/20/21 20:15:00,27.727,,,,,
7251,06/20/21 20:30:00,27.727,,,,,
7252,06/20/21 20:45:00,27.727,,,,,
7253,06/20/21 21:00:00,27.751,,,,,
7254,06/20/21 21:15:00,27.776,,,,,
7255,06/20/21 21:30:00,27.801,,,,,
7256,06/20/21 21:45:00,27.825,,,,,
7257,06/20/21 22:00:00,27.801,,,,,
7258,06/20/21 22:15:00,27.801,,,,,
7259,06/20/21 22:30:00,27.825,,,,,
7260,06/20/21 22:45:00,27.825,,,,,
7261,06/20/21 23:00:00,27.825,,,,,
7262,06/20/21 23:15:00,27.850,,,,,
7263,06/20/21 23:30:00,27.850,,,,,
7264,06/20/21 23:45:00,27.875,,,,,
7265,06/21/21 00:00:00,27.875,,,,,
7266,06/21/21 00:15:00,27.875,,,,,
7267,06/21/21 00:30:00,27.899,,,,,
7268,06/21/21 00:45:00,27.924,,,,,
7269,06/21/21 01:00:00,27.801,,,,,
7270,06/21/21 01:15:00,27.776,,,,,
7271,06/21/21 01:30:00,27.801,,,,,
7272,06/21/21 01:45:00,27.801,,,,,
7273,06/21/21 02:00:00,27.727,,,,,
7274,06/21/21 02:15:00,27.727,,,,,
7275,06/21/21 02:30:00,27.727,,,,,
7276,06/21/21 02:45:00,27.727,,,,,
7277,06/21/21 03:00:00,27.751,,,,,
7278,06/21/21 03:15:00,27.702,,,,,
7279,06/21/21 03:30:00,27.727,,,,,
7280,06/21/21 03:45:00,27.702,,,,,
7281,06/21/21 04:00:00,27.727,,,,,
7282,06/21/21 04:15:00,27.727,,,,,
7283,06/21/21 04:30:00,27.727,,,,,
7284,06/21/21 04:45:00,27.825,,,,,
7285,06/21/21 05:00:00,27.850,,,,,
7286,06/21/21 05:15:00,27.875,,,,,
7287,06/21/21 05:30:00,27.875,,,,,
7288,06/21/21 05:45:00,27.875,,,,,
7289,06/21/21 06:00:00,27.875,,,,,
7290,06/21/21 06:15:00,27.875,,,,,
7291,06/21/21 06:30:00,27.899,,,,,
7292,06/21/21 06:45:00,27.899,,,,,
7293,06/21/21 07:00:00,27.899,,,,,
7294,06/21/21 07:15:00,27.924,,,,,
7295,06/21/21 07:30:00,27.949,,,,,
7296,06/21/21 07:45:00,27.949,,,,,
7297,06/21/21 08:00:00,27.974,,,,,
7298,06/21/21 08:15:00,27.974,,,,,
7299,06/21/21 08:30:00,27.974,,,,,
7300,06/21/21 08:45:00,27.974,,,,,
7301,06/21/21 09:00:00,27.974,,,,,
7302,06/21/21 09:15:00,27.974,,,,,
7303,06/21/21 09:30:00,27.974,,,,,
7304,06/21/21 09:45:00,27.974,,,,,
7305,06/21/21 10:00:00,27.974,,,,,
7306,06/21/21 10:15:00,27.974,,,,,
7307,06/21/21 10:30:00,27.998,,,,,
7308,06/21/21 10:45:00,27.875,,,,,
7309,06/21/21 11:00:00,27.850,,,,,
7310,06/21/21 11:15:00,27.727,,,,,
7311,06/21/21 11:30:00,27.677,,,,,
7312,06/21/21 11:45:00,27.481,,,,,
7313,06/21/21 12:00:00,27.604,,,,,
7314,06/21/21 12:15:00,27.382,,,,,
7315,06/21/21 12:30:00,27.505,,,,,
7316,06/21/21 12:45:00,27.751,,,,,
7317,06/21/21 13:00:00,27.924,,,,,
7318,06/21/21 13:15:00,27.801,,,,,
7319,06/21/21 13:30:00,27.850,,,,,
7320,06/21/21 13:45:00,27.949,,,,,
7321,06/21/21 14:00:00,27.974,,,,,
7322,06/21/21 14:15:00,27.949,,,,,
7323,06/21/21 14:30:00,27.924,,,,,
7324,06/21/21 14:45:00,27.949,,,,,
7325,06/21/21 15:00:00,27.949,,,,,
7326,06/21/21 15:15:00,27.974,,,,,
7327,06/21/21 15:30:00,27.825,,,,,
7328,06/21/21 15:45:00,27.801,,,,,
7329,06/21/21 16:00:00,27.825,,,,,
7330,06/21/21 16:15:00,27.850,,,,,
7331,06/21/21 16:30:00,27.875,,,,,
7332,06/21/21 16:45:00,27.924,,,,,
7333,06/21/21 17:00:00,27.899,,,,,
7334,06/21/21 17:15:00,27.801,,,,,
7335,06/21/21 17:30:00,27.776,,,,,
7336,06/21/21 17:45:00,27.702,,,,,
7337,06/21/21 18:00:00,27.677,,,,,
7338,06/21/21 18:15:00,27.653,,,,,
7339,06/21/21 18:30:00,27.677,,,,,
7340,06/21/21 18:45:00,27.875,,,,,
7341,06/21/21 19:00:00,27.924,,,,,
7342,06/21/21 19:15:00,27.949,,,,,
7343,06/21/21 19:30:00,27.974,,,,,
7344,06/21/21 19:45:00,27.974,,,,,
7345,06/21/21 20:00:00,27.924,,,,,
7346,06/21/21 20:15:00,27.801,,,,,
7347,06/21/21 20:30:00,27.776,,,,,
7348,06/21/21 20:45:00,27.801,,,,,
7349,06/21/21 21:00:00,27.899,,,,,
7350,06/21/21 21:15:00,27.924,,,,,
7351,06/21/21 21:30:00,27.924,,,,,
7352,06/21/21 21:45:00,27.974,,,,,
7353,06/21/21 22:00:00,27.776,,,,,
7354,06/21/21 22:15:00,27.677,,,,,
7355,06/21/21 22:30:00,27.677,,,,,
7356,06/21/21 22:45:00,27.702,,,,,
7357,06/21/21 23:00:00,27.801,,,,,
7358,06/21/21 23:15:00,27.776,,,,,
7359,06/21/21 23:30:00,27.751,,,,,
7360,06/21/21 23:45:00,27.801,,,,,
7361,06/22/21 00:00:00,27.825,,,,,
7362,06/22/21 00:15:00,27.850,,,,,
7363,06/22/21 00:30:00,27.875,,,,,
7364,06/22/21 00:45:00,27.875,,,,,
7365,06/22/21 01:00:00,27.899,,,,,
7366,06/22/21 01:15:00,27.899,,,,,
7367,06/22/21 01:30:00,27.924,,,,,
7368,06/22/21 01:45:00,27.924,,,,,
7369,06/22/21 02:00:00,27.850,,,,,
7370,06/22/21 02:15:00,27.702,,,,,
7371,06/22/21 02:30:00,27.899,,,,,
7372,06/22/21 02:45:00,27.949,,,,,
7373,06/22/21 03:00:00,27.924,,,,,
7374,06/22/21 03:15:00,27.924,,,,,
7375,06/22/21 03:30:00,27.924,,,,,
7376,06/22/21 03:45:00,27.899,,,,,
7377,06/22/21 04:00:00,27.924,,,,,
7378,06/22/21 04:15:00,27.899,,,,,
7379,06/22/21 04:30:00,27.875,,,,,
7380,06/22/21 04:45:00,27.875,,,,,
7381,06/22/21 05:00:00,27.899,,,,,
7382,06/22/21 05:15:00,27.899,,,,,
7383,06/22/21 05:30:00,27.899,,,,,
7384,06/22/21 05:45:00,27.924,,,,,
7385,06/22/21 06:00:00,27.924,,,,,
7386,06/22/21 06:15:00,27.949,,,,,
7387,06/22/21 06:30:00,27.949,,,,,
7388,06/22/21 06:45:00,27.949,,,,,
7389,06/22/21 07:00:00,27.949,,,,,
7390,06/22/21 07:15:00,27.949,,,,,
7391,06/22/21 07:30:00,27.974,,,,,
7392,06/22/21 07:45:00,27.974,,,,,
7393,06/22/21 08:00:00,27.974,,,,,
7394,06/22/21 08:15:00,27.974,,,,,
7395,06/22/21 08:30:00,27.974,,,,,
7396,06/22/21 08:45:00,27.998,,,,,
7397,06/22/21 09:00:00,27.974,,,,,
7398,06/22/21 09:15:00,27.974,,,,,
7399,06/22/21 09:30:00,27.974,,,,,
7400,06/22/21 09:45:00,27.974,,,,,
7401,06/22/21 10:00:00,27.998,,,,,
7402,06/22/21 10:15:00,27.998,,,,,
7403,06/22/21 10:30:00,27.998,,,,,
7404,06/22/21 10:45:00,27.998,,,,,
7405,06/22/21 11:00:00,27.998,,,,,
7406,06/22/21 11:15:00,28.023,,,,,
7407,06/22/21 11:30:00,28.023,,,,,
7408,06/22/21 11:45:00,28.097,,,,,
7409,06/22/21 12:00:00,28.122,,,,,
7410,06/22/21 12:15:00,28.147,,,,,
7411,06/22/21 12:30:00,28.147,,,,,
7412,06/22/21 12:45:00,28.147,,,,,
7413,06/22/21 13:00:00,28.147,,,,,
7414,06/22/21 13:15:00,28.147,,,,,
7415,06/22/21 13:30:00,28.171,,,,,
7416,06/22/21 13:45:00,28.270,,,,,
7417,06/22/21 14:00:00,28.295,,,,,
7418,06/22/21 14:15:00,28.345,,,,,
7419,06/22/21 14:30:00,28.320,,,,,
7420,06/22/21 14:45:00,28.295,,,,,
7421,06/22/21 15:00:00,28.295,,,,,
7422,06/22/21 15:15:00,28.270,,,,,
7423,06/22/21 15:30:00,28.270,,,,,
7424,06/22/21 15:45:00,28.270,,,,,
7425,06/22/21 16:00:00,28.295,,,,,
7426,06/22/21 16:15:00,28.295,,,,,
7427,06/22/21 16:30:00,28.245,,,,,
7428,06/22/21 16:45:00,28.196,,,,,
7429,06/22/21 17:00:00,28.270,,,,,
7430,06/22/21 17:15:00,28.270,,,,,
7431,06/22/21 17:30:00,28.295,,,,,
7432,06/22/21 17:45:00,28.270,,,,,
7433,06/22/21 18:00:00,28.270,,,,,
7434,06/22/21 18:15:00,28.270,,,,,
7435,06/22/21 18:30:00,28.270,,,,,
7436,06/22/21 18:45:00,28.270,,,,,
7437,06/22/21 19:00:00,28.270,,,,,
7438,06/22/21 19:15:00,28.270,,,,,
7439,06/22/21 19:30:00,28.270,,,,,
7440,06/22/21 19:45:00,28.270,,,,,
7441,06/22/21 20:00:00,28.270,,,,,
7442,06/22/21 20:15:00,28.295,,,,,
7443,06/22/21 20:30:00,28.295,,,,,
7444,06/22/21 20:45:00,28.295,,,,,
7445,06/22/21 21:00:00,28.295,,,,,
7446,06/22/21 21:15:00,28.295,,,,,
7447,06/22/21 21:30:00,28.221,,,,,
7448,06/22/21 21:45:00,28.221,,,,,
7449,06/22/21 22:00:00,27.677,,,,,
7450,06/22/21 22:15:00,27.628,,,,,
7451,06/22/21 22:30:00,27.628,,,,,
7452,06/22/21 22:45:00,28.097,,,,,
7453,06/22/21 23:00:00,28.171,,,,,
7454,06/22/21 23:15:00,28.196,,,,,
7455,06/22/21 23:30:00,28.221,,,,,
7456,06/22/21 23:45:00,28.221,,,,,
7457,06/23/21 00:00:00,28.196,,,,,
7458,06/23/21 00:15:00,28.221,,,,,
7459,06/23/21 00:30:00,27.949,,,,,
7460,06/23/21 00:45:00,27.604,,,,,
7461,06/23/21 01:00:00,27.579,,,,,
7462,06/23/21 01:15:00,27.653,,,,,
7463,06/23/21 01:30:00,27.677,,,,,
7464,06/23/21 01:45:00,27.751,,,,,
7465,06/23/21 02:00:00,27.850,,,,,
7466,06/23/21 02:15:00,27.801,,,,,
7467,06/23/21 02:30:00,27.801,,,,,
7468,06/23/21 02:45:00,27.801,,,,,
7469,06/23/21 03:00:00,27.850,,,,,
7470,06/23/21 03:15:00,27.899,,,,,
7471,06/23/21 03:30:00,27.875,,,,,
7472,06/23/21 03:45:00,27.850,,,,,
7473,06/23/21 04:00:00,27.850,,,,,
7474,06/23/21 04:15:00,27.776,,,,,
7475,06/23/21 04:30:00,27.850,,,,,
7476,06/23/21 04:45:00,27.702,,,,,
7477,06/23/21 05:00:00,27.604,,,,,
7478,06/23/21 05:15:00,27.554,,,,,
7479,06/23/21 05:30:00,27.481,,,,,
7480,06/23/21 05:45:00,27.604,,,,,
7481,06/23/21 06:00:00,27.628,,,,,
7482,06/23/21 06:15:00,27.850,,,,,
7483,06/23/21 06:30:00,27.825,,,,,
7484,06/23/21 06:45:00,27.850,,,,,
7485,06/23/21 07:00:00,27.899,,,,,
7486,06/23/21 07:15:00,27.924,,,,,
7487,06/23/21 07:30:00,27.924,,,,,
7488,06/23/21 07:45:00,27.924,,,,,
7489,06/23/21 08:00:00,27.949,,,,,
7490,06/23/21 08:15:00,27.924,,,,,
7491,06/23/21 08:30:00,27.924,,,,,
7492,06/23/21 08:45:00,27.924,,,,,
7493,06/23/21 09:00:00,27.949,,,,,
7494,06/23/21 09:15:00,27.949,,,,,
7495,06/23/21 09:30:00,27.899,,,,,
7496,06/23/21 09:45:00,27.924,,,,,
7497,06/23/21 10:00:00,27.998,,,,,
7498,06/23/21 10:15:00,27.949,,,,,
7499,06/23/21 10:30:00,27.998,,,,,
7500,06/23/21 10:45:00,27.875,,,,,
7501,06/23/21 11:00:00,27.727,,,,,
7502,06/23/21 11:15:00,27.677,,,,,
7503,06/23/21 11:30:00,27.727,,,,,
7504,06/23/21 11:45:00,27.628,,,,,
7505,06/23/21 12:00:00,27.677,,,,,
7506,06/23/21 12:15:00,27.727,,,,,
7507,06/23/21 12:30:00,27.801,,,,,
7508,06/23/21 12:45:00,27.850,,,,,
7509,06/23/21 13:00:00,27.875,,,,,
7510,06/23/21 13:15:00,27.875,,,,,
7511,06/23/21 13:30:00,27.604,,,,,
7512,06/23/21 13:45:00,27.456,,,,,
7513,06/23/21 14:00:00,27.825,,,,,
7514,06/23/21 14:15:00,27.924,,,,,
7515,06/23/21 14:30:00,27.924,,,,,
7516,06/23/21 14:45:00,27.924,,,,,
7517,06/23/21 15:00:00,27.924,,,,,
7518,06/23/21 15:15:00,27.949,,,,,
7519,06/23/21 15:30:00,27.974,,,,,
7520,06/23/21 15:45:00,27.974,,,,,
7521,06/23/21 16:00:00,27.974,,,,,
7522,06/23/21 16:15:00,27.924,,,,,
7523,06/23/21 16:30:00,27.924,,,,,
7524,06/23/21 16:45:00,27.949,,,,,
7525,06/23/21 17:00:00,27.949,,,,,
7526,06/23/21 17:15:00,27.949,,,,,
7527,06/23/21 17:30:00,27.924,,,,,
7528,06/23/21 17:45:00,27.924,,,,,
7529,06/23/21 18:00:00,27.875,,,,,
7530,06/23/21 18:15:00,27.899,,,,,
7531,06/23/21 18:30:00,27.899,,,,,
7532,06/23/21 18:45:00,28.023,,,,,
7533,06/23/21 19:00:00,28.048,,,,,
7534,06/23/21 19:15:00,28.023,,,,,
7535,06/23/21 19:30:00,27.949,,,,,
7536,06/23/21 19:45:00,27.998,,,,,
7537,06/23/21 20:00:00,27.974,,,,,
7538,06/23/21 20:15:00,27.974,,,,,
7539,06/23/21 20:30:00,27.924,,,,,
7540,06/23/21 20:45:00,27.949,,,,,
7541,06/23/21 21:00:00,28.023,,,,,
7542,06/23/21 21:15:00,27.998,,,,,
7543,06/23/21 21:30:00,27.998,,,,,
7544,06/23/21 21:45:00,27.924,,,,,
7545,06/23/21 22:00:00,27.825,,,,,
7546,06/23/21 22:15:00,27.801,,,,,
7547,06/23/21 22:30:00,27.776,,,,,
7548,06/23/21 22:45:00,27.727,,,,,
7549,06/23/21 23:00:00,27.776,,,,,
7550,06/23/21 23:15:00,27.924,,,,,
7551,06/23/21 23:30:00,27.998,,,,,
7552,06/23/21 23:45:00,27.998,,,,,
7553,06/24/21 00:00:00,27.702,,,,,
7554,06/24/21 00:15:00,27.604,,,,,
7555,06/24/21 00:30:00,27.530,,,,,
7556,06/24/21 00:45:00,27.530,,,,,
7557,06/24/21 01:00:00,27.481,,,,,
7558,06/24/21 01:15:00,27.456,,,,,
7559,06/24/21 01:30:00,27.702,,,,,
7560,06/24/21 01:45:00,27.825,,,,,
7561,06/24/21 02:00:00,27.801,,,,,
7562,06/24/21 02:15:00,27.505,,,,,
7563,06/24/21 02:30:00,27.259,,,,,
7564,06/24/21 02:45:00,27.186,,,,,
7565,06/24/21 03:00:00,27.161,,,,,
7566,06/24/21 03:15:00,27.136,,,,,
7567,06/24/21 03:30:00,27.136,,,,,
7568,06/24/21 03:45:00,27.136,,,,,
7569,06/24/21 04:00:00,27.136,,,,,
7570,06/24/21 04:15:00,27.136,,,,,
7571,06/24/21 04:30:00,27.161,,,,,
7572,06/24/21 04:45:00,27.186,,,,,
7573,06/24/21 05:00:00,27.259,,,,,
7574,06/24/21 05:15:00,27.727,,,,,
7575,06/24/21 05:30:00,27.727,,,,,
7576,06/24/21 05:45:00,27.702,,,,,
7577,06/24/21 06:00:00,27.751,,,,,
7578,06/24/21 06:15:00,27.825,,,,,
7579,06/24/21 06:30:00,27.899,,,,,
7580,06/24/21 06:45:00,27.924,,,,,
7581,06/24/21 07:00:00,27.949,,,,,
7582,06/24/21 07:15:00,27.949,,,,,
7583,06/24/21 07:30:00,27.974,,,,,
7584,06/24/21 07:45:00,27.974,,,,,
7585,06/24/21 08:00:00,27.998,,,,,
7586,06/24/21 08:15:00,28.023,,,,,
7587,06/24/21 08:30:00,28.023,,,,,
7588,06/24/21 08:45:00,28.023,,,,,
7589,06/24/21 09:00:00,28.023,,,,,
7590,06/24/21 09:15:00,28.048,,,,,
7591,06/24/21 09:30:00,28.048,,,,,
7592,06/24/21 09:45:00,28.048,,,,,
7593,06/24/21 10:00:00,28.072,,,,,
7594,06/24/21 10:15:00,28.072,,,,,
7595,06/24/21 10:30:00,28.072,,,,,
7596,06/24/21 10:45:00,28.048,,,,,
7597,06/24/21 11:00:00,28.048,,,,,
7598,06/24/21 11:15:00,28.048,,,,,
7599,06/24/21 11:30:00,28.122,,,,,
7600,06/24/21 11:45:00,28.171,,,,,
7601,06/24/21 12:00:00,28.097,,,,,
7602,06/24/21 12:15:00,28.072,,,,,
7603,06/24/21 12:30:00,28.072,,,,,
7604,06/24/21 12:45:00,28.171,,,,,
7605,06/24/21 13:00:00,28.196,,,,,
7606,06/24/21 13:15:00,28.072,,,,,
7607,06/24/21 13:30:00,27.333,,,,,
7608,06/24/21 13:45:00,26.989,,,,,
7609,06/24/21 14:00:00,27.087,,,,,
7610,06/24/21 14:15:00,27.063,,,,,
7611,06/24/21 14:30:00,27.161,,,,,
7612,06/24/21 14:45:00,27.284,,,,,
7613,06/24/21 15:00:00,27.407,,,,,
7614,06/24/21 15:15:00,27.579,,,,,
7615,06/24/21 15:30:00,28.221,,,,,
7616,06/24/21 15:45:00,28.295,,,,,
7617,06/24/21 16:00:00,28.320,,,,,
7618,06/24/21 16:15:00,28.345,,,,,
7619,06/24/21 16:30:00,28.394,,,,,
7620,06/24/21 16:45:00,28.419,,,,,
7621,06/24/21 17:00:00,28.493,,,,,
7622,06/24/21 17:15:00,28.444,,,,,
7623,06/24/21 17:30:00,28.394,,,,,
7624,06/24/21 17:45:00,28.270,,,,,
7625,06/24/21 18:00:00,28.196,,,,,
7626,06/24/21 18:15:00,28.196,,,,,
7627,06/24/21 18:30:00,27.998,,,,,
7628,06/24/21 18:45:00,27.974,,,,,
7629,06/24/21 19:00:00,27.949,,,,,
7630,06/24/21 19:15:00,27.949,,,,,
7631,06/24/21 19:30:00,27.974,,,,,
7632,06/24/21 19:45:00,27.998,,,,,
7633,06/24/21 20:00:00,28.023,,,,,
7634,06/24/21 20:15:00,28.023,,,,,
7635,06/24/21 20:30:00,28.023,,,,,
7636,06/24/21 20:45:00,28.023,,,,,
7637,06/24/21 21:00:00,27.974,,,,,
7638,06/24/21 21:15:00,27.974,,,,,
7639,06/24/21 21:30:00,27.998,,,,,
7640,06/24/21 21:45:00,27.974,,,,,
7641,06/24/21 22:00:00,27.949,,,,,
7642,06/24/21 22:15:00,27.949,,,,,
7643,06/24/21 22:30:00,27.949,,,,,
7644,06/24/21 22:45:00,27.949,,,,,
7645,06/24/21 23:00:00,27.974,,,,,
7646,06/24/21 23:15:00,27.998,,,,,
7647,06/24/21 23:30:00,27.998,,,,,
7648,06/24/21 23:45:00,27.974,,,,,
7649,06/25/21 00:00:00,27.949,,,,,
7650,06/25/21 00:15:00,27.949,,,,,
7651,06/25/21 00:30:00,27.974,,,,,
7652,06/25/21 00:45:00,27.974,,,,,
7653,06/25/21 01:00:00,27.974,,,,,
7654,06/25/21 01:15:00,27.974,,,,,
7655,06/25/21 01:30:00,27.998,,,,,
7656,06/25/21 01:45:00,27.998,,,,,
7657,06/25/21 02:00:00,27.974,,,,,
7658,06/25/21 02:15:00,28.023,,,,,
7659,06/25/21 02:30:00,28.023,,,,,
7660,06/25/21 02:45:00,28.072,,,,,
7661,06/25/21 03:00:00,28.097,,,,,
7662,06/25/21 03:15:00,28.122,,,,,
7663,06/25/21 03:30:00,28.122,,,,,
7664,06/25/21 03:45:00,28.122,,,,,
7665,06/25/21 04:00:00,28.023,,,,,
7666,06/25/21 04:15:00,27.949,,,,,
7667,06/25/21 04:30:00,27.801,,,,,
7668,06/25/21 04:45:00,27.727,,,,,
7669,06/25/21 05:00:00,27.702,,,,,
7670,06/25/21 05:15:00,27.727,,,,,
7671,06/25/21 05:30:00,27.751,,,,,
7672,06/25/21 05:45:00,27.974,,,,,
7673,06/25/21 06:00:00,28.171,,,,,
7674,06/25/21 06:15:00,28.122,,,,,
7675,06/25/21 06:30:00,28.171,,,,,
7676,06/25/21 06:45:00,28.147,,,,,
7677,06/25/21 07:00:00,28.147,,,,,
7678,06/25/21 07:15:00,28.147,,,,,
7679,06/25/21 07:30:00,28.122,,,,,
7680,06/25/21 07:45:00,28.122,,,,,
7681,06/25/21 08:00:00,28.122,,,,,
7682,06/25/21 08:15:00,28.122,,,,,
7683,06/25/21 08:30:00,28.122,,,,,
7684,06/25/21 08:45:00,28.097,,,,,
7685,06/25/21 09:00:00,28.122,,,,,
7686,06/25/21 09:15:00,28.023,,,,,
7687,06/25/21 09:30:00,27.998,,,,,
7688,06/25/21 09:45:00,28.048,,,,,
7689,06/25/21 10:00:00,28.048,,,,,
7690,06/25/21 10:15:00,28.048,,,,,
7691,06/25/21 10:30:00,28.023,,,,,
7692,06/25/21 10:45:00,27.924,,,,,
7693,06/25/21 11:00:00,27.899,,,,,
7694,06/25/21 11:15:00,27.456,,,,,
7695,06/25/21 11:30:00,27.998,,,,,
7696,06/25/21 11:45:00,28.048,,,,,
7697,06/25/21 12:00:00,28.048,,,,,
7698,06/25/21 12:15:00,27.875,,,,,
7699,06/25/21 12:30:00,27.702,,,,,
7700,06/25/21 12:45:00,27.431,,,,,
7701,06/25/21 13:00:00,27.333,,,,,
7702,06/25/21 13:15:00,27.308,,,,,
7703,06/25/21 13:30:00,27.186,,,,,
7704,06/25/21 13:45:00,27.235,,,,,
7705,06/25/21 14:00:00,27.308,,,,,
7706,06/25/21 14:15:00,27.949,,,,,
7707,06/25/21 14:30:00,27.998,,,,,
7708,06/25/21 14:45:00,27.850,,,,,
7709,06/25/21 15:00:00,27.899,,,,,
7710,06/25/21 15:15:00,27.974,,,,,
7711,06/25/21 15:30:00,28.048,,,,,
7712,06/25/21 15:45:00,28.048,,,,,
7713,06/25/21 16:00:00,28.072,,,,,
7714,06/25/21 16:15:00,28.072,,,,,
7715,06/25/21 16:30:00,27.998,,,,,
7716,06/25/21 16:45:00,27.974,,,,,
7717,06/25/21 17:00:00,27.974,,,,,
7718,06/25/21 17:15:00,28.023,,,,,
7719,06/25/21 17:30:00,28.221,,,,,
7720,06/25/21 17:45:00,28.147,,,,,
7721,06/25/21 18:00:00,28.122,,,,,
7722,06/25/21 18:15:00,28.122,,,,,
7723,06/25/21 18:30:00,28.097,,,,,
7724,06/25/21 18:45:00,28.097,,,,,
7725,06/25/21 19:00:00,28.072,,,,,
7726,06/25/21 19:15:00,28.072,,,,,
7727,06/25/21 19:30:00,28.072,,,,,
7728,06/25/21 19:45:00,28.072,,,,,
7729,06/25/21 20:00:00,28.072,,,,,
7730,06/25/21 20:15:00,28.072,,,,,
7731,06/25/21 20:30:00,28.072,,,,,
7732,06/25/21 20:45:00,28.097,,,,,
7733,06/25/21 21:00:00,28.097,,,,,
7734,06/25/21 21:15:00,28.097,,,,,
7735,06/25/21 21:30:00,28.097,,,,,
7736,06/25/21 21:45:00,28.097,,,,,
7737,06/25/21 22:00:00,28.097,,,,,
7738,06/25/21 22:15:00,28.171,,,,,
7739,06/25/21 22:30:00,28.147,,,,,
7740,06/25/21 22:45:00,28.072,,,,,
7741,06/25/21 23:00:00,28.048,,,,,
7742,06/25/21 23:15:00,27.924,,,,,
7743,06/25/21 23:30:00,28.048,,,,,
7744,06/25/21 23:45:00,28.048,,,,,
7745,06/26/21 00:00:00,28.072,,,,,
7746,06/26/21 00:15:00,27.998,,,,,
7747,06/26/21 00:30:00,27.974,,,,,
7748,06/26/21 00:45:00,27.776,,,,,
7749,06/26/21 01:00:00,27.825,,,,,
7750,06/26/21 01:15:00,27.776,,,,,
7751,06/26/21 01:30:00,27.727,,,,,
7752,06/26/21 01:45:00,27.899,,,,,
7753,06/26/21 02:00:00,27.875,,,,,
7754,06/26/21 02:15:00,28.023,,,,,
7755,06/26/21 02:30:00,28.023,,,,,
7756,06/26/21 02:45:00,28.023,,,,,
7757,06/26/21 03:00:00,27.899,,,,,
7758,06/26/21 03:15:00,27.727,,,,,
7759,06/26/21 03:30:00,27.899,,,,,
7760,06/26/21 03:45:00,27.949,,,,,
7761,06/26/21 04:00:00,27.924,,,,,
7762,06/26/21 04:15:00,27.998,,,,,
7763,06/26/21 04:30:00,27.949,,,,,
7764,06/26/21 04:45:00,28.023,,,,,
7765,06/26/21 05:00:00,27.974,,,,,
7766,06/26/21 05:15:00,27.998,,,,,
7767,06/26/21 05:30:00,27.998,,,,,
7768,06/26/21 05:45:00,27.924,,,,,
7769,06/26/21 06:00:00,27.949,,,,,
7770,06/26/21 06:15:00,27.899,,,,,
7771,06/26/21 06:30:00,27.924,,,,,
7772,06/26/21 06:45:00,27.924,,,,,
7773,06/26/21 07:00:00,27.875,,,,,
7774,06/26/21 07:15:00,27.875,,,,,
7775,06/26/21 07:30:00,27.875,,,,,
7776,06/26/21 07:45:00,27.875,,,,,
7777,06/26/21 08:00:00,27.875,,,,,
7778,06/26/21 08:15:00,27.875,,,,,
7779,06/26/21 08:30:00,27.899,,,,,
7780,06/26/21 08:45:00,27.899,,,,,
7781,06/26/21 09:00:00,27.974,,,,,
7782,06/26/21 09:15:00,27.850,,,,,
7783,06/26/21 09:30:00,27.850,,,,,
7784,06/26/21 09:45:00,27.875,,,,,
7785,06/26/21 10:00:00,27.998,,,,,
7786,06/26/21 10:15:00,28.221,,,,,
7787,06/26/21 10:30:00,28.245,,,,,
7788,06/26/21 10:45:00,28.221,,,,,
7789,06/26/21 11:00:00,27.974,,,,,
7790,06/26/21 11:15:00,27.825,,,,,
7791,06/26/21 11:30:00,27.899,,,,,
7792,06/26/21 11:45:00,28.221,,,,,
7793,06/26/21 12:00:00,28.221,,,,,
7794,06/26/21 12:15:00,28.245,,,,,
7795,06/26/21 12:30:00,28.171,,,,,
7796,06/26/21 12:45:00,27.776,,,,,
7797,06/26/21 13:00:00,27.702,,,,,
7798,06/26/21 13:15:00,27.530,,,,,
7799,06/26/21 13:30:00,27.530,,,,,
7800,06/26/21 13:45:00,27.653,,,,,
7801,06/26/21 14:00:00,27.924,,,,,
7802,06/26/21 14:15:00,28.171,,,,,
7803,06/26/21 14:30:00,28.221,,,,,
7804,06/26/21 14:45:00,28.196,,,,,
7805,06/26/21 15:00:00,28.221,,,,,
7806,06/26/21 15:15:00,28.171,,,,,
7807,06/26/21 15:30:00,28.097,,,,,
7808,06/26/21 15:45:00,28.097,,,,,
7809,06/26/21 16:00:00,28.171,,,,,
7810,06/26/21 16:15:00,28.147,,,,,
7811,06/26/21 16:30:00,28.171,,,,,
7812,06/26/21 16:45:00,28.171,,,,,
7813,06/26/21 17:00:00,28.196,,,,,
7814,06/26/21 17:15:00,28.023,,,,,
7815,06/26/21 17:30:00,28.147,,,,,
7816,06/26/21 17:45:00,28.171,,,,,
7817,06/26/21 18:00:00,28.171,,,,,
7818,06/26/21 18:15:00,27.998,,,,,
7819,06/26/21 18:30:00,28.023,,,,,
7820,06/26/21 18:45:00,28.122,,,,,
7821,06/26/21 19:00:00,28.023,,,,,
7822,06/26/21 19:15:00,28.097,,,,,
7823,06/26/21 19:30:00,28.072,,,,,
7824,06/26/21 19:45:00,28.097,,,,,
7825,06/26/21 20:00:00,28.048,,,,,
7826,06/26/21 20:15:00,28.023,,,,,
7827,06/26/21 20:30:00,28.023,,,,,
7828,06/26/21 20:45:00,28.023,,,,,
7829,06/26/21 21:00:00,28.023,,,,,
7830,06/26/21 21:15:00,27.998,,,,,
7831,06/26/21 21:30:00,28.048,,,,,
7832,06/26/21 21:45:00,27.998,,,,,
7833,06/26/21 22:00:00,27.949,,,,,
7834,06/26/21 22:15:00,27.949,,,,,
7835,06/26/21 22:30:00,27.949,,,,,
7836,06/26/21 22:45:00,27.974,,,,,
7837,06/26/21 23:00:00,27.974,,,,,
7838,06/26/21 23:15:00,27.949,,,,,
7839,06/26/21 23:30:00,27.924,,,,,
7840,06/26/21 23:45:00,27.924,,,,,
7841,06/27/21 00:00:00,27.949,,,,,
7842,06/27/21 00:15:00,27.949,,,,,
7843,06/27/21 00:30:00,27.949,,,,,
7844,06/27/21 00:45:00,27.949,,,,,
7845,06/27/21 01:00:00,27.949,,,,,
7846,06/27/21 01:15:00,27.924,,,,,
7847,06/27/21 01:30:00,27.949,,,,,
7848,06/27/21 01:45:00,27.974,,,,,
7849,06/27/21 02:00:00,27.974,,,,,
7850,06/27/21 02:15:00,27.974,,,,,
7851,06/27/21 02:30:00,27.974,,,,,
7852,06/27/21 02:45:00,27.801,,,,,
7853,06/27/21 03:00:00,27.677,,,,,
7854,06/27/21 03:15:00,27.702,,,,,
7855,06/27/21 03:30:00,27.751,,,,,
7856,06/27/21 03:45:00,27.924,,,,,
7857,06/27/21 04:00:00,27.924,,,,,
7858,06/27/21 04:15:00,27.974,,,,,
7859,06/27/21 04:30:00,27.974,,,,,
7860,06/27/21 04:45:00,27.825,,,,,
7861,06/27/21 05:00:00,27.899,,,,,
7862,06/27/21 05:15:00,27.924,,,,,
7863,06/27/21 05:30:00,27.924,,,,,
7864,06/27/21 05:45:00,27.924,,,,,
7865,06/27/21 06:00:00,27.974,,,,,
7866,06/27/21 06:15:00,27.924,,,,,
7867,06/27/21 06:30:00,27.850,,,,,
7868,06/27/21 06:45:00,27.825,,,,,
7869,06/27/21 07:00:00,27.850,,,,,
7870,06/27/21 07:15:00,27.801,,,,,
7871,06/27/21 07:30:00,27.850,,,,,
7872,06/27/21 07:45:00,27.899,,,,,
7873,06/27/21 08:00:00,27.949,,,,,
7874,06/27/21 08:15:00,27.974,,,,,
7875,06/27/21 08:30:00,27.998,,,,,
7876,06/27/21 08:45:00,28.023,,,,,
7877,06/27/21 09:00:00,28.023,,,,,
7878,06/27/21 09:15:00,28.023,,,,,
7879,06/27/21 09:30:00,28.023,,,,,
7880,06/27/21 09:45:00,28.023,,,,,
7881,06/27/21 10:00:00,28.023,,,,,
7882,06/27/21 10:15:00,28.023,,,,,
7883,06/27/21 10:30:00,28.023,,,,,
7884,06/27/21 10:45:00,28.023,,,,,
7885,06/27/21 11:00:00,28.023,,,,,
7886,06/27/21 11:15:00,28.023,,,,,
7887,06/27/21 11:30:00,28.023,,,,,
7888,06/27/21 11:45:00,28.023,,,,,
7889,06/27/21 12:00:00,28.023,,,,,
7890,06/27/21 12:15:00,28.048,,,,,
7891,06/27/21 12:30:00,28.048,,,,,
7892,06/27/21 12:45:00,28.048,,,,,
7893,06/27/21 13:00:00,27.875,,,,,
7894,06/27/21 13:15:00,27.998,,,,,
7895,06/27/21 13:30:00,27.974,,,,,
7896,06/27/21 13:45:00,27.628,,,,,
7897,06/27/21 14:00:00,28.023,,,,,
7898,06/27/21 14:15:00,28.072,,,,,
7899,06/27/21 14:30:00,28.072,,,,,
7900,06/27/21 14:45:00,28.097,,,,,
7901,06/27/21 15:00:00,28.097,,,,,
7902,06/27/21 15:15:00,28.097,,,,,
7903,06/27/21 15:30:00,28.097,,,,,
7904,06/27/21 15:45:00,28.122,,,,,
7905,06/27/21 16:00:00,28.122,,,,,
7906,06/27/21 16:15:00,28.122,,,,,
7907,06/27/21 16:30:00,28.122,,,,,
7908,06/27/21 16:45:00,28.122,,,,,
7909,06/27/21 17:00:00,28.122,,,,,
7910,06/27/21 17:15:00,28.122,,,,,
7911,06/27/21 17:30:00,28.122,,,,,
7912,06/27/21 17:45:00,28.072,,,,,
7913,06/27/21 18:00:00,28.072,,,,,
7914,06/27/21 18:15:00,28.097,,,,,
7915,06/27/21 18:30:00,28.097,,,,,
7916,06/27/21 18:45:00,28.122,,,,,
7917,06/27/21 19:00:00,28.122,,,,,
7918,06/27/21 19:15:00,28.147,,,,,
7919,06/27/21 19:30:00,28.171,,,,,
7920,06/27/21 19:45:00,28.171,,,,,
7921,06/27/21 20:00:00,28.171,,,,,
7922,06/27/21 20:15:00,28.171,,,,,
7923,06/27/21 20:30:00,28.147,,,,,
7924,06/27/21 20:45:00,28.147,,,,,
7925,06/27/21 21:00:00,28.147,,,,,
7926,06/27/21 21:15:00,28.171,,,,,
7927,06/27/21 21:30:00,28.221,,,,,
7928,06/27/21 21:45:00,27.998,,,,,
7929,06/27/21 22:00:00,27.974,,,,,
7930,06/27/21 22:15:00,27.949,,,,,
7931,06/27/21 22:30:00,27.974,,,,,
7932,06/27/21 22:45:00,27.998,,,,,
7933,06/27/21 23:00:00,28.048,,,,,
7934,06/27/21 23:15:00,28.048,,,,,
7935,06/27/21 23:30:00,28.023,,,,,
7936,06/27/21 23:45:00,28.023,,,,,
7937,06/28/21 00:00:00,28.023,,,,,
7938,06/28/21 00:15:00,28.023,,,,,
7939,06/28/21 00:30:00,28.023,,,,,
7940,06/28/21 00:45:00,27.974,,,,,
7941,06/28/21 01:00:00,27.924,,,,,
7942,06/28/21 01:15:00,27.850,,,,,
7943,06/28/21 01:30:00,27.850,,,,,
7944,06/28/21 01:45:00,27.850,,,,,
7945,06/28/21 02:00:00,27.850,,,,,
7946,06/28/21 02:15:00,27.899,,,,,
7947,06/28/21 02:30:00,27.899,,,,,
7948,06/28/21 02:45:00,27.850,,,,,
7949,06/28/21 03:00:00,27.875,,,,,
7950,06/28/21 03:15:00,28.072,,,,,
7951,06/28/21 03:30:00,28.072,,,,,
7952,06/28/21 03:45:00,27.924,,,,,
7953,06/28/21 04:00:00,27.850,,,,,
7954,06/28/21 04:15:00,27.875,,,,,
7955,06/28/21 04:30:00,27.974,,,,,
7956,06/28/21 04:45:00,27.974,,,,,
7957,06/28/21 05:00:00,27.974,,,,,
7958,06/28/21 05:15:00,27.974,,,,,
7959,06/28/21 05:30:00,27.974,,,,,
7960,06/28/21 05:45:00,27.949,,,,,
7961,06/28/21 06:00:00,27.998,,,,,
7962,06/28/21 06:15:00,28.048,,,,,
7963,06/28/21 06:30:00,28.072,,,,,
7964,06/28/21 06:45:00,28.072,,,,,
7965,06/28/21 07:00:00,28.072,,,,,
7966,06/28/21 07:15:00,28.097,,,,,
7967,06/28/21 07:30:00,28.097,,,,,
7968,06/28/21 07:45:00,27.998,,,,,
7969,06/28/21 08:00:00,28.048,,,,,
7970,06/28/21 08:15:00,28.048,,,,,
7971,06/28/21 08:30:00,27.850,,,,,
7972,06/28/21 08:45:00,27.924,,,,,
7973,06/28/21 09:00:00,28.097,,,,,
7974,06/28/21 09:15:00,28.122,,,,,
7975,06/28/21 09:30:00,28.122,,,,,
7976,06/28/21 09:45:00,28.147,,,,,
7977,06/28/21 10:00:00,28.147,,,,,
7978,06/28/21 10:15:00,28.097,,,,,
7979,06/28/21 10:30:00,28.122,,,,,
7980,06/28/21 10:45:00,28.072,,,,,
7981,06/28/21 11:00:00,27.579,,,,,
7982,06/28/21 11:15:00,27.825,,,,,
7983,06/28/21 11:30:00,27.899,,,,,
7984,06/28/21 11:45:00,27.924,,,,,
7985,06/28/21 12:00:00,27.924,,,,,
7986,06/28/21 12:15:00,28.072,,,,,
7987,06/28/21 12:30:00,28.072,,,,,
7988,06/28/21 12:45:00,27.949,,,,,
7989,06/28/21 13:00:00,27.727,,,,,
7990,06/28/21 13:15:00,27.161,,,,,
7991,06/28/21 13:30:00,27.087,,,,,
7992,06/28/21 13:45:00,27.038,,,,,
7993,06/28/21 14:00:00,26.965,,,,,
7994,06/28/21 14:15:00,26.940,,,,,
7995,06/28/21 14:30:00,26.965,,,,,
7996,06/28/21 14:45:00,26.916,,,,,
7997,06/28/21 15:00:00,26.940,,,,,
7998,06/28/21 15:15:00,27.628,,,,,
7999,06/28/21 15:30:00,27.776,,,,,
8000,06/28/21 15:45:00,27.875,,,,,
8001,06/28/21 16:00:00,27.949,,,,,
8002,06/28/21 16:15:00,27.998,,,,,
8003,06/28/21 16:30:00,28.072,,,,,
8004,06/28/21 16:45:00,28.122,,,,,
8005,06/28/21 17:00:00,28.122,,,,,
8006,06/28/21 17:15:00,28.147,,,,,
8007,06/28/21 17:30:00,28.147,,,,,
8008,06/28/21 17:45:00,28.122,,,,,
8009,06/28/21 18:00:00,28.147,,,,,
8010,06/28/21 18:15:00,28.147,,,,,
8011,06/28/21 18:30:00,28.048,,,,,
8012,06/28/21 18:45:00,28.023,,,,,
8013,06/28/21 19:00:00,28.023,,,,,
8014,06/28/21 19:15:00,28.171,,,,,
8015,06/28/21 19:30:00,28.122,,,,,
8016,06/28/21 19:45:00,27.974,,,,,
8017,06/28/21 20:00:00,27.949,,,,,
8018,06/28/21 20:15:00,27.801,,,,,
8019,06/28/21 20:30:00,27.702,,,,,
8020,06/28/21 20:45:00,27.677,,,,,
8021,06/28/21 21:00:00,27.702,,,,,
8022,06/28/21 21:15:00,27.727,,,,,
8023,06/28/21 21:30:00,27.801,,,,,
8024,06/28/21 21:45:00,27.825,,,,,
8025,06/28/21 22:00:00,27.751,,,,,
8026,06/28/21 22:15:00,27.825,,,,,
8027,06/28/21 22:30:00,27.924,,,,,
8028,06/28/21 22:45:00,27.949,,,,,
8029,06/28/21 23:00:00,27.974,,,,,
8030,06/28/21 23:15:00,28.023,,,,,
8031,06/28/21 23:30:00,27.974,,,,,
8032,06/28/21 23:45:00,28.048,,,,,
8033,06/29/21 00:00:00,28.097,,,,,
8034,06/29/21 00:15:00,27.998,,,,,
8035,06/29/21 00:30:00,27.924,,,,,
8036,06/29/21 00:45:00,27.949,,,,,
8037,06/29/21 01:00:00,27.924,,,,,
8038,06/29/21 01:15:00,27.924,,,,,
8039,06/29/21 01:30:00,28.023,,,,,
8040,06/29/21 01:45:00,28.048,,,,,
8041,06/29/21 02:00:00,27.776,,,,,
8042,06/29/21 02:15:00,27.727,,,,,
8043,06/29/21 02:30:00,27.727,,,,,
8044,06/29/21 02:45:00,27.776,,,,,
8045,06/29/21 03:00:00,27.776,,,,,
8046,06/29/21 03:15:00,27.727,,,,,
8047,06/29/21 03:30:00,27.751,,,,,
8048,06/29/21 03:45:00,27.850,,,,,
8049,06/29/21 04:00:00,27.998,,,,,
8050,06/29/21 04:15:00,27.825,,,,,
8051,06/29/21 04:30:00,27.825,,,,,
8052,06/29/21 04:45:00,27.924,,,,,
8053,06/29/21 05:00:00,27.899,,,,,
8054,06/29/21 05:15:00,27.949,,,,,
8055,06/29/21 05:30:00,27.949,,,,,
8056,06/29/21 05:45:00,27.998,,,,,
8057,06/29/21 06:00:00,27.924,,,,,
8058,06/29/21 06:15:00,27.751,,,,,
8059,06/29/21 06:30:00,27.825,,,,,
8060,06/29/21 06:45:00,27.875,,,,,
8061,06/29/21 07:00:00,27.899,,,,,
8062,06/29/21 07:15:00,27.949,,,,,
8063,06/29/21 07:30:00,27.924,,,,,
8064,06/29/21 07:45:00,27.998,,,,,
8065,06/29/21 08:00:00,27.998,,,,,
8066,06/29/21 08:15:00,27.998,,,,,
8067,06/29/21 08:30:00,28.048,,,,,
8068,06/29/21 08:45:00,28.048,,,,,
8069,06/29/21 09:00:00,28.072,,,,,
8070,06/29/21 09:15:00,28.097,,,,,
8071,06/29/21 09:30:00,28.122,,,,,
8072,06/29/21 09:45:00,28.122,,,,,
8073,06/29/21 10:00:00,28.122,,,,,
8074,06/29/21 10:15:00,28.122,,,,,
8075,06/29/21 10:30:00,28.097,,,,,
8076,06/29/21 10:45:00,28.147,,,,,
8077,06/29/21 11:00:00,28.122,,,,,
8078,06/29/21 11:15:00,28.122,,,,,
8079,06/29/21 11:30:00,28.171,,,,,
8080,06/29/21 11:45:00,28.171,,,,,
8081,06/29/21 12:00:00,28.196,,,,,
8082,06/29/21 12:15:00,28.196,,,,,
8083,06/29/21 12:30:00,28.171,,,,,
8084,06/29/21 12:45:00,28.171,,,,,
8085,06/29/21 13:00:00,28.171,,,,,
8086,06/29/21 13:15:00,28.171,,,,,
8087,06/29/21 13:30:00,28.196,,,,,
8088,06/29/21 13:45:00,28.245,,,,,
8089,06/29/21 14:00:00,28.221,,,,,
8090,06/29/21 14:15:00,28.196,,,,,
8091,06/29/21 14:30:00,28.196,,,,,
8092,06/29/21 14:45:00,27.727,,,,,
8093,06/29/21 15:00:00,28.097,,,,,
8094,06/29/21 15:15:00,28.171,,,,,
8095,06/29/21 15:30:00,27.407,,,,,
8096,06/29/21 15:45:00,27.456,,,,,
8097,06/29/21 16:00:00,27.333,,,,,
8098,06/29/21 16:15:00,27.677,,,,,
8099,06/29/21 16:30:00,27.481,,,,,
8100,06/29/21 16:45:00,27.727,,,,,
8101,06/29/21 17:00:00,27.554,,,,,
8102,06/29/21 17:15:00,27.702,,,,,
8103,06/29/21 17:30:00,27.825,,,,,
8104,06/29/21 17:45:00,28.072,,,,,
8105,06/29/21 18:00:00,28.147,,,,,
8106,06/29/21 18:15:00,28.171,,,,,
8107,06/29/21 18:30:00,28.221,,,,,
8108,06/29/21 18:45:00,28.221,,,,,
8109,06/29/21 19:00:00,28.196,,,,,
8110,06/29/21 19:15:00,28.147,,,,,
8111,06/29/21 19:30:00,28.023,,,,,
8112,06/29/21 19:45:00,27.998,,,,,
8113,06/29/21 20:00:00,28.072,,,,,
8114,06/29/21 20:15:00,28.122,,,,,
8115,06/29/21 20:30:00,28.196,,,,,
8116,06/29/21 20:45:00,28.245,,,,,
8117,06/29/21 21:00:00,28.270,,,,,
8118,06/29/21 21:15:00,28.245,,,,,
8119,06/29/21 21:30:00,28.270,,,,,
8120,06/29/21 21:45:00,28.295,,,,,
8121,06/29/21 22:00:00,28.345,,,,,
8122,06/29/21 22:15:00,28.320,,,,,
8123,06/29/21 22:30:00,28.320,,,,,
8124,06/29/21 22:45:00,28.171,,,,,
8125,06/29/21 23:00:00,28.122,,,,,
8126,06/29/21 23:15:00,28.097,,,,,
8127,06/29/21 23:30:00,27.850,,,,,
8128,06/29/21 23:45:00,27.899,,,,,
8129,06/30/21 00:00:00,28.147,,,,,
8130,06/30/21 00:15:00,28.122,,,,,
8131,06/30/21 00:30:00,27.924,,,,,
8132,06/30/21 00:45:00,27.727,,,,,
8133,06/30/21 01:00:00,27.825,,,,,
8134,06/30/21 01:15:00,28.023,,,,,
8135,06/30/21 01:30:00,28.097,,,,,
8136,06/30/21 01:45:00,28.023,,,,,
8137,06/30/21 02:00:00,27.924,,,,,
8138,06/30/21 02:15:00,27.924,,,,,
8139,06/30/21 02:30:00,27.825,,,,,
8140,06/30/21 02:45:00,27.801,,,,,
8141,06/30/21 03:00:00,27.751,,,,,
8142,06/30/21 03:15:00,27.801,,,,,
8143,06/30/21 03:30:00,27.801,,,,,
8144,06/30/21 03:45:00,27.727,,,,,
8145,06/30/21 04:00:00,27.751,,,,,
8146,06/30/21 04:15:00,27.702,,,,,
8147,06/30/21 04:30:00,27.751,,,,,
8148,06/30/21 04:45:00,27.825,,,,,
8149,06/30/21 05:00:00,27.850,,,,,
8150,06/30/21 05:15:00,27.628,,,,,
8151,06/30/21 05:30:00,27.554,,,,,
8152,06/30/21 05:45:00,27.653,,,,,
8153,06/30/21 06:00:00,27.456,,,,,
8154,06/30/21 06:15:00,27.456,,,,,
8155,06/30/21 06:30:00,27.431,,,,,
8156,06/30/21 06:45:00,27.604,,,,,
8157,06/30/21 07:00:00,27.751,,,,,
8158,06/30/21 07:15:00,27.505,,,,,
8159,06/30/21 07:30:00,27.727,,,,,
8160,06/30/21 07:45:00,27.677,,,,,
8161,06/30/21 08:00:00,27.628,,,,,
8162,06/30/21 08:15:00,27.677,,,,,
8163,06/30/21 08:30:00,27.702,,,,,
8164,06/30/21 08:45:00,27.801,,,,,
8165,06/30/21 09:00:00,27.850,,,,,
8166,06/30/21 09:15:00,27.825,,,,,
8167,06/30/21 09:30:00,27.850,,,,,
8168,06/30/21 09:45:00,27.776,,,,,
8169,06/30/21 10:00:00,27.801,,,,,
8170,06/30/21 10:15:00,27.776,,,,,
8171,06/30/21 10:30:00,27.751,,,,,
8172,06/30/21 10:45:00,27.702,,,,,
8173,06/30/21 11:00:00,27.801,,,,,
8174,06/30/21 11:15:00,27.825,,,,,
8175,06/30/21 11:30:00,27.776,,,,,
8176,06/30/21 11:45:00,27.825,,,,,
8177,06/30/21 12:00:00,27.850,,,,,
8178,06/30/21 12:15:00,27.875,,,,,
8179,06/30/21 12:30:00,27.949,,,,,
8180,06/30/21 12:45:00,27.899,,,,,
8181,06/30/21 13:00:00,27.825,,,,,
8182,06/30/21 13:15:00,27.875,,,,,
8183,06/30/21 13:30:00,27.924,,,,,
8184,06/30/21 13:45:00,27.949,,,,,
8185,06/30/21 14:00:00,27.974,,,,,
8186,06/30/21 14:15:00,27.998,,,,,
8187,06/30/21 14:30:00,28.048,,,,,
8188,06/30/21 14:45:00,28.097,,,,,
8189,06/30/21 15:00:00,27.974,,,,,
8190,06/30/21 15:15:00,27.949,,,,,
8191,06/30/21 15:30:00,27.899,,,,,
8192,06/30/21 15:45:00,27.628,,,,,
8193,06/30/21 16:00:00,27.604,,,,,
8194,06/30/21 16:15:00,27.505,,,,,
8195,06/30/21 16:30:00,27.554,,,,,
8196,06/30/21 16:45:00,27.579,,,,,
8197,06/30/21 17:00:00,27.653,,,,,
8198,06/30/21 17:15:00,27.161,,,,,
8199,06/30/21 17:30:00,27.087,,,,,
8200,06/30/21 17:45:00,26.867,,,,,
8201,06/30/21 18:00:00,26.818,,,,,
8202,06/30/21 18:15:00,26.842,,,,,
8203,06/30/21 18:30:00,26.818,,,,,
8204,06/30/21 18:45:00,26.793,,,,,
8205,06/30/21 19:00:00,26.818,,,,,
8206,06/30/21 19:15:00,26.818,,,,,
8207,06/30/21 19:30:00,27.456,,,,,
8208,06/30/21 19:45:00,27.407,,,,,
8209,06/30/21 20:00:00,27.456,,,,,
8210,06/30/21 20:15:00,27.727,,,,,
8211,06/30/21 20:30:00,27.727,,,,,
8212,06/30/21 20:45:00,27.776,,,,,
8213,06/30/21 21:00:00,27.825,,,,,
8214,06/30/21 21:15:00,27.825,,,,,
8215,06/30/21 21:30:00,27.801,,,,,
8216,06/30/21 21:45:00,27.850,,,,,
8217,06/30/21 22:00:00,27.924,,,,,
8218,06/30/21 22:15:00,27.801,,,,,
8219,06/30/21 22:30:00,27.801,,,,,
8220,06/30/21 22:45:00,27.825,,,,,
8221,06/30/21 23:00:00,27.850,,,,,
8222,06/30/21 23:15:00,27.875,,,,,
8223,06/30/21 23:30:00,27.875,,,,,
8224,06/30/21 23:45:00,27.850,,,,,
8225,07/01/21 00:00:00,27.825,,,,,
8226,07/01/21 00:15:00,27.825,,,,,
8227,07/01/21 00:30:00,27.875,,,,,
8228,07/01/21 00:45:00,27.850,,,,,
8229,07/01/21 01:00:00,27.924,,,,,
8230,07/01/21 01:15:00,27.998,,,,,
8231,07/01/21 01:30:00,27.998,,,,,
8232,07/01/21 01:45:00,27.875,,,,,
8233,07/01/21 02:00:00,27.998,,,,,
8234,07/01/21 02:15:00,27.974,,,,,
8235,07/01/21 02:30:00,27.949,,,,,
8236,07/01/21 02:45:00,27.949,,,,,
8237,07/01/21 03:00:00,28.072,,,,,
8238,07/01/21 03:15:00,28.122,,,,,
8239,07/01/21 03:30:00,28.122,,,,,
8240,07/01/21 03:45:00,28.122,,,,,
8241,07/01/21 04:00:00,28.147,,,,,
8242,07/01/21 04:15:00,28.147,,,,,
8243,07/01/21 04:30:00,28.147,,,,,
8244,07/01/21 04:45:00,28.147,,,,,
8245,07/01/21 05:00:00,28.171,,,,,
8246,07/01/21 05:15:00,28.147,,,,,
8247,07/01/21 05:30:00,28.147,,,,,
8248,07/01/21 05:45:00,28.147,,,,,
8249,07/01/21 06:00:00,28.171,,,,,
8250,07/01/21 06:15:00,28.147,,,,,
8251,07/01/21 06:30:00,28.171,,,,,
8252,07/01/21 06:45:00,28.147,,,,,
8253,07/01/21 07:00:00,28.122,,,,,
8254,07/01/21 07:15:00,28.147,,,,,
8255,07/01/21 07:30:00,28.122,,,,,
8256,07/01/21 07:45:00,28.048,,,,,
8257,07/01/21 08:00:00,27.924,,,,,
8258,07/01/21 08:15:00,27.875,,,,,
8259,07/01/21 08:30:00,27.974,,,,,
8260,07/01/21 08:45:00,27.998,,,,,
8261,07/01/21 09:00:00,27.801,,,,,
8262,07/01/21 09:15:00,27.899,,,,,
8263,07/01/21 09:30:00,27.974,,,,,
8264,07/01/21 09:45:00,27.974,,,,,
8265,07/01/21 10:00:00,27.924,,,,,
8266,07/01/21 10:15:00,27.850,,,,,
8267,07/01/21 10:30:00,27.825,,,,,
8268,07/01/21 10:45:00,27.949,,,,,
8269,07/01/21 11:00:00,27.850,,,,,
8270,07/01/21 11:15:00,27.530,,,,,
8271,07/01/21 11:30:00,27.628,,,,,
8272,07/01/21 11:45:00,27.727,,,,,
8273,07/01/21 12:00:00,27.850,,,,,
8274,07/01/21 12:15:00,27.850,,,,,
8275,07/01/21 12:30:00,27.850,,,,,
8276,07/01/21 12:45:00,27.850,,,,,
8277,07/01/21 13:00:00,27.825,,,,,
8278,07/01/21 13:15:00,27.825,,,,,
8279,07/01/21 13:30:00,27.850,,,,,
8280,07/01/21 13:45:00,27.801,,,,,
8281,07/01/21 14:00:00,27.776,,,,,
8282,07/01/21 14:15:00,27.825,,,,,
8283,07/01/21 14:30:00,27.801,,,,,
8284,07/01/21 14:45:00,27.825,,,,,
8285,07/01/21 15:00:00,27.875,,,,,
8286,07/01/21 15:15:00,27.924,,,,,
8287,07/01/21 15:30:00,28.048,,,,,
8288,07/01/21 15:45:00,28.097,,,,,
8289,07/01/21 16:00:00,28.147,,,,,
8290,07/01/21 16:15:00,28.147,,,,,
8291,07/01/21 16:30:00,27.850,,,,,
8292,07/01/21 16:45:00,28.023,,,,,
8293,07/01/21 17:00:00,27.875,,,,,
8294,07/01/21 17:15:00,27.751,,,,,
8295,07/01/21 17:30:00,27.776,,,,,
8296,07/01/21 17:45:00,27.949,,,,,
8297,07/01/21 18:00:00,27.727,,,,,
8298,07/01/21 18:15:00,27.801,,,,,
8299,07/01/21 18:30:00,27.677,,,,,
8300,07/01/21 18:45:00,27.751,,,,,
8301,07/01/21 19:00:00,27.677,,,,,
8302,07/01/21 19:15:00,27.677,,,,,
8303,07/01/21 19:30:00,27.751,,,,,
8304,07/01/21 19:45:00,27.801,,,,,
8305,07/01/21 20:00:00,27.875,,,,,
8306,07/01/21 20:15:00,27.974,,,,,
8307,07/01/21 20:30:00,28.023,,,,,
8308,07/01/21 20:45:00,28.097,,,,,
8309,07/01/21 21:00:00,28.147,,,,,
8310,07/01/21 21:15:00,28.196,,,,,
8311,07/01/21 21:30:00,28.221,,,,,
8312,07/01/21 21:45:00,28.221,,,,,
8313,07/01/21 22:00:00,28.196,,,,,
8314,07/01/21 22:15:00,28.221,,,,,
8315,07/01/21 22:30:00,28.221,,,,,
8316,07/01/21 22:45:00,28.221,,,,,
8317,07/01/21 23:00:00,28.221,,,,,
8318,07/01/21 23:15:00,28.221,,,,,
8319,07/01/21 23:30:00,28.221,,,,,
8320,07/01/21 23:45:00,28.221,,,,,
8321,07/02/21 00:00:00,28.171,,,,,
8322,07/02/21 00:15:00,28.147,,,,,
8323,07/02/21 00:30:00,28.147,,,,,
8324,07/02/21 00:45:00,28.147,,,,,
8325,07/02/21 01:00:00,28.147,,,,,
8326,07/02/21 01:15:00,28.147,,,,,
8327,07/02/21 01:30:00,28.196,,,,,
8328,07/02/21 01:45:00,28.196,,,,,
8329,07/02/21 02:00:00,28.196,,,,,
8330,07/02/21 02:15:00,28.221,,,,,
8331,07/02/21 02:30:00,28.245,,,,,
8332,07/02/21 02:45:00,28.245,,,,,
8333,07/02/21 03:00:00,28.221,,,,,
8334,07/02/21 03:15:00,28.245,,,,,
8335,07/02/21 03:30:00,28.221,,,,,
8336,07/02/21 03:45:00,28.196,,,,,
8337,07/02/21 04:00:00,28.221,,,,,
8338,07/02/21 04:15:00,28.196,,,,,
8339,07/02/21 04:30:00,28.171,,,,,
8340,07/02/21 04:45:00,28.171,,,,,
8341,07/02/21 05:00:00,28.171,,,,,
8342,07/02/21 05:15:00,28.147,,,,,
8343,07/02/21 05:30:00,28.147,,,,,
8344,07/02/21 05:45:00,28.147,,,,,
8345,07/02/21 06:00:00,28.122,,,,,
8346,07/02/21 06:15:00,28.122,,,,,
8347,07/02/21 06:30:00,28.072,,,,,
8348,07/02/21 06:45:00,27.924,,,,,
8349,07/02/21 07:00:00,27.481,,,,,
8350,07/02/21 07:15:00,27.579,,,,,
8351,07/02/21 07:30:00,27.554,,,,,
8352,07/02/21 07:45:00,27.554,,,,,
8353,07/02/21 08:00:00,27.505,,,,,
8354,07/02/21 08:15:00,27.481,,,,,
8355,07/02/21 08:30:00,27.481,,,,,
8356,07/02/21 08:45:00,27.481,,,,,
8357,07/02/21 09:00:00,27.530,,,,,
8358,07/02/21 09:15:00,27.776,,,,,
8359,07/02/21 09:30:00,27.949,,,,,
8360,07/02/21 09:45:00,27.998,,,,,
8361,07/02/21 10:00:00,28.122,,,,,
8362,07/02/21 10:15:00,28.171,,,,,
8363,07/02/21 10:30:00,28.147,,,,,
8364,07/02/21 10:45:00,28.048,,,,,
8365,07/02/21 11:00:00,28.171,,,,,
8366,07/02/21 11:15:00,28.171,,,,,
8367,07/02/21 11:30:00,28.221,,,,,
8368,07/02/21 11:45:00,28.270,,,,,
8369,07/02/21 12:00:00,28.270,,,,,
8370,07/02/21 12:15:00,28.295,,,,,
8371,07/02/21 12:30:00,28.295,,,,,
8372,07/02/21 12:45:00,28.320,,,,,
8373,07/02/21 13:00:00,28.320,,,,,
8374,07/02/21 13:15:00,28.345,,,,,
8375,07/02/21 13:30:00,28.369,,,,,
8376,07/02/21 13:45:00,28.345,,,,,
8377,07/02/21 14:00:00,28.369,,,,,
8378,07/02/21 14:15:00,28.394,,,,,
8379,07/02/21 14:30:00,28.394,,,,,
8380,07/02/21 14:45:00,28.394,,,,,
8381,07/02/21 15:00:00,28.419,,,,,
8382,07/02/21 15:15:00,28.444,,,,,
8383,07/02/21 15:30:00,28.468,,,,,
8384,07/02/21 15:45:00,28.468,,,,,
8385,07/02/21 16:00:00,28.518,,,,,
8386,07/02/21 16:15:00,28.543,,,,,
8387,07/02/21 16:30:00,28.543,,,,,
8388,07/02/21 16:45:00,28.543,,,,,
8389,07/02/21 17:00:00,28.493,,,,,
8390,07/02/21 17:15:00,27.727,,,,,
8391,07/02/21 17:30:00,27.530,,,,,
8392,07/02/21 17:45:00,27.431,,,,,
8393,07/02/21 18:00:00,27.358,,,,,
8394,07/02/21 18:15:00,27.554,,,,,
8395,07/02/21 18:30:00,27.505,,,,,
8396,07/02/21 18:45:00,27.579,,,,,
8397,07/02/21 19:00:00,27.579,,,,,
8398,07/02/21 19:15:00,27.505,,,,,
8399,07/02/21 19:30:00,27.407,,,,,
8400,07/02/21 19:45:00,27.333,,,,,
8401,07/02/21 20:00:00,27.382,,,,,
8402,07/02/21 20:15:00,27.308,,,,,
8403,07/02/21 20:30:00,27.235,,,,,
8404,07/02/21 20:45:00,27.186,,,,,
8405,07/02/21 21:00:00,27.112,,,,,
8406,07/02/21 21:15:00,27.087,,,,,
8407,07/02/21 21:30:00,27.014,,,,,
8408,07/02/21 21:45:00,26.940,,,,,
8409,07/02/21 22:00:00,26.916,,,,,
8410,07/02/21 22:15:00,26.965,,,,,
8411,07/02/21 22:30:00,27.063,,,,,
8412,07/02/21 22:45:00,27.063,,,,,
8413,07/02/21 23:00:00,27.063,,,,,
8414,07/02/21 23:15:00,27.063,,,,,
8415,07/02/21 23:30:00,27.063,,,,,
8416,07/02/21 23:45:00,27.063,,,,,
8417,07/03/21 00:00:00,27.136,,,,,
8418,07/03/21 00:15:00,27.186,,,,,
8419,07/03/21 00:30:00,27.308,,,,,
8420,07/03/21 00:45:00,27.112,,,,,
8421,07/03/21 01:00:00,27.358,,,,,
8422,07/03/21 01:15:00,27.431,,,,,
8423,07/03/21 01:30:00,27.702,,,,,
8424,07/03/21 01:45:00,27.727,,,,,
8425,07/03/21 02:00:00,27.801,,,,,
8426,07/03/21 02:15:00,27.850,,,,,
8427,07/03/21 02:30:00,27.924,,,,,
8428,07/03/21 02:45:00,27.949,,,,,
8429,07/03/21 03:00:00,27.949,,,,,
8430,07/03/21 03:15:00,27.974,,,,,
8431,07/03/21 03:30:00,27.974,,,,,
8432,07/03/21 03:45:00,27.974,,,,,
8433,07/03/21 04:00:00,27.899,,,,,
8434,07/03/21 04:15:00,27.949,,,,,
8435,07/03/21 04:30:00,28.023,,,,,
8436,07/03/21 04:45:00,27.875,,,,,
8437,07/03/21 05:00:00,27.875,,,,,
8438,07/03/21 05:15:00,27.825,,,,,
8439,07/03/21 05:30:00,27.825,,,,,
8440,07/03/21 05:45:00,27.776,,,,,
8441,07/03/21 06:00:00,27.801,,,,,
8442,07/03/21 06:15:00,27.677,,,,,
8443,07/03/21 06:30:00,27.677,,,,,
8444,07/03/21 06:45:00,27.677,,,,,
8445,07/03/21 07:00:00,27.702,,,,,
8446,07/03/21 07:15:00,27.677,,,,,
8447,07/03/21 07:30:00,27.554,,,,,
8448,07/03/21 07:45:00,27.456,,,,,
8449,07/03/21 08:00:00,27.358,,,,,
8450,07/03/21 08:15:00,27.358,,,,,
8451,07/03/21 08:30:00,27.284,,,,,
8452,07/03/21 08:45:00,27.259,,,,,
8453,07/03/21 09:00:00,27.235,,,,,
8454,07/03/21 09:15:00,27.284,,,,,
8455,07/03/21 09:30:00,27.358,,,,,
8456,07/03/21 09:45:00,27.481,,,,,
8457,07/03/21 10:00:00,27.431,,,,,
8458,07/03/21 10:15:00,27.604,,,,,
8459,07/03/21 10:30:00,27.579,,,,,
8460,07/03/21 10:45:00,27.677,,,,,
8461,07/03/21 11:00:00,27.604,,,,,
8462,07/03/21 11:15:00,27.481,,,,,
8463,07/03/21 11:30:00,27.505,,,,,
8464,07/03/21 11:45:00,27.604,,,,,
8465,07/03/21 12:00:00,28.072,,,,,
8466,07/03/21 12:15:00,28.221,,,,,
8467,07/03/21 12:30:00,28.270,,,,,
8468,07/03/21 12:45:00,28.270,,,,,
8469,07/03/21 13:00:00,28.270,,,,,
8470,07/03/21 13:15:00,28.270,,,,,
8471,07/03/21 13:30:00,28.270,,,,,
8472,07/03/21 13:45:00,28.270,,,,,
8473,07/03/21 14:00:00,28.270,,,,,
8474,07/03/21 14:15:00,28.270,,,,,
8475,07/03/21 14:30:00,28.221,,,,,
8476,07/03/21 14:45:00,28.221,,,,,
8477,07/03/21 15:00:00,28.221,,,,,
8478,07/03/21 15:15:00,28.221,,,,,
8479,07/03/21 15:30:00,28.221,,,,,
8480,07/03/21 15:45:00,28.221,,,,,
8481,07/03/21 16:00:00,28.221,,,,,
8482,07/03/21 16:15:00,28.221,,,,,
8483,07/03/21 16:30:00,28.270,,,,,
8484,07/03/21 16:45:00,28.245,,,,,
8485,07/03/21 17:00:00,28.245,,,,,
8486,07/03/21 17:15:00,28.270,,,,,
8487,07/03/21 17:30:00,28.270,,,,,
8488,07/03/21 17:45:00,28.270,,,,,
8489,07/03/21 18:00:00,28.270,,,,,
8490,07/03/21 18:15:00,28.270,,,,,
8491,07/03/21 18:30:00,28.270,,,,,
8492,07/03/21 18:45:00,28.270,,,,,
8493,07/03/21 19:00:00,28.270,,,,,
8494,07/03/21 19:15:00,28.221,,,,,
8495,07/03/21 19:30:00,28.221,,,,,
8496,07/03/21 19:45:00,28.270,,,,,
8497,07/03/21 20:00:00,28.270,,,,,
8498,07/03/21 20:15:00,28.270,,,,,
8499,07/03/21 20:30:00,28.245,,,,,
8500,07/03/21 20:45:00,28.147,,,,,
8501,07/03/21 21:00:00,27.974,,,,,
8502,07/03/21 21:15:00,27.924,,,,,
8503,07/03/21 21:30:00,27.998,,,,,
8504,07/03/21 21:45:00,28.122,,,,,
8505,07/03/21 22:00:00,28.147,,,,,
8506,07/03/21 22:15:00,28.171,,,,,
8507,07/03/21 22:30:00,28.245,,,,,
8508,07/03/21 22:45:00,28.295,,,,,
8509,07/03/21 23:00:00,28.320,,,,,
8510,07/03/21 23:15:00,28.295,,,,,
8511,07/03/21 23:30:00,28.295,,,,,
8512,07/03/21 23:45:00,28.295,,,,,
8513,07/04/21 00:00:00,28.295,,,,,
8514,07/04/21 00:15:00,28.295,,,,,
8515,07/04/21 00:30:00,28.270,,,,,
8516,07/04/21 00:45:00,28.245,,,,,
8517,07/04/21 01:00:00,28.245,,,,,
8518,07/04/21 01:15:00,28.221,,,,,
8519,07/04/21 01:30:00,28.196,,,,,
8520,07/04/21 01:45:00,28.196,,,,,
8521,07/04/21 02:00:00,28.171,,,,,
8522,07/04/21 02:15:00,28.171,,,,,
8523,07/04/21 02:30:00,28.171,,,,,
8524,07/04/21 02:45:00,28.196,,,,,
8525,07/04/21 03:00:00,28.196,,,,,
8526,07/04/21 03:15:00,28.196,,,,,
8527,07/04/21 03:30:00,28.221,,,,,
8528,07/04/21 03:45:00,28.196,,,,,
8529,07/04/21 04:00:00,28.171,,,,,
8530,07/04/21 04:15:00,28.171,,,,,
8531,07/04/21 04:30:00,28.171,,,,,
8532,07/04/21 04:45:00,28.171,,,,,
8533,07/04/21 05:00:00,28.171,,,,,
8534,07/04/21 05:15:00,28.171,,,,,
8535,07/04/21 05:30:00,28.171,,,,,
8536,07/04/21 05:45:00,28.171,,,,,
8537,07/04/21 06:00:00,28.196,,,,,
8538,07/04/21 06:15:00,28.171,,,,,
8539,07/04/21 06:30:00,28.196,,,,,
8540,07/04/21 06:45:00,28.221,,,,,
8541,07/04/21 07:00:00,28.196,,,,,
8542,07/04/21 07:15:00,28.196,,,,,
8543,07/04/21 07:30:00,28.196,,,,,
8544,07/04/21 07:45:00,28.196,,,,,
8545,07/04/21 08:00:00,28.196,,,,,
8546,07/04/21 08:15:00,28.196,,,,,
8547,07/04/21 08:30:00,28.196,,,,,
8548,07/04/21 08:45:00,28.221,,,,,
8549,07/04/21 09:00:00,28.221,,,,,
8550,07/04/21 09:15:00,28.221,,,,,
8551,07/04/21 09:30:00,28.221,,,,,
8552,07/04/21 09:45:00,28.221,,,,,
8553,07/04/21 10:00:00,28.221,,,,,
8554,07/04/21 10:15:00,28.221,,,,,
8555,07/04/21 10:30:00,28.221,,,,,
8556,07/04/21 10:45:00,28.221,,,,,
8557,07/04/21 11:00:00,28.221,,,,,
8558,07/04/21 11:15:00,28.221,,,,,
8559,07/04/21 11:30:00,28.221,,,,,
8560,07/04/21 11:45:00,28.221,,,,,
8561,07/04/21 12:00:00,28.221,,,,,
8562,07/04/21 12:15:00,28.221,,,,,
8563,07/04/21 12:30:00,28.221,,,,,
8564,07/04/21 12:45:00,28.245,,,,,
8565,07/04/21 13:00:00,28.221,,,,,
8566,07/04/21 13:15:00,28.196,,,,,
8567,07/04/21 13:30:00,28.171,,,,,
8568,07/04/21 13:45:00,28.196,,,,,
8569,07/04/21 14:00:00,28.171,,,,,
8570,07/04/21 14:15:00,28.147,,,,,
8571,07/04/21 14:30:00,28.147,,,,,
8572,07/04/21 14:45:00,28.171,,,,,
8573,07/04/21 15:00:00,28.147,,,,,
8574,07/04/21 15:15:00,27.974,,,,,
8575,07/04/21 15:30:00,27.899,,,,,
8576,07/04/21 15:45:00,27.899,,,,,
8577,07/04/21 16:00:00,27.924,,,,,
8578,07/04/21 16:15:00,27.949,,,,,
8579,07/04/21 16:30:00,27.431,,,,,
8580,07/04/21 16:45:00,27.284,,,,,
8581,07/04/21 17:00:00,27.284,,,,,
8582,07/04/21 17:15:00,27.284,,,,,
8583,07/04/21 17:30:00,27.259,,,,,
8584,07/04/21 17:45:00,27.284,,,,,
8585,07/04/21 18:00:00,27.235,,,,,
8586,07/04/21 18:15:00,27.161,,,,,
8587,07/04/21 18:30:00,27.112,,,,,
8588,07/04/21 18:45:00,27.136,,,,,
8589,07/04/21 19:00:00,27.038,,,,,
8590,07/04/21 19:15:00,27.014,,,,,
8591,07/04/21 19:30:00,27.014,,,,,
8592,07/04/21 19:45:00,27.038,,,,,
8593,07/04/21 20:00:00,27.161,,,,,
8594,07/04/21 20:15:00,27.186,,,,,
8595,07/04/21 20:30:00,27.235,,,,,
8596,07/04/21 20:45:00,27.235,,,,,
8597,07/04/21 21:00:00,27.259,,,,,
8598,07/04/21 21:15:00,27.333,,,,,
8599,07/04/21 21:30:00,27.333,,,,,
8600,07/04/21 21:45:00,27.677,,,,,
8601,07/04/21 22:00:00,27.899,,,,,
8602,07/04/21 22:15:00,27.776,,,,,
8603,07/04/21 22:30:00,27.850,,,,,
8604,07/04/21 22:45:00,27.801,,,,,
8605,07/04/21 23:00:00,27.875,,,,,
8606,07/04/21 23:15:00,27.924,,,,,
8607,07/04/21 23:30:00,27.924,,,,,
8608,07/04/21 23:45:00,27.974,,,,,
8609,07/05/21 00:00:00,27.825,,,,,
8610,07/05/21 00:15:00,27.801,,,,,
8611,07/05/21 00:30:00,27.751,,,,,
8612,07/05/21 00:45:00,27.751,,,,,
8613,07/05/21 01:00:00,27.751,,,,,
8614,07/05/21 01:15:00,27.628,,,,,
8615,07/05/21 01:30:00,27.702,,,,,
8616,07/05/21 01:45:00,27.751,,,,,
8617,07/05/21 02:00:00,27.727,,,,,
8618,07/05/21 02:15:00,27.751,,,,,
8619,07/05/21 02:30:00,27.801,,,,,
8620,07/05/21 02:45:00,27.825,,,,,
8621,07/05/21 03:00:00,27.825,,,,,
8622,07/05/21 03:15:00,27.850,,,,,
8623,07/05/21 03:30:00,28.048,,,,,
8624,07/05/21 03:45:00,28.097,,,,,
8625,07/05/21 04:00:00,28.122,,,,,
8626,07/05/21 04:15:00,28.122,,,,,
8627,07/05/21 04:30:00,28.147,,,,,
8628,07/05/21 04:45:00,28.147,,,,,
8629,07/05/21 05:00:00,28.171,,,,,
8630,07/05/21 05:15:00,28.171,,,,,
8631,07/05/21 05:30:00,28.196,,,,,
8632,07/05/21 05:45:00,28.196,,,,,
8633,07/05/21 06:00:00,28.196,,,,,
8634,07/05/21 06:15:00,28.221,,,,,
8635,07/05/21 06:30:00,28.221,,,,,
8636,07/05/21 06:45:00,28.221,,,,,
8637,07/05/21 07:00:00,28.221,,,,,
8638,07/05/21 07:15:00,28.221,,,,,
8639,07/05/21 07:30:00,28.221,,,,,
8640,07/05/21 07:45:00,28.245,,,,,
8641,07/05/21 08:00:00,28.221,,,,,
8642,07/05/21 08:15:00,28.221,,,,,
8643,07/05/21 08:30:00,28.171,,,,,
8644,07/05/21 08:45:00,28.122,,,,,
8645,07/05/21 09:00:00,28.196,,,,,
8646,07/05/21 09:15:00,28.122,,,,,
8647,07/05/21 09:30:00,28.171,,,,,
8648,07/05/21 09:45:00,28.171,,,,,
8649,07/05/21 10:00:00,28.171,,,,,
8650,07/05/21 10:15:00,28.221,,,,,
8651,07/05/21 10:30:00,28.245,,,,,
8652,07/05/21 10:45:00,28.245,,,,,
8653,07/05/21 11:00:00,28.245,,,,,
8654,07/05/21 11:15:00,28.245,,,,,
8655,07/05/21 11:30:00,28.245,,,,,
8656,07/05/21 11:45:00,28.245,,,,,
8657,07/05/21 12:00:00,28.245,,,,,
8658,07/05/21 12:15:00,28.270,,,,,
8659,07/05/21 12:30:00,28.320,,,,,
8660,07/05/21 12:45:00,28.345,,,,,
8661,07/05/21 13:00:00,28.394,,,,,
8662,07/05/21 13:15:00,28.394,,,,,
8663,07/05/21 13:30:00,28.419,,,,,
8664,07/05/21 13:45:00,28.444,,,,,
8665,07/05/21 14:00:00,28.468,,,,,
8666,07/05/21 14:15:00,28.518,,,,,
8667,07/05/21 14:30:00,28.543,,,,,
8668,07/05/21 14:45:00,28.568,,,,,
8669,07/05/21 15:00:00,28.568,,,,,
8670,07/05/21 15:15:00,28.568,,,,,
8671,07/05/21 15:30:00,28.617,,,,,
8672,07/05/21 15:45:00,28.593,,,,,
8673,07/05/21 16:00:00,28.617,,,,,
8674,07/05/21 16:15:00,28.617,,,,,
8675,07/05/21 16:30:00,28.518,,,,,
8676,07/05/21 16:45:00,28.468,,,,,
8677,07/05/21 17:00:00,28.221,,,,,
8678,07/05/21 17:15:00,28.369,,,,,
8679,07/05/21 17:30:00,27.998,,,,,
8680,07/05/21 17:45:00,27.949,,,,,
8681,07/05/21 18:00:00,27.949,,,,,
8682,07/05/21 18:15:00,28.072,,,,,
8683,07/05/21 18:30:00,28.345,,,,,
8684,07/05/21 18:45:00,28.345,,,,,
8685,07/05/21 19:00:00,27.974,,,,,
8686,07/05/21 19:15:00,27.825,,,,,
8687,07/05/21 19:30:00,27.727,,,,,
8688,07/05/21 19:45:00,27.677,,,,,
8689,07/05/21 20:00:00,27.677,,,,,
8690,07/05/21 20:15:00,27.850,,,,,
8691,07/05/21 20:30:00,27.850,,,,,
8692,07/05/21 20:45:00,27.850,,,,,
8693,07/05/21 21:00:00,27.604,,,,,
8694,07/05/21 21:15:00,27.456,,,,,
8695,07/05/21 21:30:00,27.456,,,,,
8696,07/05/21 21:45:00,27.431,,,,,
8697,07/05/21 22:00:00,27.875,,,,,
8698,07/05/21 22:15:00,28.369,,,,,
8699,07/05/21 22:30:00,28.394,,,,,
8700,07/05/21 22:45:00,28.394,,,,,
8701,07/05/21 23:00:00,28.419,,,,,
8702,07/05/21 23:15:00,28.394,,,,,
8703,07/05/21 23:30:00,28.394,,,,,
8704,07/05/21 23:45:00,28.419,,,,,
8705,07/06/21 00:00:00,28.419,,,,,
8706,07/06/21 00:15:00,28.419,,,,,
8707,07/06/21 00:30:00,28.419,,,,,
8708,07/06/21 00:45:00,28.419,,,,,
8709,07/06/21 01:00:00,28.419,,,,,
8710,07/06/21 01:15:00,28.419,,,,,
8711,07/06/21 01:30:00,28.419,,,,,
8712,07/06/21 01:45:00,28.444,,,,,
8713,07/06/21 02:00:00,28.320,,,,,
8714,07/06/21 02:15:00,28.345,,,,,
8715,07/06/21 02:30:00,28.320,,,,,
8716,07/06/21 02:45:00,28.295,,,,,
8717,07/06/21 03:00:00,28.295,,,,,
8718,07/06/21 03:15:00,28.245,,,,,
8719,07/06/21 03:30:00,28.270,,,,,
8720,07/06/21 03:45:00,28.295,,,,,
8721,07/06/21 04:00:00,28.295,,,,,
8722,07/06/21 04:15:00,28.295,,,,,
8723,07/06/21 04:30:00,28.320,,,,,
8724,07/06/21 04:45:00,28.320,,,,,
8725,07/06/21 05:00:00,28.320,,,,,
8726,07/06/21 05:15:00,28.320,,,,,
8727,07/06/21 05:30:00,28.320,,,,,
8728,07/06/21 05:45:00,28.320,,,,,
8729,07/06/21 06:00:00,28.320,,,,,
8730,07/06/21 06:15:00,28.345,,,,,
8731,07/06/21 06:30:00,28.345,,,,,
8732,07/06/21 06:45:00,28.295,,,,,
8733,07/06/21 07:00:00,28.295,,,,,
8734,07/06/21 07:15:00,28.320,,,,,
8735,07/06/21 07:30:00,28.320,,,,,
8736,07/06/21 07:45:00,28.320,,,,,
8737,07/06/21 08:00:00,28.295,,,,,
8738,07/06/21 08:15:00,28.270,,,,,
8739,07/06/21 08:30:00,28.270,,,,,
8740,07/06/21 08:45:00,28.270,,,,,
8741,07/06/21 09:00:00,28.270,,,,,
8742,07/06/21 09:15:00,28.270,,,,,
8743,07/06/21 09:30:00,28.270,,,,,
8744,07/06/21 09:45:00,28.295,,,,,
8745,07/06/21 10:00:00,28.270,,,,,
8746,07/06/21 10:15:00,28.320,,,,,
8747,07/06/21 10:30:00,28.320,,,,,
8748,07/06/21 10:45:00,28.320,,,,,
8749,07/06/21 11:00:00,28.369,,,,,
8750,07/06/21 11:15:00,28.419,,,,,
8751,07/06/21 11:30:00,28.444,,,,,
8752,07/06/21 11:45:00,28.419,,,,,
8753,07/06/21 12:00:00,28.419,,,,,
8754,07/06/21 12:15:00,28.419,,,,,
8755,07/06/21 12:30:00,28.419,,,,,
8756,07/06/21 12:45:00,28.444,,,,,
8757,07/06/21 13:00:00,28.444,,,,,
8758,07/06/21 13:15:00,28.444,,,,,
8759,07/06/21 13:30:00,28.419,,,,,
8760,07/06/21 13:45:00,28.444,,,,,
8761,07/06/21 14:00:00,28.419,,,,,
8762,07/06/21 14:15:00,28.444,,,,,
8763,07/06/21 14:30:00,28.444,,,,,
8764,07/06/21 14:45:00,28.444,,,,,
8765,07/06/21 15:00:00,28.444,,,,,
8766,07/06/21 15:15:00,28.444,,,,,
8767,07/06/21 15:30:00,28.444,,,,,
8768,07/06/21 15:45:00,28.419,,,,,
8769,07/06/21 16:00:00,28.394,,,,,
8770,07/06/21 16:15:00,28.394,,,,,
8771,07/06/21 16:30:00,28.394,,,,,
8772,07/06/21 16:45:00,28.394,,,,,
8773,07/06/21 17:00:00,28.394,,,,,
8774,07/06/21 17:15:00,28.369,,,,,
8775,07/06/21 17:30:00,28.369,,,,,
8776,07/06/21 17:45:00,28.369,,,,,
8777,07/06/21 18:00:00,28.345,,,,,
8778,07/06/21 18:15:00,28.345,,,,,
8779,07/06/21 18:30:00,28.345,,,,,
8780,07/06/21 18:45:00,28.345,,,,,
8781,07/06/21 19:00:00,28.245,,,,,
8782,07/06/21 19:15:00,28.221,,,,,
8783,07/06/21 19:30:00,28.245,,,,,
8784,07/06/21 19:45:00,28.245,,,,,
8785,07/06/21 20:00:00,28.221,,,,,
8786,07/06/21 20:15:00,28.196,,,,,
8787,07/06/21 20:30:00,28.171,,,,,
8788,07/06/21 20:45:00,28.171,,,,,
8789,07/06/21 21:00:00,28.196,,,,,
8790,07/06/21 21:15:00,28.196,,,,,
8791,07/06/21 21:30:00,28.221,,,,,
8792,07/06/21 21:45:00,28.221,,,,,
8793,07/06/21 22:00:00,28.221,,,,,
8794,07/06/21 22:15:00,28.221,,,,,
8795,07/06/21 22:30:00,28.221,,,,,
8796,07/06/21 22:45:00,28.221,,,,,
8797,07/06/21 23:00:00,28.221,,,,,
8798,07/06/21 23:15:00,28.147,,,,,
8799,07/06/21 23:30:00,28.048,,,,,
8800,07/06/21 23:45:00,28.097,,,,,
8801,07/07/21 00:00:00,28.122,,,,,
8802,07/07/21 00:15:00,28.023,,,,,
8803,07/07/21 00:30:00,28.023,,,,,
8804,07/07/21 00:45:00,27.949,,,,,
8805,07/07/21 01:00:00,27.949,,,,,
8806,07/07/21 01:15:00,27.924,,,,,
8807,07/07/21 01:30:00,27.924,,,,,
8808,07/07/21 01:45:00,27.899,,,,,
8809,07/07/21 02:00:00,27.924,,,,,
8810,07/07/21 02:15:00,27.924,,,,,
8811,07/07/21 02:30:00,27.949,,,,,
8812,07/07/21 02:45:00,27.974,,,,,
8813,07/07/21 03:00:00,27.998,,,,,
8814,07/07/21 03:15:00,28.023,,,,,
8815,07/07/21 03:30:00,28.023,,,,,
8816,07/07/21 03:45:00,28.048,,,,,
8817,07/07/21 04:00:00,28.072,,,,,
8818,07/07/21 04:15:00,28.072,,,,,
8819,07/07/21 04:30:00,28.072,,,,,
8820,07/07/21 04:45:00,28.097,,,,,
8821,07/07/21 05:00:00,28.097,,,,,
8822,07/07/21 05:15:00,28.122,,,,,
8823,07/07/21 05:30:00,28.122,,,,,
8824,07/07/21 05:45:00,28.147,,,,,
8825,07/07/21 06:00:00,28.171,,,,,
8826,07/07/21 06:15:00,28.171,,,,,
8827,07/07/21 06:30:00,28.147,,,,,
8828,07/07/21 06:45:00,28.147,,,,,
8829,07/07/21 07:00:00,28.196,,,,,
8830,07/07/21 07:15:00,28.196,,,,,
8831,07/07/21 07:30:00,28.196,,,,,
8832,07/07/21 07:45:00,28.196,,,,,
8833,07/07/21 08:00:00,28.196,,,,,
8834,07/07/21 08:15:00,28.196,,,,,
8835,07/07/21 08:30:00,28.221,,,,,
8836,07/07/21 08:45:00,28.221,,,,,
8837,07/07/21 09:00:00,28.221,,,,,
8838,07/07/21 09:15:00,28.221,,,,,
8839,07/07/21 09:30:00,28.221,,,,,
8840,07/07/21 09:45:00,28.221,,,,,
8841,07/07/21 10:00:00,28.245,,,,,
8842,07/07/21 10:15:00,28.245,,,,,
8843,07/07/21 10:30:00,28.245,,,,,
8844,07/07/21 10:45:00,28.245,,,,,
8845,07/07/21 11:00:00,28.245,,,,,
8846,07/07/21 11:15:00,28.245,,,,,
8847,07/07/21 11:30:00,28.245,,,,,
8848,07/07/21 11:45:00,28.270,,,,,
8849,07/07/21 12:00:00,28.270,,,,,
8850,07/07/21 12:15:00,28.270,,,,,
8851,07/07/21 12:30:00,28.270,,,,,
8852,07/07/21 12:45:00,28.270,,,,,
8853,07/07/21 13:00:00,28.270,,,,,
8854,07/07/21 13:15:00,28.270,,,,,
8855,07/07/21 13:30:00,28.270,,,,,
8856,07/07/21 13:45:00,28.270,,,,,
8857,07/07/21 14:00:00,28.270,,,,,
8858,07/07/21 14:15:00,28.270,,,,,
8859,07/07/21 14:30:00,28.270,,,,,
8860,07/07/21 14:45:00,28.270,,,,,
8861,07/07/21 15:00:00,28.270,,,,,
8862,07/07/21 15:15:00,28.270,,,,,
8863,07/07/21 15:30:00,28.270,,,,,
8864,07/07/21 15:45:00,28.270,,,,,
8865,07/07/21 16:00:00,28.295,,,,,
8866,07/07/21 16:15:00,28.270,,,,,
8867,07/07/21 16:30:00,28.270,,,,,
8868,07/07/21 16:45:00,28.270,,,,,
8869,07/07/21 17:00:00,28.270,,,,,
8870,07/07/21 17:15:00,28.270,,,,,
8871,07/07/21 17:30:00,28.270,,,,,
8872,07/07/21 17:45:00,28.221,,,,,
8873,07/07/21 18:00:00,28.270,,,,,
8874,07/07/21 18:15:00,28.270,,,,,
8875,07/07/21 18:30:00,28.270,,,,,
8876,07/07/21 18:45:00,28.245,,,,,
8877,07/07/21 19:00:00,28.245,,,,,
8878,07/07/21 19:15:00,28.270,,,,,
8879,07/07/21 19:30:00,28.270,,,,,
8880,07/07/21 19:45:00,28.270,,,,,
8881,07/07/21 20:00:00,28.270,,,,,
8882,07/07/21 20:15:00,28.270,,,,,
8883,07/07/21 20:30:00,28.270,,,,,
8884,07/07/21 20:45:00,28.270,,,,,
8885,07/07/21 21:00:00,28.270,,,,,
8886,07/07/21 21:15:00,28.270,,,,,
8887,07/07/21 21:30:00,28.270,,,,,
8888,07/07/21 21:45:00,28.270,,,,,
8889,07/07/21 22:00:00,28.270,,,,,
8890,07/07/21 22:15:00,28.270,,,,,
8891,07/07/21 22:30:00,28.270,,,,,
8892,07/07/21 22:45:00,28.270,,,,,
8893,07/07/21 23:00:00,28.270,,,,,
8894,07/07/21 23:15:00,28.270,,,,,
8895,07/07/21 23:30:00,28.270,,,,,
8896,07/07/21 23:45:00,28.270,,,,,
8897,07/08/21 00:00:00,28.270,,,,,
8898,07/08/21 00:15:00,28.270,,,,,
8899,07/08/21 00:30:00,28.270,,,,,
8900,07/08/21 00:45:00,28.270,,,,,
8901,07/08/21 01:00:00,28.270,,,,,
8902,07/08/21 01:15:00,28.270,,,,,
8903,07/08/21 01:30:00,28.245,,,,,
8904,07/08/21 01:45:00,28.245,,,,,
8905,07/08/21 02:00:00,28.245,,,,,
8906,07/08/21 02:15:00,28.245,,,,,
8907,07/08/21 02:30:00,28.245,,,,,
8908,07/08/21 02:45:00,28.221,,,,,
8909,07/08/21 03:00:00,28.245,,,,,
8910,07/08/21 03:15:00,28.245,,,,,
8911,07/08/21 03:30:00,28.221,,,,,
8912,07/08/21 03:45:00,28.245,,,,,
8913,07/08/21 04:00:00,28.245,,,,,
8914,07/08/21 04:15:00,28.245,,,,,
8915,07/08/21 04:30:00,28.221,,,,,
8916,07/08/21 04:45:00,28.221,,,,,
8917,07/08/21 05:00:00,28.221,,,,,
8918,07/08/21 05:15:00,28.196,,,,,
8919,07/08/21 05:30:00,28.196,,,,,
8920,07/08/21 05:45:00,28.196,,,,,
8921,07/08/21 06:00:00,28.196,,,,,
8922,07/08/21 06:15:00,28.196,,,,,
8923,07/08/21 06:30:00,28.196,,,,,
8924,07/08/21 06:45:00,28.221,,,,,
8925,07/08/21 07:00:00,28.221,,,,,
8926,07/08/21 07:15:00,28.221,,,,,
8927,07/08/21 07:30:00,28.221,,,,,
8928,07/08/21 07:45:00,28.221,,,,,
8929,07/08/21 08:00:00,28.221,,,,,
8930,07/08/21 08:15:00,28.245,,,,,
8931,07/08/21 08:30:00,28.221,,,,,
8932,07/08/21 08:45:00,28.221,,,,,
8933,07/08/21 09:00:00,28.221,,,,,
8934,07/08/21 09:15:00,28.221,,,,,
8935,07/08/21 09:30:00,28.245,,,,,
8936,07/08/21 09:45:00,28.245,,,,,
8937,07/08/21 10:00:00,28.221,,,,,
8938,07/08/21 10:15:00,28.196,,,,,
8939,07/08/21 10:30:00,28.171,,,,,
8940,07/08/21 10:45:00,28.097,,,,,
8941,07/08/21 11:00:00,28.097,,,,,
8942,07/08/21 11:15:00,28.048,,,,,
8943,07/08/21 11:30:00,28.097,,,,,
8944,07/08/21 11:45:00,28.171,,,,,
8945,07/08/21 12:00:00,28.221,,,,,
8946,07/08/21 12:15:00,28.270,,,,,
8947,07/08/21 12:30:00,28.295,,,,,
8948,07/08/21 12:45:00,28.295,,,,,
8949,07/08/21 13:00:00,28.245,,,,,
8950,07/08/21 13:15:00,28.270,,,,,
8951,07/08/21 13:30:00,28.270,,,,,
8952,07/08/21 13:45:00,28.295,,,,,
8953,07/08/21 14:00:00,28.295,,,,,
8954,07/08/21 14:15:00,28.320,,,,,
8955,07/08/21 14:30:00,28.345,,,,,
8956,07/08/21 14:45:00,28.320,,,,,
8957,07/08/21 15:00:00,28.320,,,,,
8958,07/08/21 15:15:00,28.320,,,,,
8959,07/08/21 15:30:00,28.345,,,,,
8960,07/08/21 15:45:00,28.320,,,,,
8961,07/08/21 16:00:00,28.320,,,,,
8962,07/08/21 16:15:00,28.320,,,,,
8963,07/08/21 16:30:00,28.320,,,,,
8964,07/08/21 16:45:00,28.320,,,,,
8965,07/08/21 17:00:00,28.320,,,,,
8966,07/08/21 17:15:00,28.320,,,,,
8967,07/08/21 17:30:00,28.295,,,,,
8968,07/08/21 17:45:00,28.295,,,,,
8969,07/08/21 18:00:00,28.270,,,,,
8970,07/08/21 18:15:00,28.270,,,,,
8971,07/08/21 18:30:00,28.221,,,,,
8972,07/08/21 18:45:00,28.171,,,,,
8973,07/08/21 19:00:00,28.171,,,,,
8974,07/08/21 19:15:00,28.147,,,,,
8975,07/08/21 19:30:00,28.171,,,,,
8976,07/08/21 19:45:00,28.147,,,,,
8977,07/08/21 20:00:00,28.122,,,,,
8978,07/08/21 20:15:00,28.122,,,,,
8979,07/08/21 20:30:00,28.122,,,,,
8980,07/08/21 20:45:00,28.171,,,,,
8981,07/08/21 21:00:00,28.122,,,,,
8982,07/08/21 21:15:00,28.147,,,,,
8983,07/08/21 21:30:00,28.122,,,,,
8984,07/08/21 21:45:00,28.097,,,,,
8985,07/08/21 22:00:00,28.072,,,,,
8986,07/08/21 22:15:00,28.072,,,,,
8987,07/08/21 22:30:00,28.072,,,,,
8988,07/08/21 22:45:00,28.097,,,,,
8989,07/08/21 23:00:00,28.097,,,,,
8990,07/08/21 23:15:00,28.072,,,,,
8991,07/08/21 23:30:00,28.072,,,,,
8992,07/08/21 23:45:00,28.072,,,,,
8993,07/09/21 00:00:00,28.072,,,,,
8994,07/09/21 00:15:00,28.097,,,,,
8995,07/09/21 00:30:00,28.097,,,,,
8996,07/09/21 00:45:00,28.072,,,,,
8997,07/09/21 01:00:00,28.097,,,,,
8998,07/09/21 01:15:00,28.122,,,,,
8999,07/09/21 01:30:00,28.122,,,,,
9000,07/09/21 01:45:00,28.097,,,,,
9001,07/09/21 02:00:00,28.122,,,,,
9002,07/09/21 02:15:00,28.147,,,,,
9003,07/09/21 02:30:00,28.171,,,,,
9004,07/09/21 02:45:00,28.196,,,,,
9005,07/09/21 03:00:00,28.245,,,,,
9006,07/09/21 03:15:00,28.270,,,,,
9007,07/09/21 03:30:00,28.270,,,,,
9008,07/09/21 03:45:00,28.270,,,,,
9009,07/09/21 04:00:00,28.270,,,,,
9010,07/09/21 04:15:00,28.270,,,,,
9011,07/09/21 04:30:00,28.270,,,,,
9012,07/09/21 04:45:00,28.270,,,,,
9013,07/09/21 05:00:00,28.270,,,,,
9014,07/09/21 05:15:00,28.270,,,,,
9015,07/09/21 05:30:00,28.295,,,,,
9016,07/09/21 05:45:00,28.295,,,,,
9017,07/09/21 06:00:00,28.295,,,,,
9018,07/09/21 06:15:00,28.270,,,,,
9019,07/09/21 06:30:00,28.245,,,,,
9020,07/09/21 06:45:00,28.245,,,,,
9021,07/09/21 07:00:00,28.270,,,,,
9022,07/09/21 07:15:00,28.270,,,,,
9023,07/09/21 07:30:00,28.270,,,,,
9024,07/09/21 07:45:00,28.245,,,,,
9025,07/09/21 08:00:00,28.221,,,,,
9026,07/09/21 08:15:00,28.196,,,,,
9027,07/09/21 08:30:00,28.171,,,,,
9028,07/09/21 08:45:00,28.171,,,,,
9029,07/09/21 09:00:00,28.196,,,,,
9030,07/09/21 09:15:00,28.221,,,,,
9031,07/09/21 09:30:00,28.221,,,,,
9032,07/09/21 09:45:00,28.221,,,,,
9033,07/09/21 10:00:00,28.221,,,,,
9034,07/09/21 10:15:00,28.221,,,,,
9035,07/09/21 10:30:00,28.122,,,,,
9036,07/09/21 10:45:00,28.122,,,,,
9037,07/09/21 11:00:00,28.122,,,,,
9038,07/09/21 11:15:00,28.147,,,,,
9039,07/09/21 11:30:00,28.171,,,,,
9040,07/09/21 11:45:00,28.171,,,,,
9041,07/09/21 12:00:00,28.171,,,,,
9042,07/09/21 12:15:00,28.196,,,,,
9043,07/09/21 12:30:00,28.221,,,,,
9044,07/09/21 12:45:00,28.221,,,,,
9045,07/09/21 13:00:00,28.221,,,,,
9046,07/09/21 13:15:00,28.245,,,,,
9047,07/09/21 13:30:00,28.245,,,,,
9048,07/09/21 13:45:00,28.221,,,,,
9049,07/09/21 14:00:00,28.245,,,,,
9050,07/09/21 14:15:00,28.245,,,,,
9051,07/09/21 14:30:00,28.245,,,,,
9052,07/09/21 14:45:00,28.245,,,,,
9053,07/09/21 15:00:00,28.245,,,,,
9054,07/09/21 15:15:00,28.245,,,,,
9055,07/09/21 15:30:00,28.245,,,,,
9056,07/09/21 15:45:00,28.245,,,,,
9057,07/09/21 16:00:00,28.245,,,,,
9058,07/09/21 16:15:00,28.245,,,,,
9059,07/09/21 16:30:00,28.245,,,,,
9060,07/09/21 16:45:00,28.245,,,,,
9061,07/09/21 17:00:00,28.245,,,,,
9062,07/09/21 17:15:00,28.245,,,,,
9063,07/09/21 17:30:00,28.221,,,,,
9064,07/09/21 17:45:00,28.245,,,,,
9065,07/09/21 18:00:00,28.196,,,,,
9066,07/09/21 18:15:00,28.221,,,,,
9067,07/09/21 18:30:00,28.196,,,,,
9068,07/09/21 18:45:00,28.196,,,,,
9069,07/09/21 19:00:00,28.221,,,,,
9070,07/09/21 19:15:00,28.221,,,,,
9071,07/09/21 19:30:00,28.221,,,,,
9072,07/09/21 19:45:00,28.221,,,,,
9073,07/09/21 20:00:00,28.196,,,,,
9074,07/09/21 20:15:00,28.147,,,,,
9075,07/09/21 20:30:00,28.196,,,,,
9076,07/09/21 20:45:00,28.196,,,,,
9077,07/09/21 21:00:00,28.196,,,,,
9078,07/09/21 21:15:00,28.122,,,,,
9079,07/09/21 21:30:00,28.023,,,,,
9080,07/09/21 21:45:00,28.048,,,,,
9081,07/09/21 22:00:00,28.122,,,,,
9082,07/09/21 22:15:00,28.147,,,,,
9083,07/09/21 22:30:00,28.072,,,,,
9084,07/09/21 22:45:00,28.023,,,,,
9085,07/09/21 23:00:00,27.974,,,,,
9086,07/09/21 23:15:00,27.949,,,,,
9087,07/09/21 23:30:00,27.974,,,,,
9088,07/09/21 23:45:00,28.072,,,,,
9089,07/10/21 00:00:00,28.048,,,,,
9090,07/10/21 00:15:00,28.048,,,,,
9091,07/10/21 00:30:00,28.097,,,,,
9092,07/10/21 00:45:00,28.072,,,,,
9093,07/10/21 01:00:00,28.048,,,,,
9094,07/10/21 01:15:00,28.097,,,,,
9095,07/10/21 01:30:00,28.097,,,,,
9096,07/10/21 01:45:00,28.147,,,,,
9097,07/10/21 02:00:00,28.147,,,,,
9098,07/10/21 02:15:00,28.171,,,,,
9099,07/10/21 02:30:00,28.196,,,,,
9100,07/10/21 02:45:00,28.196,,,,,
9101,07/10/21 03:00:00,28.196,,,,,
9102,07/10/21 03:15:00,28.171,,,,,
9103,07/10/21 03:30:00,28.196,,,,,
9104,07/10/21 03:45:00,28.122,,,,,
9105,07/10/21 04:00:00,28.196,,,,,
9106,07/10/21 04:15:00,28.122,,,,,
9107,07/10/21 04:30:00,28.147,,,,,
9108,07/10/21 04:45:00,28.171,,,,,
9109,07/10/21 05:00:00,28.171,,,,,
9110,07/10/21 05:15:00,28.171,,,,,
9111,07/10/21 05:30:00,28.196,,,,,
9112,07/10/21 05:45:00,28.196,,,,,
9113,07/10/21 06:00:00,28.221,,,,,
9114,07/10/21 06:15:00,28.221,,,,,
9115,07/10/21 06:30:00,28.196,,,,,
9116,07/10/21 06:45:00,28.147,,,,,
9117,07/10/21 07:00:00,28.171,,,,,
9118,07/10/21 07:15:00,28.122,,,,,
9119,07/10/21 07:30:00,28.196,,,,,
9120,07/10/21 07:45:00,28.196,,,,,
9121,07/10/21 08:00:00,28.122,,,,,
9122,07/10/21 08:15:00,28.171,,,,,
9123,07/10/21 08:30:00,28.147,,,,,
9124,07/10/21 08:45:00,28.171,,,,,
9125,07/10/21 09:00:00,28.171,,,,,
9126,07/10/21 09:15:00,28.221,,,,,
9127,07/10/21 09:30:00,28.221,,,,,
9128,07/10/21 09:45:00,28.196,,,,,
9129,07/10/21 10:00:00,28.196,,,,,
9130,07/10/21 10:15:00,28.196,,,,,
9131,07/10/21 10:30:00,28.196,,,,,
9132,07/10/21 10:45:00,28.171,,,,,
9133,07/10/21 11:00:00,28.171,,,,,
9134,07/10/21 11:15:00,28.171,,,,,
9135,07/10/21 11:30:00,28.196,,,,,
9136,07/10/21 11:45:00,28.196,,,,,
9137,07/10/21 12:00:00,28.196,,,,,
9138,07/10/21 12:15:00,28.196,,,,,
9139,07/10/21 12:30:00,28.196,,,,,
9140,07/10/21 12:45:00,28.196,,,,,
9141,07/10/21 13:00:00,28.196,,,,,
9142,07/10/21 13:15:00,28.171,,,,,
9143,07/10/21 13:30:00,28.196,,,,,
9144,07/10/21 13:45:00,28.196,,,,,
9145,07/10/21 14:00:00,28.196,,,,,
9146,07/10/21 14:15:00,28.221,,,,,
9147,07/10/21 14:30:00,28.221,,,,,
9148,07/10/21 14:45:00,28.221,,,,,
9149,07/10/21 15:00:00,28.245,,,,,
9150,07/10/21 15:15:00,28.245,,,,,
9151,07/10/21 15:30:00,28.245,,,,,
9152,07/10/21 15:45:00,28.245,,,,,
9153,07/10/21 16:00:00,28.196,,,,,
9154,07/10/21 16:15:00,28.171,,,,,
9155,07/10/21 16:30:00,28.171,,,,,
9156,07/10/21 16:45:00,28.196,,,,,
9157,07/10/21 17:00:00,28.147,,,,,
9158,07/10/21 17:15:00,28.171,,,,,
9159,07/10/21 17:30:00,28.171,,,,,
9160,07/10/21 17:45:00,28.097,,,,,
9161,07/10/21 18:00:00,28.097,,,,,
9162,07/10/21 18:15:00,28.072,,,,,
9163,07/10/21 18:30:00,28.048,,,,,
9164,07/10/21 18:45:00,28.023,,,,,
9165,07/10/21 19:00:00,28.048,,,,,
9166,07/10/21 19:15:00,28.097,,,,,
9167,07/10/21 19:30:00,28.122,,,,,
9168,07/10/21 19:45:00,28.171,,,,,
9169,07/10/21 20:00:00,28.147,,,,,
9170,07/10/21 20:15:00,28.196,,,,,
9171,07/10/21 20:30:00,28.196,,,,,
9172,07/10/21 20:45:00,28.171,,,,,
9173,07/10/21 21:00:00,28.147,,,,,
9174,07/10/21 21:15:00,28.196,,,,,
9175,07/10/21 21:30:00,28.171,,,,,
9176,07/10/21 21:45:00,28.171,,,,,
9177,07/10/21 22:00:00,28.122,,,,,
9178,07/10/21 22:15:00,28.122,,,,,
9179,07/10/21 22:30:00,28.171,,,,,
9180,07/10/21 22:45:00,28.196,,,,,
9181,07/10/21 23:00:00,28.196,,,,,
9182,07/10/21 23:15:00,28.196,,,,,
9183,07/10/21 23:30:00,28.171,,,,,
9184,07/10/21 23:45:00,28.122,,,,,
9185,07/11/21 00:00:00,28.221,,,,,
9186,07/11/21 00:15:00,28.221,,,,,
9187,07/11/21 00:30:00,28.196,,,,,
9188,07/11/21 00:45:00,28.221,,,,,
9189,07/11/21 01:00:00,28.270,,,,,
9190,07/11/21 01:15:00,28.295,,,,,
9191,07/11/21 01:30:00,28.295,,,,,
9192,07/11/21 01:45:00,28.295,,,,,
9193,07/11/21 02:00:00,28.295,,,,,
9194,07/11/21 02:15:00,28.295,,,,,
9195,07/11/21 02:30:00,28.295,,,,,
9196,07/11/21 02:45:00,28.295,,,,,
9197,07/11/21 03:00:00,28.320,,,,,
9198,07/11/21 03:15:00,28.320,,,,,
9199,07/11/21 03:30:00,28.320,,,,,
9200,07/11/21 03:45:00,28.320,,,,,
9201,07/11/21 04:00:00,28.320,,,,,
9202,07/11/21 04:15:00,28.320,,,,,
9203,07/11/21 04:30:00,28.245,,,,,
9204,07/11/21 04:45:00,28.196,,,,,
9205,07/11/21 05:00:00,28.196,,,,,
9206,07/11/21 05:15:00,28.245,,,,,
9207,07/11/21 05:30:00,28.270,,,,,
9208,07/11/21 05:45:00,28.295,,,,,
9209,07/11/21 06:00:00,28.295,,,,,
9210,07/11/21 06:15:00,28.295,,,,,
9211,07/11/21 06:30:00,28.295,,,,,
9212,07/11/21 06:45:00,28.295,,,,,
9213,07/11/21 07:00:00,28.295,,,,,
9214,07/11/21 07:15:00,28.270,,,,,
9215,07/11/21 07:30:00,28.270,,,,,
9216,07/11/21 07:45:00,28.245,,,,,
9217,07/11/21 08:00:00,28.097,,,,,
9218,07/11/21 08:15:00,28.122,,,,,
9219,07/11/21 08:30:00,28.122,,,,,
9220,07/11/21 08:45:00,28.122,,,,,
9221,07/11/21 09:00:00,28.147,,,,,
9222,07/11/21 09:15:00,28.147,,,,,
9223,07/11/21 09:30:00,28.122,,,,,
9224,07/11/21 09:45:00,28.147,,,,,
9225,07/11/21 10:00:00,28.196,,,,,
9226,07/11/21 10:15:00,28.196,,,,,
9227,07/11/21 10:30:00,28.196,,,,,
9228,07/11/21 10:45:00,28.196,,,,,
9229,07/11/21 11:00:00,28.196,,,,,
9230,07/11/21 11:15:00,28.221,,,,,
9231,07/11/21 11:30:00,28.196,,,,,
9232,07/11/21 11:45:00,28.221,,,,,
9233,07/11/21 12:00:00,28.221,,,,,
9234,07/11/21 12:15:00,28.221,,,,,
9235,07/11/21 12:30:00,28.221,,,,,
9236,07/11/21 12:45:00,28.196,,,,,
9237,07/11/21 13:00:00,28.171,,,,,
9238,07/11/21 13:15:00,28.171,,,,,
9239,07/11/21 13:30:00,28.196,,,,,
9240,07/11/21 13:45:00,28.196,,,,,
9241,07/11/21 14:00:00,28.196,,,,,
9242,07/11/21 14:15:00,28.221,,,,,
9243,07/11/21 14:30:00,28.245,,,,,
9244,07/11/21 14:45:00,28.221,,,,,
9245,07/11/21 15:00:00,28.221,,,,,
9246,07/11/21 15:15:00,28.245,,,,,
9247,07/11/21 15:30:00,28.245,,,,,
9248,07/11/21 15:45:00,28.245,,,,,
9249,07/11/21 16:00:00,28.245,,,,,
9250,07/11/21 16:15:00,28.245,,,,,
9251,07/11/21 16:30:00,28.221,,,,,
9252,07/11/21 16:45:00,28.245,,,,,
9253,07/11/21 17:00:00,28.245,,,,,
9254,07/11/21 17:15:00,28.245,,,,,
9255,07/11/21 17:30:00,28.245,,,,,
9256,07/11/21 17:45:00,28.221,,,,,
9257,07/11/21 18:00:00,28.221,,,,,
9258,07/11/21 18:15:00,28.245,,,,,
9259,07/11/21 18:30:00,28.245,,,,,
9260,07/11/21 18:45:00,28.245,,,,,
9261,07/11/21 19:00:00,28.245,,,,,
9262,07/11/21 19:15:00,28.245,,,,,
9263,07/11/21 19:30:00,28.245,,,,,
9264,07/11/21 19:45:00,28.245,,,,,
9265,07/11/21 20:00:00,28.221,,,,,
9266,07/11/21 20:15:00,28.221,,,,,
9267,07/11/21 20:30:00,28.221,,,,,
9268,07/11/21 20:45:00,28.221,,,,,
9269,07/11/21 21:00:00,27.751,,,,,
9270,07/11/21 21:15:00,27.850,,,,,
9271,07/11/21 21:30:00,28.048,,,,,
9272,07/11/21 21:45:00,28.023,,,,,
9273,07/11/21 22:00:00,28.122,,,,,
9274,07/11/21 22:15:00,28.097,,,,,
9275,07/11/21 22:30:00,27.628,,,,,
9276,07/11/21 22:45:00,27.407,,,,,
9277,07/11/21 23:00:00,27.235,,,,,
9278,07/11/21 23:15:00,27.259,,,,,
9279,07/11/21 23:30:00,27.333,,,,,
9280,07/11/21 23:45:00,27.259,,,,,
9281,07/12/21 00:00:00,27.333,,,,,
9282,07/12/21 00:15:00,27.284,,,,,
9283,07/12/21 00:30:00,27.308,,,,,
9284,07/12/21 00:45:00,27.259,,,,,
9285,07/12/21 01:00:00,27.259,,,,,
9286,07/12/21 01:15:00,27.284,,,,,
9287,07/12/21 01:30:00,27.333,,,,,
9288,07/12/21 01:45:00,27.530,,,,,
9289,07/12/21 02:00:00,27.677,,,,,
9290,07/12/21 02:15:00,27.456,,,,,
9291,07/12/21 02:30:00,27.431,,,,,
9292,07/12/21 02:45:00,27.554,,,,,
9293,07/12/21 03:00:00,27.530,,,,,
9294,07/12/21 03:15:00,27.530,,,,,
9295,07/12/21 03:30:00,27.530,,,,,
9296,07/12/21 03:45:00,27.727,,,,,
9297,07/12/21 04:00:00,27.801,,,,,
9298,07/12/21 04:15:00,27.899,,,,,
9299,07/12/21 04:30:00,27.974,,,,,
9300,07/12/21 04:45:00,27.801,,,,,
9301,07/12/21 05:00:00,27.998,,,,,
9302,07/12/21 05:15:00,27.974,,,,,
9303,07/12/21 05:30:00,27.974,,,,,
9304,07/12/21 05:45:00,27.998,,,,,
9305,07/12/21 06:00:00,27.974,,,,,
9306,07/12/21 06:15:00,27.924,,,,,
9307,07/12/21 06:30:00,27.974,,,,,
9308,07/12/21 06:45:00,28.072,,,,,
9309,07/12/21 07:00:00,28.122,,,,,
9310,07/12/21 07:15:00,28.171,,,,,
9311,07/12/21 07:30:00,28.171,,,,,
9312,07/12/21 07:45:00,28.171,,,,,
9313,07/12/21 08:00:00,28.122,,,,,
9314,07/12/21 08:15:00,28.147,,,,,
9315,07/12/21 08:30:00,28.171,,,,,
9316,07/12/21 08:45:00,28.171,,,,,
9317,07/12/21 09:00:00,28.147,,,,,
9318,07/12/21 09:15:00,28.147,,,,,
9319,07/12/21 09:30:00,28.147,,,,,
9320,07/12/21 09:45:00,28.122,,,,,
9321,07/12/21 10:00:00,28.122,,,,,
9322,07/12/21 10:15:00,28.122,,,,,
9323,07/12/21 10:30:00,28.122,,,,,
9324,07/12/21 10:45:00,28.122,,,,,
9325,07/12/21 11:00:00,28.122,,,,,
9326,07/12/21 11:15:00,28.122,,,,,
9327,07/12/21 11:30:00,28.147,,,,,
9328,07/12/21 11:45:00,28.147,,,,,
9329,07/12/21 12:00:00,28.171,,,,,
9330,07/12/21 12:15:00,28.171,,,,,
9331,07/12/21 12:30:00,28.171,,,,,
9332,07/12/21 12:45:00,28.147,,,,,
9333,07/12/21 13:00:00,28.122,,,,,
9334,07/12/21 13:15:00,28.171,,,,,
9335,07/12/21 13:30:00,28.147,,,,,
9336,07/12/21 13:45:00,28.147,,,,,
9337,07/12/21 14:00:00,28.147,,,,,
9338,07/12/21 14:15:00,28.171,,,,,
9339,07/12/21 14:30:00,28.147,,,,,
9340,07/12/21 14:45:00,28.171,,,,,
9341,07/12/21 15:00:00,28.171,,,,,
9342,07/12/21 15:15:00,28.171,,,,,
9343,07/12/21 15:30:00,28.196,,,,,
9344,07/12/21 15:45:00,28.196,,,,,
9345,07/12/21 16:00:00,28.221,,,,,
9346,07/12/21 16:15:00,28.221,,,,,
9347,07/12/21 16:30:00,28.245,,,,,
9348,07/12/21 16:45:00,28.270,,,,,
9349,07/12/21 17:00:00,28.345,,,,,
9350,07/12/21 17:15:00,28.394,,,,,
9351,07/12/21 17:30:00,28.419,,,,,
9352,07/12/21 17:45:00,28.444,,,,,
9353,07/12/21 18:00:00,28.568,,,,,
9354,07/12/21 18:15:00,28.493,,,,,
9355,07/12/21 18:30:00,28.468,,,,,
9356,07/12/21 18:45:00,28.444,,,,,
9357,07/12/21 19:00:00,28.444,,,,,
9358,07/12/21 19:15:00,28.444,,,,,
9359,07/12/21 19:30:00,28.369,,,,,
9360,07/12/21 19:45:00,28.394,,,,,
9361,07/12/21 20:00:00,28.369,,,,,
9362,07/12/21 20:15:00,28.345,,,,,
9363,07/12/21 20:30:00,28.320,,,,,
9364,07/12/21 20:45:00,28.345,,,,,
9365,07/12/21 21:00:00,28.270,,,,,
9366,07/12/21 21:15:00,28.221,,,,,
9367,07/12/21 21:30:00,28.320,,,,,
9368,07/12/21 21:45:00,28.320,,,,,
9369,07/12/21 22:00:00,28.320,,,,,
9370,07/12/21 22:15:00,28.320,,,,,
9371,07/12/21 22:30:00,28.369,,,,,
9372,07/12/21 22:45:00,28.320,,,,,
9373,07/12/21 23:00:00,28.320,,,,,
9374,07/12/21 23:15:00,28.345,,,,,
9375,07/12/21 23:30:00,28.345,,,,,
9376,07/12/21 23:45:00,28.345,,,,,
9377,07/13/21 00:00:00,28.345,,,,,
9378,07/13/21 00:15:00,28.320,,,,,
9379,07/13/21 00:30:00,28.320,,,,,
9380,07/13/21 00:45:00,28.320,,,,,
9381,07/13/21 01:00:00,28.320,,,,,
9382,07/13/21 01:15:00,28.320,,,,,
9383,07/13/21 01:30:00,28.320,,,,,
9384,07/13/21 01:45:00,28.320,,,,,
9385,07/13/21 02:00:00,28.345,,,,,
9386,07/13/21 02:15:00,28.345,,,,,
9387,07/13/21 02:30:00,28.345,,,,,
9388,07/13/21 02:45:00,28.345,,,,,
9389,07/13/21 03:00:00,28.345,,,,,
9390,07/13/21 03:15:00,28.345,,,,,
9391,07/13/21 03:30:00,28.345,,,,,
9392,07/13/21 03:45:00,28.345,,,,,
9393,07/13/21 04:00:00,28.345,,,,,
9394,07/13/21 04:15:00,28.345,,,,,
9395,07/13/21 04:30:00,28.345,,,,,
9396,07/13/21 04:45:00,28.345,,,,,
9397,07/13/21 05:00:00,28.320,,,,,
9398,07/13/21 05:15:00,28.320,,,,,
9399,07/13/21 05:30:00,28.345,,,,,
9400,07/13/21 05:45:00,28.345,,,,,
9401,07/13/21 06:00:00,28.345,,,,,
9402,07/13/21 06:15:00,28.345,,,,,
9403,07/13/21 06:30:00,28.345,,,,,
9404,07/13/21 06:45:00,28.345,,,,,
9405,07/13/21 07:00:00,28.345,,,,,
9406,07/13/21 07:15:00,28.345,,,,,
9407,07/13/21 07:30:00,28.320,,,,,
9408,07/13/21 07:45:00,28.320,,,,,
9409,07/13/21 08:00:00,28.320,,,,,
9410,07/13/21 08:15:00,28.320,,,,,
9411,07/13/21 08:30:00,28.320,,,,,
9412,07/13/21 08:45:00,28.320,,,,,
9413,07/13/21 09:00:00,28.320,,,,,
9414,07/13/21 09:15:00,28.320,,,,,
9415,07/13/21 09:30:00,28.320,,,,,
9416,07/13/21 09:45:00,28.320,,,,,
9417,07/13/21 10:00:00,28.320,,,,,
9418,07/13/21 10:15:00,28.270,,,,,
9419,07/13/21 10:30:00,28.270,,,,,
9420,07/13/21 10:45:00,28.295,,,,,
9421,07/13/21 11:00:00,28.295,,,,,
9422,07/13/21 11:15:00,28.295,,,,,
9423,07/13/21 11:30:00,28.295,,,,,
9424,07/13/21 11:45:00,28.295,,,,,
9425,07/13/21 12:00:00,28.295,,,,,
9426,07/13/21 12:15:00,28.295,,,,,
9427,07/13/21 12:30:00,28.295,,,,,
9428,07/13/21 12:45:00,28.295,,,,,
9429,07/13/21 13:00:00,28.320,,,,,
9430,07/13/21 13:15:00,28.320,,,,,
9431,07/13/21 13:30:00,28.320,,,,,
9432,07/13/21 13:45:00,28.320,,,,,
9433,07/13/21 14:00:00,28.320,,,,,
9434,07/13/21 14:15:00,28.320,,,,,
9435,07/13/21 14:30:00,28.320,,,,,
9436,07/13/21 14:45:00,28.295,,,,,
9437,07/13/21 15:00:00,28.295,,,,,
9438,07/13/21 15:15:00,28.295,,,,,
9439,07/13/21 15:30:00,28.295,,,,,
9440,07/13/21 15:45:00,28.295,,,,,
9441,07/13/21 16:00:00,28.295,,,,,
9442,07/13/21 16:15:00,28.320,,,,,
9443,07/13/21 16:30:00,28.320,,,,,
9444,07/13/21 16:45:00,28.320,,,,,
9445,07/13/21 17:00:00,28.320,,,,,
9446,07/13/21 17:15:00,28.320,,,,,
9447,07/13/21 17:30:00,28.320,,,,,
9448,07/13/21 17:45:00,28.320,,,,,
9449,07/13/21 18:00:00,28.320,,,,,
9450,07/13/21 18:15:00,28.320,,,,,
9451,07/13/21 18:30:00,28.320,,,,,
9452,07/13/21 18:45:00,28.270,,,,,
9453,07/13/21 19:00:00,28.270,,,,,
9454,07/13/21 19:15:00,28.270,,,,,
9455,07/13/21 19:30:00,28.245,,,,,
9456,07/13/21 19:45:00,28.245,,,,,
9457,07/13/21 20:00:00,28.221,,,,,
9458,07/13/21 20:15:00,28.122,,,,,
9459,07/13/21 20:30:00,28.147,,,,,
9460,07/13/21 20:45:00,28.023,,,,,
9461,07/13/21 21:00:00,27.850,,,,,
9462,07/13/21 21:15:00,27.554,,,,,
9463,07/13/21 21:30:00,27.751,,,,,
9464,07/13/21 21:45:00,27.949,,,,,
9465,07/13/21 22:00:00,28.196,,,,,
9466,07/13/21 22:15:00,28.270,,,,,
9467,07/13/21 22:30:00,28.295,,,,,
9468,07/13/21 22:45:00,28.270,,,,,
9469,07/13/21 23:00:00,28.072,,,,,
9470,07/13/21 23:15:00,28.023,,,,,
9471,07/13/21 23:30:00,27.702,,,,,
9472,07/13/21 23:45:00,27.727,,,,,
9473,07/14/21 00:00:00,27.727,,,,,
9474,07/14/21 00:15:00,27.505,,,,,
9475,07/14/21 00:30:00,27.481,,,,,
9476,07/14/21 00:45:00,27.579,,,,,
9477,07/14/21 01:00:00,27.604,,,,,
9478,07/14/21 01:15:00,27.628,,,,,
9479,07/14/21 01:30:00,27.677,,,,,
9480,07/14/21 01:45:00,27.677,,,,,
9481,07/14/21 02:00:00,27.850,,,,,
9482,07/14/21 02:15:00,28.072,,,,,
9483,07/14/21 02:30:00,28.147,,,,,
9484,07/14/21 02:45:00,28.171,,,,,
9485,07/14/21 03:00:00,28.122,,,,,
9486,07/14/21 03:15:00,28.147,,,,,
9487,07/14/21 03:30:00,28.171,,,,,
9488,07/14/21 03:45:00,28.171,,,,,
9489,07/14/21 04:00:00,28.196,,,,,
9490,07/14/21 04:15:00,28.221,,,,,
9491,07/14/21 04:30:00,28.196,,,,,
9492,07/14/21 04:45:00,28.171,,,,,
9493,07/14/21 05:00:00,28.221,,,,,
9494,07/14/21 05:15:00,28.270,,,,,
9495,07/14/21 05:30:00,28.295,,,,,
9496,07/14/21 05:45:00,28.245,,,,,
9497,07/14/21 06:00:00,28.270,,,,,
9498,07/14/21 06:15:00,28.245,,,,,
9499,07/14/21 06:30:00,28.270,,,,,
9500,07/14/21 06:45:00,28.270,,,,,
9501,07/14/21 07:00:00,28.270,,,,,
9502,07/14/21 07:15:00,28.270,,,,,
9503,07/14/21 07:30:00,28.245,,,,,
9504,07/14/21 07:45:00,28.270,,,,,
9505,07/14/21 08:00:00,28.270,,,,,
9506,07/14/21 08:15:00,28.196,,,,,
9507,07/14/21 08:30:00,28.245,,,,,
9508,07/14/21 08:45:00,28.221,,,,,
9509,07/14/21 09:00:00,28.221,,,,,
9510,07/14/21 09:15:00,28.221,,,,,
9511,07/14/21 09:30:00,28.221,,,,,
9512,07/14/21 09:45:00,28.221,,,,,
9513,07/14/21 10:00:00,28.221,,,,,
9514,07/14/21 10:15:00,28.245,,,,,
9515,07/14/21 10:30:00,28.221,,,,,
9516,07/14/21 10:45:00,28.221,,,,,
9517,07/14/21 11:00:00,28.221,,,,,
9518,07/14/21 11:15:00,28.221,,,,,
9519,07/14/21 11:30:00,28.221,,,,,
9520,07/14/21 11:45:00,28.221,,,,,
9521,07/14/21 12:00:00,28.221,,,,,
9522,07/14/21 12:15:00,28.221,,,,,
9523,07/14/21 12:30:00,28.221,,,,,
9524,07/14/21 12:45:00,28.221,,,,,
9525,07/14/21 13:00:00,28.221,,,,,
9526,07/14/21 13:15:00,28.221,,,,,
9527,07/14/21 13:30:00,28.245,,,,,
9528,07/14/21 13:45:00,28.221,,,,,
9529,07/14/21 14:00:00,28.221,,,,,
9530,07/14/21 14:15:00,28.196,,,,,
9531,07/14/21 14:30:00,28.221,,,,,
9532,07/14/21 14:45:00,28.245,,,,,
9533,07/14/21 15:00:00,28.245,,,,,
9534,07/14/21 15:15:00,28.245,,,,,
9535,07/14/21 15:30:00,28.245,,,,,
9536,07/14/21 15:45:00,28.245,,,,,
9537,07/14/21 16:00:00,28.245,,,,,
9538,07/14/21 16:15:00,28.245,,,,,
9539,07/14/21 16:30:00,28.245,,,,,
9540,07/14/21 16:45:00,28.245,,,,,
9541,07/14/21 17:00:00,28.245,,,,,
9542,07/14/21 17:15:00,28.245,,,,,
9543,07/14/21 17:30:00,28.270,,,,,
9544,07/14/21 17:45:00,28.270,,,,,
9545,07/14/21 18:00:00,28.270,,,,,
9546,07/14/21 18:15:00,28.295,,,,,
9547,07/14/21 18:30:00,28.295,,,,,
9548,07/14/21 18:45:00,28.295,,,,,
9549,07/14/21 19:00:00,28.295,,,,,
9550,07/14/21 19:15:00,28.295,,,,,
9551,07/14/21 19:30:00,28.295,,,,,
9552,07/14/21 19:45:00,28.295,,,,,
9553,07/14/21 20:00:00,28.295,,,,,
9554,07/14/21 20:15:00,28.295,,,,,
9555,07/14/21 20:30:00,28.295,,,,,
9556,07/14/21 20:45:00,28.320,,,,,
9557,07/14/21 21:00:00,28.320,,,,,
9558,07/14/21 21:15:00,28.320,,,,,
9559,07/14/21 21:30:00,28.320,,,,,
9560,07/14/21 21:45:00,28.320,,,,,
9561,07/14/21 22:00:00,28.320,,,,,
9562,07/14/21 22:15:00,28.320,,,,,
9563,07/14/21 22:30:00,28.320,,,,,
9564,07/14/21 22:45:00,28.270,,,,,
9565,07/14/21 23:00:00,27.949,,,,,
9566,07/14/21 23:15:00,28.097,,,,,
9567,07/14/21 23:30:00,28.171,,,,,
9568,07/14/21 23:45:00,28.122,,,,,
9569,07/15/21 00:00:00,28.171,,,,,
9570,07/15/21 00:15:00,27.850,,,,,
9571,07/15/21 00:30:00,27.875,,,,,
9572,07/15/21 00:45:00,27.875,,,,,
9573,07/15/21 01:00:00,27.899,,,,,
9574,07/15/21 01:15:00,27.899,,,,,
9575,07/15/21 01:30:00,27.825,,,,,
9576,07/15/21 01:45:00,28.122,,,,,
9577,07/15/21 02:00:00,28.072,,,,,
9578,07/15/21 02:15:00,28.147,,,,,
9579,07/15/21 02:30:00,28.097,,,,,
9580,07/15/21 02:45:00,28.122,,,,,
9581,07/15/21 03:00:00,28.196,,,,,
9582,07/15/21 03:15:00,28.072,,,,,
9583,07/15/21 03:30:00,28.245,,,,,
9584,07/15/21 03:45:00,28.270,,,,,
9585,07/15/21 04:00:00,28.221,,,,,
9586,07/15/21 04:15:00,28.245,,,,,
9587,07/15/21 04:30:00,28.196,,,,,
9588,07/15/21 04:45:00,28.147,,,,,
9589,07/15/21 05:00:00,28.147,,,,,
9590,07/15/21 05:15:00,28.196,,,,,
9591,07/15/21 05:30:00,28.270,,,,,
9592,07/15/21 05:45:00,28.295,,,,,
9593,07/15/21 06:00:00,28.245,,,,,
9594,07/15/21 06:15:00,28.245,,,,,
9595,07/15/21 06:30:00,28.221,,,,,
9596,07/15/21 06:45:00,28.196,,,,,
9597,07/15/21 07:00:00,28.221,,,,,
9598,07/15/21 07:15:00,28.221,,,,,
9599,07/15/21 07:30:00,28.245,,,,,
9600,07/15/21 07:45:00,28.270,,,,,
9601,07/15/21 08:00:00,28.270,,,,,
9602,07/15/21 08:15:00,28.270,,,,,
9603,07/15/21 08:30:00,28.245,,,,,
9604,07/15/21 08:45:00,28.270,,,,,
9605,07/15/21 09:00:00,28.270,,,,,
9606,07/15/21 09:15:00,28.270,,,,,
9607,07/15/21 09:30:00,28.270,,,,,
9608,07/15/21 09:45:00,28.270,,,,,
9609,07/15/21 10:00:00,28.270,,,,,
9610,07/15/21 10:15:00,28.245,,,,,
9611,07/15/21 10:30:00,28.270,,,,,
9612,07/15/21 10:45:00,28.270,,,,,
9613,07/15/21 11:00:00,28.147,,,,,
9614,07/15/21 11:15:00,28.147,,,,,
9615,07/15/21 11:30:00,28.171,,,,,
9616,07/15/21 11:45:00,28.171,,,,,
9617,07/15/21 12:00:00,28.171,,,,,
9618,07/15/21 12:15:00,28.171,,,,,
9619,07/15/21 12:30:00,28.072,,,,,
9620,07/15/21 12:45:00,28.072,,,,,
9621,07/15/21 13:00:00,28.097,,,,,
9622,07/15/21 13:15:00,28.097,,,,,
9623,07/15/21 13:30:00,28.147,,,,,
9624,07/15/21 13:45:00,28.171,,,,,
9625,07/15/21 14:00:00,28.196,,,,,
9626,07/15/21 14:15:00,28.196,,,,,
9627,07/15/21 14:30:00,28.196,,,,,
9628,07/15/21 14:45:00,28.221,,,,,
9629,07/15/21 15:00:00,28.196,,,,,
9630,07/15/21 15:15:00,28.221,,,,,
9631,07/15/21 15:30:00,28.221,,,,,
9632,07/15/21 15:45:00,28.221,,,,,
9633,07/15/21 16:00:00,28.245,,,,,
9634,07/15/21 16:15:00,28.245,,,,,
9635,07/15/21 16:30:00,28.245,,,,,
9636,07/15/21 16:45:00,28.245,,,,,
9637,07/15/21 17:00:00,28.221,,,,,
9638,07/15/21 17:15:00,28.221,,,,,
9639,07/15/21 17:30:00,28.196,,,,,
9640,07/15/21 17:45:00,28.171,,,,,
9641,07/15/21 18:00:00,28.196,,,,,
9642,07/15/21 18:15:00,28.221,,,,,
9643,07/15/21 18:30:00,28.221,,,,,
9644,07/15/21 18:45:00,28.196,,,,,
9645,07/15/21 19:00:00,28.196,,,,,
9646,07/15/21 19:15:00,28.171,,,,,
9647,07/15/21 19:30:00,28.196,,,,,
9648,07/15/21 19:45:00,28.171,,,,,
9649,07/15/21 20:00:00,28.196,,,,,
9650,07/15/21 20:15:00,28.196,,,,,
9651,07/15/21 20:30:00,28.196,,,,,
9652,07/15/21 20:45:00,28.196,,,,,
9653,07/15/21 21:00:00,28.196,,,,,
9654,07/15/21 21:15:00,28.221,,,,,
9655,07/15/21 21:30:00,28.147,,,,,
9656,07/15/21 21:45:00,28.196,,,,,
9657,07/15/21 22:00:00,28.221,,,,,
9658,07/15/21 22:15:00,28.221,,,,,
9659,07/15/21 22:30:00,28.171,,,,,
9660,07/15/21 22:45:00,28.072,,,,,
9661,07/15/21 23:00:00,28.097,,,,,
9662,07/15/21 23:15:00,28.048,,,,,
9663,07/15/21 23:30:00,27.481,,,,,
9664,07/15/21 23:45:00,27.530,,,,,
9665,07/16/21 00:00:00,27.579,,,,,
9666,07/16/21 00:15:00,27.751,,,,,
9667,07/16/21 00:30:00,27.702,,,,,
9668,07/16/21 00:45:00,27.628,,,,,
9669,07/16/21 01:00:00,27.677,,,,,
9670,07/16/21 01:15:00,27.751,,,,,
9671,07/16/21 01:30:00,27.875,,,,,
9672,07/16/21 01:45:00,27.677,,,,,
9673,07/16/21 02:00:00,27.579,,,,,
9674,07/16/21 02:15:00,27.677,,,,,
9675,07/16/21 02:30:00,27.776,,,,,
9676,07/16/21 02:45:00,27.727,,,,,
9677,07/16/21 03:00:00,27.801,,,,,
9678,07/16/21 03:15:00,27.850,,,,,
9679,07/16/21 03:30:00,27.801,,,,,
9680,07/16/21 03:45:00,27.801,,,,,
9681,07/16/21 04:00:00,27.850,,,,,
9682,07/16/21 04:15:00,27.899,,,,,
9683,07/16/21 04:30:00,28.072,,,,,
9684,07/16/21 04:45:00,28.072,,,,,
9685,07/16/21 05:00:00,28.097,,,,,
9686,07/16/21 05:15:00,28.122,,,,,
9687,07/16/21 05:30:00,28.122,,,,,
9688,07/16/21 05:45:00,28.147,,,,,
9689,07/16/21 06:00:00,28.196,,,,,
9690,07/16/21 06:15:00,28.196,,,,,
9691,07/16/21 06:30:00,28.196,,,,,
9692,07/16/21 06:45:00,28.171,,,,,
9693,07/16/21 07:00:00,28.171,,,,,
9694,07/16/21 07:15:00,28.196,,,,,
9695,07/16/21 07:30:00,28.196,,,,,
9696,07/16/21 07:45:00,28.171,,,,,
9697,07/16/21 08:00:00,28.171,,,,,
9698,07/16/21 08:15:00,28.221,,,,,
9699,07/16/21 08:30:00,28.171,,,,,
9700,07/16/21 08:45:00,28.196,,,,,
9701,07/16/21 09:00:00,28.196,,,,,
9702,07/16/21 09:15:00,28.171,,,,,
9703,07/16/21 09:30:00,28.147,,,,,
9704,07/16/21 09:45:00,28.196,,,,,
9705,07/16/21 10:00:00,28.196,,,,,
9706,07/16/21 10:15:00,28.196,,,,,
9707,07/16/21 10:30:00,28.171,,,,,
9708,07/16/21 10:45:00,28.171,,,,,
9709,07/16/21 11:00:00,28.196,,,,,
9710,07/16/21 11:15:00,28.171,,,,,
9711,07/16/21 11:30:00,28.171,,,,,
9712,07/16/21 11:45:00,28.147,,,,,
9713,07/16/21 12:00:00,28.171,,,,,
9714,07/16/21 12:15:00,28.147,,,,,
9715,07/16/21 12:30:00,28.196,,,,,
9716,07/16/21 12:45:00,28.147,,,,,
9717,07/16/21 13:00:00,28.196,,,,,
9718,07/16/21 13:15:00,28.171,,,,,
9719,07/16/21 13:30:00,28.171,,,,,
9720,07/16/21 13:45:00,28.147,,,,,
9721,07/16/21 14:00:00,28.147,,,,,
9722,07/16/21 14:15:00,28.147,,,,,
9723,07/16/21 14:30:00,28.097,,,,,
9724,07/16/21 14:45:00,28.147,,,,,
9725,07/16/21 15:00:00,28.171,,,,,
9726,07/16/21 15:15:00,28.171,,,,,
9727,07/16/21 15:30:00,28.171,,,,,
9728,07/16/21 15:45:00,28.171,,,,,
9729,07/16/21 16:00:00,28.196,,,,,
9730,07/16/21 16:15:00,28.171,,,,,
9731,07/16/21 16:30:00,28.122,,,,,
9732,07/16/21 16:45:00,28.122,,,,,
9733,07/16/21 17:00:00,28.122,,,,,
9734,07/16/21 17:15:00,28.122,,,,,
9735,07/16/21 17:30:00,28.122,,,,,
9736,07/16/21 17:45:00,28.122,,,,,
9737,07/16/21 18:00:00,28.122,,,,,
9738,07/16/21 18:15:00,28.097,,,,,
9739,07/16/21 18:30:00,28.147,,,,,
9740,07/16/21 18:45:00,28.122,,,,,
9741,07/16/21 19:00:00,28.196,,,,,
9742,07/16/21 19:15:00,28.122,,,,,
9743,07/16/21 19:30:00,28.245,,,,,
9744,07/16/21 19:45:00,28.122,,,,,
9745,07/16/21 20:00:00,28.097,,,,,
9746,07/16/21 20:15:00,28.097,,,,,
9747,07/16/21 20:30:00,28.097,,,,,
9748,07/16/21 20:45:00,28.097,,,,,
9749,07/16/21 21:00:00,28.122,,,,,
9750,07/16/21 21:15:00,28.122,,,,,
9751,07/16/21 21:30:00,28.097,,,,,
9752,07/16/21 21:45:00,28.048,,,,,
9753,07/16/21 22:00:00,27.998,,,,,
9754,07/16/21 22:15:00,27.974,,,,,
9755,07/16/21 22:30:00,28.048,,,,,
9756,07/16/21 22:45:00,28.048,,,,,
9757,07/16/21 23:00:00,28.122,,,,,
9758,07/16/21 23:15:00,27.924,,,,,
9759,07/16/21 23:30:00,27.677,,,,,
9760,07/16/21 23:45:00,27.677,,,,,
9761,07/17/21 00:00:00,27.653,,,,,
9762,07/17/21 00:15:00,27.702,,,,,
9763,07/17/21 00:30:00,27.751,,,,,
9764,07/17/21 00:45:00,27.776,,,,,
9765,07/17/21 01:00:00,27.825,,,,,
9766,07/17/21 01:15:00,27.998,,,,,
9767,07/17/21 01:30:00,27.875,,,,,
9768,07/17/21 01:45:00,27.974,,,,,
9769,07/17/21 02:00:00,27.899,,,,,
9770,07/17/21 02:15:00,27.974,,,,,
9771,07/17/21 02:30:00,27.998,,,,,
9772,07/17/21 02:45:00,28.048,,,,,
9773,07/17/21 03:00:00,27.998,,,,,
9774,07/17/21 03:15:00,28.072,,,,,
9775,07/17/21 03:30:00,28.097,,,,,
9776,07/17/21 03:45:00,28.097,,,,,
9777,07/17/21 04:00:00,28.147,,,,,
9778,07/17/21 04:15:00,28.196,,,,,
9779,07/17/21 04:30:00,28.221,,,,,
9780,07/17/21 04:45:00,28.171,,,,,
9781,07/17/21 05:00:00,28.171,,,,,
9782,07/17/21 05:15:00,28.122,,,,,
9783,07/17/21 05:30:00,28.171,,,,,
9784,07/17/21 05:45:00,28.171,,,,,
9785,07/17/21 06:00:00,28.147,,,,,
9786,07/17/21 06:15:00,28.147,,,,,
9787,07/17/21 06:30:00,28.171,,,,,
9788,07/17/21 06:45:00,28.171,,,,,
9789,07/17/21 07:00:00,28.196,,,,,
9790,07/17/21 07:15:00,28.196,,,,,
9791,07/17/21 07:30:00,28.171,,,,,
9792,07/17/21 07:45:00,28.147,,,,,
9793,07/17/21 08:00:00,28.122,,,,,
9794,07/17/21 08:15:00,28.147,,,,,
9795,07/17/21 08:30:00,28.196,,,,,
9796,07/17/21 08:45:00,28.196,,,,,
9797,07/17/21 09:00:00,28.196,,,,,
9798,07/17/21 09:15:00,28.196,,,,,
9799,07/17/21 09:30:00,28.196,,,,,
9800,07/17/21 09:45:00,28.171,,,,,
9801,07/17/21 10:00:00,28.147,,,,,
9802,07/17/21 10:15:00,28.171,,,,,
9803,07/17/21 10:30:00,28.171,,,,,
9804,07/17/21 10:45:00,28.171,,,,,
9805,07/17/21 11:00:00,28.171,,,,,
9806,07/17/21 11:15:00,28.147,,,,,
9807,07/17/21 11:30:00,28.171,,,,,
9808,07/17/21 11:45:00,28.171,,,,,
9809,07/17/21 12:00:00,28.196,,,,,
9810,07/17/21 12:15:00,28.196,,,,,
9811,07/17/21 12:30:00,28.196,,,,,
9812,07/17/21 12:45:00,28.097,,,,,
9813,07/17/21 13:00:00,28.097,,,,,
9814,07/17/21 13:15:00,28.072,,,,,
9815,07/17/21 13:30:00,28.072,,,,,
9816,07/17/21 13:45:00,28.072,,,,,
9817,07/17/21 14:00:00,28.023,,,,,
9818,07/17/21 14:15:00,28.048,,,,,
9819,07/17/21 14:30:00,28.048,,,,,
9820,07/17/21 14:45:00,28.048,,,,,
9821,07/17/21 15:00:00,28.072,,,,,
9822,07/17/21 15:15:00,28.048,,,,,
9823,07/17/21 15:30:00,28.048,,,,,
9824,07/17/21 15:45:00,27.998,,,,,
9825,07/17/21 16:00:00,28.072,,,,,
9826,07/17/21 16:15:00,28.072,,,,,
9827,07/17/21 16:30:00,28.072,,,,,
9828,07/17/21 16:45:00,28.072,,,,,
9829,07/17/21 17:00:00,28.072,,,,,
9830,07/17/21 17:15:00,28.072,,,,,
9831,07/17/21 17:30:00,28.072,,,,,
9832,07/17/21 17:45:00,28.023,,,,,
9833,07/17/21 18:00:00,28.023,,,,,
9834,07/17/21 18:15:00,28.048,,,,,
9835,07/17/21 18:30:00,28.023,,,,,
9836,07/17/21 18:45:00,28.048,,,,,
9837,07/17/21 19:00:00,28.072,,,,,
9838,07/17/21 19:15:00,28.245,,,,,
9839,07/17/21 19:30:00,28.270,,,,,
9840,07/17/21 19:45:00,28.270,,,,,
9841,07/17/21 20:00:00,28.270,,,,,
9842,07/17/21 20:15:00,28.270,,,,,
9843,07/17/21 20:30:00,28.270,,,,,
9844,07/17/21 20:45:00,28.270,,,,,
9845,07/17/21 21:00:00,28.295,,,,,
9846,07/17/21 21:15:00,28.295,,,,,
9847,07/17/21 21:30:00,28.295,,,,,
9848,07/17/21 21:45:00,28.295,,,,,
9849,07/17/21 22:00:00,28.295,,,,,
9850,07/17/21 22:15:00,28.295,,,,,
9851,07/17/21 22:30:00,28.295,,,,,
9852,07/17/21 22:45:00,28.295,,,,,
9853,07/17/21 23:00:00,28.295,,,,,
9854,07/17/21 23:15:00,28.320,,,,,
9855,07/17/21 23:30:00,28.320,,,,,
9856,07/17/21 23:45:00,28.295,,,,,
9857,07/18/21 00:00:00,28.320,,,,,
9858,07/18/21 00:15:00,28.320,,,,,
9859,07/18/21 00:30:00,28.320,,,,,
9860,07/18/21 00:45:00,28.270,,,,,
9861,07/18/21 01:00:00,28.270,,,,,
9862,07/18/21 01:15:00,28.270,,,,,
9863,07/18/21 01:30:00,28.245,,,,,
9864,07/18/21 01:45:00,28.245,,,,,
9865,07/18/21 02:00:00,28.097,,,,,
9866,07/18/21 02:15:00,28.072,,,,,
9867,07/18/21 02:30:00,27.949,,,,,
9868,07/18/21 02:45:00,27.875,,,,,
9869,07/18/21 03:00:00,28.147,,,,,
9870,07/18/21 03:15:00,28.048,,,,,
9871,07/18/21 03:30:00,28.048,,,,,
9872,07/18/21 03:45:00,28.072,,,,,
9873,07/18/21 04:00:00,28.097,,,,,
9874,07/18/21 04:15:00,28.171,,,,,
9875,07/18/21 04:30:00,28.245,,,,,
9876,07/18/21 04:45:00,28.221,,,,,
9877,07/18/21 05:00:00,28.245,,,,,
9878,07/18/21 05:15:00,28.245,,,,,
9879,07/18/21 05:30:00,28.245,,,,,
9880,07/18/21 05:45:00,28.245,,,,,
9881,07/18/21 06:00:00,28.245,,,,,
9882,07/18/21 06:15:00,28.221,,,,,
9883,07/18/21 06:30:00,28.221,,,,,
9884,07/18/21 06:45:00,28.221,,,,,
9885,07/18/21 07:00:00,28.221,,,,,
9886,07/18/21 07:15:00,28.171,,,,,
9887,07/18/21 07:30:00,28.221,,,,,
9888,07/18/21 07:45:00,28.221,,,,,
9889,07/18/21 08:00:00,28.221,,,,,
9890,07/18/21 08:15:00,28.270,,,,,
9891,07/18/21 08:30:00,28.221,,,,,
9892,07/18/21 08:45:00,28.295,,,,,
9893,07/18/21 09:00:00,28.270,,,,,
9894,07/18/21 09:15:00,28.270,,,,,
9895,07/18/21 09:30:00,28.270,,,,,
9896,07/18/21 09:45:00,28.270,,,,,
9897,07/18/21 10:00:00,28.295,,,,,
9898,07/18/21 10:15:00,28.295,,,,,
9899,07/18/21 10:30:00,28.295,,,,,
9900,07/18/21 10:45:00,28.320,,,,,
9901,07/18/21 11:00:00,28.295,,,,,
9902,07/18/21 11:15:00,28.295,,,,,
9903,07/18/21 11:30:00,28.320,,,,,
9904,07/18/21 11:45:00,28.295,,,,,
9905,07/18/21 12:00:00,28.320,,,,,
9906,07/18/21 12:15:00,28.295,,,,,
9907,07/18/21 12:30:00,28.245,,,,,
9908,07/18/21 12:45:00,28.270,,,,,
9909,07/18/21 13:00:00,28.196,,,,,
9910,07/18/21 13:15:00,28.171,,,,,
9911,07/18/21 13:30:00,28.147,,,,,
9912,07/18/21 13:45:00,28.097,,,,,
9913,07/18/21 14:00:00,28.122,,,,,
9914,07/18/21 14:15:00,28.023,,,,,
9915,07/18/21 14:30:00,28.122,,,,,
9916,07/18/21 14:45:00,28.147,,,,,
9917,07/18/21 15:00:00,28.097,,,,,
9918,07/18/21 15:15:00,28.122,,,,,
9919,07/18/21 15:30:00,27.875,,,,,
9920,07/18/21 15:45:00,27.875,,,,,
9921,07/18/21 16:00:00,27.924,,,,,
9922,07/18/21 16:15:00,28.072,,,,,
9923,07/18/21 16:30:00,27.825,,,,,
9924,07/18/21 16:45:00,28.097,,,,,
9925,07/18/21 17:00:00,28.122,,,,,
9926,07/18/21 17:15:00,28.072,,,,,
9927,07/18/21 17:30:00,28.072,,,,,
9928,07/18/21 17:45:00,28.072,,,,,
9929,07/18/21 18:00:00,28.072,,,,,
9930,07/18/21 18:15:00,28.097,,,,,
9931,07/18/21 18:30:00,28.122,,,,,
9932,07/18/21 18:45:00,28.171,,,,,
9933,07/18/21 19:00:00,28.147,,,,,
9934,07/18/21 19:15:00,28.171,,,,,
9935,07/18/21 19:30:00,28.270,,,,,
9936,07/18/21 19:45:00,28.295,,,,,
9937,07/18/21 20:00:00,28.295,,,,,
9938,07/18/21 20:15:00,28.270,,,,,
9939,07/18/21 20:30:00,28.295,,,,,
9940,07/18/21 20:45:00,28.320,,,,,
9941,07/18/21 21:00:00,28.295,,,,,
9942,07/18/21 21:15:00,28.270,,,,,
9943,07/18/21 21:30:00,28.295,,,,,
9944,07/18/21 21:45:00,28.295,,,,,
9945,07/18/21 22:00:00,28.295,,,,,
9946,07/18/21 22:15:00,28.320,,,,,
9947,07/18/21 22:30:00,28.320,,,,,
9948,07/18/21 22:45:00,28.320,,,,,
9949,07/18/21 23:00:00,28.320,,,,,
9950,07/18/21 23:15:00,28.320,,,,,
9951,07/18/21 23:30:00,28.320,,,,,
9952,07/18/21 23:45:00,28.320,,,,,
9953,07/19/21 00:00:00,28.320,,,,,
9954,07/19/21 00:15:00,28.345,,,,,
9955,07/19/21 00:30:00,28.245,,,,,
9956,07/19/21 00:45:00,28.270,,,,,
9957,07/19/21 01:00:00,28.295,,,,,
9958,07/19/21 01:15:00,28.221,,,,,
9959,07/19/21 01:30:00,28.245,,,,,
9960,07/19/21 01:45:00,28.245,,,,,
9961,07/19/21 02:00:00,28.245,,,,,
9962,07/19/21 02:15:00,28.221,,,,,
9963,07/19/21 02:30:00,28.221,,,,,
9964,07/19/21 02:45:00,28.221,,,,,
9965,07/19/21 03:00:00,28.196,,,,,
9966,07/19/21 03:15:00,28.221,,,,,
9967,07/19/21 03:30:00,28.245,,,,,
9968,07/19/21 03:45:00,28.245,,,,,
9969,07/19/21 04:00:00,28.295,,,,,
9970,07/19/21 04:15:00,28.295,,,,,
9971,07/19/21 04:30:00,28.270,,,,,
9972,07/19/21 04:45:00,28.270,,,,,
9973,07/19/21 05:00:00,28.270,,,,,
9974,07/19/21 05:15:00,28.270,,,,,
9975,07/19/21 05:30:00,28.171,,,,,
9976,07/19/21 05:45:00,28.171,,,,,
9977,07/19/21 06:00:00,28.122,,,,,
9978,07/19/21 06:15:00,28.147,,,,,
9979,07/19/21 06:30:00,28.122,,,,,
9980,07/19/21 06:45:00,28.122,,,,,
9981,07/19/21 07:00:00,28.147,,,,,
9982,07/19/21 07:15:00,28.171,,,,,
9983,07/19/21 07:30:00,28.196,,,,,
9984,07/19/21 07:45:00,28.196,,,,,
9985,07/19/21 08:00:00,28.147,,,,,
9986,07/19/21 08:15:00,28.245,,,,,
9987,07/19/21 08:30:00,28.270,,,,,
9988,07/19/21 08:45:00,28.245,,,,,
9989,07/19/21 09:00:00,28.270,,,,,
9990,07/19/21 09:15:00,28.295,,,,,
9991,07/19/21 09:30:00,28.295,,,,,
9992,07/19/21 09:45:00,28.295,,,,,
9993,07/19/21 10:00:00,28.320,,,,,
9994,07/19/21 10:15:00,28.320,,,,,
9995,07/19/21 10:30:00,28.320,,,,,
9996,07/19/21 10:45:00,28.320,,,,,
9997,07/19/21 11:00:00,28.320,,,,,
9998,07/19/21 11:15:00,28.320,,,,,
9999,07/19/21 11:30:00,28.320,,,,,
10000,07/19/21 11:45:00,28.320,,,,,
10001,07/19/21 12:00:00,28.320,,,,,
10002,07/19/21 12:15:00,28.320,,,,,
10003,07/19/21 12:30:00,28.320,,,,,
10004,07/19/21 12:45:00,28.320,,,,,
10005,07/19/21 13:00:00,28.320,,,,,
10006,07/19/21 13:15:00,28.320,,,,,
10007,07/19/21 13:30:00,28.320,,,,,
10008,07/19/21 13:45:00,28.320,,,,,
10009,07/19/21 14:00:00,28.320,,,,,
10010,07/19/21 14:15:00,28.320,,,,,
10011,07/19/21 14:30:00,28.320,,,,,
10012,07/19/21 14:45:00,28.320,,,,,
10013,07/19/21 15:00:00,27.998,,,,,
10014,07/19/21 15:15:00,28.023,,,,,
10015,07/19/21 15:30:00,28.023,,,,,
10016,07/19/21 15:45:00,27.998,,,,,
10017,07/19/21 16:00:00,28.122,,,,,
10018,07/19/21 16:15:00,27.998,,,,,
10019,07/19/21 16:30:00,28.023,,,,,
10020,07/19/21 16:45:00,27.949,,,,,
10021,07/19/21 17:00:00,27.974,,,,,
10022,07/19/21 17:15:00,28.048,,,,,
10023,07/19/21 17:30:00,28.023,,,,,
10024,07/19/21 17:45:00,28.072,,,,,
10025,07/19/21 18:00:00,28.023,,,,,
10026,07/19/21 18:15:00,28.048,,,,,
10027,07/19/21 18:30:00,28.196,,,,,
10028,07/19/21 18:45:00,28.072,,,,,
10029,07/19/21 19:00:00,28.048,,,,,
10030,07/19/21 19:15:00,28.147,,,,,
10031,07/19/21 19:30:00,28.048,,,,,
10032,07/19/21 19:45:00,28.072,,,,,
10033,07/19/21 20:00:00,28.097,,,,,
10034,07/19/21 20:15:00,28.072,,,,,
10035,07/19/21 20:30:00,28.122,,,,,
10036,07/19/21 20:45:00,28.122,,,,,
10037,07/19/21 21:00:00,28.122,,,,,
10038,07/19/21 21:15:00,28.122,,,,,
10039,07/19/21 21:30:00,28.171,,,,,
10040,07/19/21 21:45:00,28.147,,,,,
10041,07/19/21 22:00:00,28.171,,,,,
10042,07/19/21 22:15:00,28.221,,,,,
10043,07/19/21 22:30:00,28.245,,,,,
10044,07/19/21 22:45:00,28.270,,,,,
10045,07/19/21 23:00:00,28.270,,,,,
10046,07/19/21 23:15:00,28.295,,,,,
10047,07/19/21 23:30:00,28.270,,,,,
10048,07/19/21 23:45:00,28.245,,,,,
10049,07/20/21 00:00:00,28.270,,,,,
10050,07/20/21 00:15:00,28.245,,,,,
10051,07/20/21 00:30:00,28.270,,,,,
10052,07/20/21 00:45:00,28.270,,,,,
10053,07/20/21 01:00:00,28.270,,,,,
10054,07/20/21 01:15:00,28.270,,,,,
10055,07/20/21 01:30:00,28.270,,,,,
10056,07/20/21 01:45:00,28.270,,,,,
10057,07/20/21 02:00:00,28.270,,,,,
10058,07/20/21 02:15:00,28.270,,,,,
10059,07/20/21 02:30:00,28.270,,,,,
10060,07/20/21 02:45:00,28.270,,,,,
10061,07/20/21 03:00:00,28.295,,,,,
10062,07/20/21 03:15:00,28.295,,,,,
10063,07/20/21 03:30:00,28.295,,,,,
10064,07/20/21 03:45:00,28.295,,,,,
10065,07/20/21 04:00:00,28.196,,,,,
10066,07/20/21 04:15:00,28.270,,,,,
10067,07/20/21 04:30:00,28.147,,,,,
10068,07/20/21 04:45:00,28.072,,,,,
10069,07/20/21 05:00:00,28.023,,,,,
10070,07/20/21 05:15:00,28.023,,,,,
10071,07/20/21 05:30:00,28.147,,,,,
10072,07/20/21 05:45:00,28.196,,,,,
10073,07/20/21 06:00:00,28.245,,,,,
10074,07/20/21 06:15:00,28.221,,,,,
10075,07/20/21 06:30:00,28.245,,,,,
10076,07/20/21 06:45:00,28.221,,,,,
10077,07/20/21 07:00:00,28.122,,,,,
10078,07/20/21 07:15:00,28.171,,,,,
10079,07/20/21 07:30:00,28.171,,,,,
10080,07/20/21 07:45:00,28.196,,,,,
10081,07/20/21 08:00:00,28.171,,,,,
10082,07/20/21 08:15:00,28.147,,,,,
10083,07/20/21 08:30:00,28.122,,,,,
10084,07/20/21 08:45:00,28.122,,,,,
10085,07/20/21 09:00:00,28.171,,,,,
10086,07/20/21 09:15:00,28.196,,,,,
10087,07/20/21 09:30:00,28.196,,,,,
10088,07/20/21 09:45:00,28.221,,,,,
10089,07/20/21 10:00:00,28.221,,,,,
10090,07/20/21 10:15:00,28.221,,,,,
10091,07/20/21 10:30:00,28.196,,,,,
10092,07/20/21 10:45:00,28.221,,,,,
10093,07/20/21 11:00:00,28.245,,,,,
10094,07/20/21 11:15:00,28.245,,,,,
10095,07/20/21 11:30:00,28.270,,,,,
10096,07/20/21 11:45:00,28.295,,,,,
10097,07/20/21 12:00:00,28.270,,,,,
10098,07/20/21 12:15:00,28.320,,,,,
10099,07/20/21 12:30:00,28.320,,,,,
10100,07/20/21 12:45:00,28.320,,,,,
10101,07/20/21 13:00:00,28.320,,,,,
10102,07/20/21 13:15:00,28.320,,,,,
10103,07/20/21 13:30:00,28.320,,,,,
10104,07/20/21 13:45:00,28.295,,,,,
10105,07/20/21 14:00:00,28.345,,,,,
10106,07/20/21 14:15:00,28.345,,,,,
10107,07/20/21 14:30:00,28.345,,,,,
10108,07/20/21 14:45:00,28.345,,,,,
10109,07/20/21 15:00:00,28.369,,,,,
10110,07/20/21 15:15:00,28.394,,,,,
10111,07/20/21 15:30:00,28.394,,,,,
10112,07/20/21 15:45:00,28.320,,,,,
10113,07/20/21 16:00:00,28.147,,,,,
10114,07/20/21 16:15:00,28.245,,,,,
10115,07/20/21 16:30:00,28.270,,,,,
10116,07/20/21 16:45:00,28.295,,,,,
10117,07/20/21 17:00:00,28.320,,,,,
10118,07/20/21 17:15:00,28.345,,,,,
10119,07/20/21 17:30:00,28.345,,,,,
10120,07/20/21 17:45:00,28.345,,,,,
10121,07/20/21 18:00:00,28.171,,,,,
10122,07/20/21 18:15:00,28.270,,,,,
10123,07/20/21 18:30:00,28.147,,,,,
10124,07/20/21 18:45:00,27.949,,,,,
10125,07/20/21 19:00:00,27.751,,,,,
10126,07/20/21 19:15:00,27.727,,,,,
10127,07/20/21 19:30:00,27.702,,,,,
10128,07/20/21 19:45:00,27.776,,,,,
10129,07/20/21 20:00:00,27.727,,,,,
10130,07/20/21 20:15:00,27.554,,,,,
10131,07/20/21 20:30:00,27.653,,,,,
10132,07/20/21 20:45:00,27.653,,,,,
10133,07/20/21 21:00:00,27.604,,,,,
10134,07/20/21 21:15:00,27.628,,,,,
10135,07/20/21 21:30:00,27.554,,,,,
10136,07/20/21 21:45:00,27.653,,,,,
10137,07/20/21 22:00:00,27.628,,,,,
10138,07/20/21 22:15:00,27.579,,,,,
10139,07/20/21 22:30:00,27.677,,,,,
10140,07/20/21 22:45:00,27.604,,,,,
10141,07/20/21 23:00:00,27.628,,,,,
10142,07/20/21 23:15:00,27.850,,,,,
10143,07/20/21 23:30:00,27.998,,,,,
10144,07/20/21 23:45:00,28.097,,,,,
10145,07/21/21 00:00:00,28.147,,,,,
10146,07/21/21 00:15:00,28.221,,,,,
10147,07/21/21 00:30:00,28.245,,,,,
10148,07/21/21 00:45:00,28.270,,,,,
10149,07/21/21 01:00:00,28.295,,,,,
10150,07/21/21 01:15:00,28.295,,,,,
10151,07/21/21 01:30:00,28.320,,,,,
10152,07/21/21 01:45:00,28.320,,,,,
10153,07/21/21 02:00:00,28.320,,,,,
10154,07/21/21 02:15:00,28.320,,,,,
10155,07/21/21 02:30:00,28.295,,,,,
10156,07/21/21 02:45:00,28.320,,,,,
10157,07/21/21 03:00:00,28.245,,,,,
10158,07/21/21 03:15:00,28.345,,,,,
10159,07/21/21 03:30:00,28.345,,,,,
10160,07/21/21 03:45:00,28.345,,,,,
10161,07/21/21 04:00:00,28.270,,,,,
10162,07/21/21 04:15:00,28.270,,,,,
10163,07/21/21 04:30:00,28.270,,,,,
10164,07/21/21 04:45:00,28.270,,,,,
10165,07/21/21 05:00:00,28.270,,,,,
10166,07/21/21 05:15:00,28.221,,,,,
10167,07/21/21 05:30:00,28.270,,,,,
10168,07/21/21 05:45:00,28.196,,,,,
10169,07/21/21 06:00:00,28.122,,,,,
10170,07/21/21 06:15:00,27.974,,,,,
10171,07/21/21 06:30:00,28.221,,,,,
10172,07/21/21 06:45:00,28.245,,,,,
10173,07/21/21 07:00:00,27.899,,,,,
10174,07/21/21 07:15:00,28.048,,,,,
10175,07/21/21 07:30:00,28.171,,,,,
10176,07/21/21 07:45:00,28.221,,,,,
10177,07/21/21 08:00:00,28.221,,,,,
10178,07/21/21 08:15:00,28.221,,,,,
10179,07/21/21 08:30:00,28.245,,,,,
10180,07/21/21 08:45:00,28.221,,,,,
10181,07/21/21 09:00:00,28.221,,,,,
10182,07/21/21 09:15:00,28.221,,,,,
10183,07/21/21 09:30:00,28.245,,,,,
10184,07/21/21 09:45:00,28.196,,,,,
10185,07/21/21 10:00:00,28.196,,,,,
10186,07/21/21 10:15:00,28.221,,,,,
10187,07/21/21 10:30:00,28.245,,,,,
10188,07/21/21 10:45:00,28.245,,,,,
10189,07/21/21 11:00:00,28.245,,,,,
10190,07/21/21 11:15:00,28.245,,,,,
10191,07/21/21 11:30:00,28.270,,,,,
10192,07/21/21 11:45:00,28.270,,,,,
10193,07/21/21 12:00:00,28.245,,,,,
10194,07/21/21 12:15:00,28.245,,,,,
10195,07/21/21 12:30:00,28.245,,,,,
10196,07/21/21 12:45:00,28.245,,,,,
10197,07/21/21 13:00:00,28.221,,,,,
10198,07/21/21 13:15:00,28.221,,,,,
10199,07/21/21 13:30:00,28.245,,,,,
10200,07/21/21 13:45:00,28.295,,,,,
10201,07/21/21 14:00:00,28.270,,,,,
10202,07/21/21 14:15:00,28.295,,,,,
10203,07/21/21 14:30:00,28.295,,,,,
10204,07/21/21 14:45:00,28.295,,,,,
10205,07/21/21 15:00:00,28.270,,,,,
10206,07/21/21 15:15:00,28.221,,,,,
10207,07/21/21 15:30:00,28.245,,,,,
10208,07/21/21 15:45:00,28.270,,,,,
10209,07/21/21 16:00:00,28.270,,,,,
10210,07/21/21 16:15:00,28.295,,,,,
10211,07/21/21 16:30:00,28.320,,,,,
10212,07/21/21 16:45:00,28.320,,,,,
10213,07/21/21 17:00:00,28.147,,,,,
10214,07/21/21 17:15:00,28.048,,,,,
10215,07/21/21 17:30:00,27.949,,,,,
10216,07/21/21 17:45:00,27.628,,,,,
10217,07/21/21 18:00:00,27.358,,,,,
10218,07/21/21 18:15:00,27.456,,,,,
10219,07/21/21 18:30:00,27.431,,,,,
10220,07/21/21 18:45:00,27.358,,,,,
10221,07/21/21 19:00:00,27.530,,,,,
10222,07/21/21 19:15:00,27.702,,,,,
10223,07/21/21 19:30:00,27.677,,,,,
10224,07/21/21 19:45:00,27.333,,,,,
10225,07/21/21 20:00:00,27.308,,,,,
10226,07/21/21 20:15:00,27.259,,,,,
10227,07/21/21 20:30:00,27.210,,,,,
10228,07/21/21 20:45:00,27.284,,,,,
10229,07/21/21 21:00:00,27.333,,,,,
10230,07/21/21 21:15:00,27.259,,,,,
10231,07/21/21 21:30:00,27.259,,,,,
10232,07/21/21 21:45:00,27.333,,,,,
10233,07/21/21 22:00:00,27.554,,,,,
10234,07/21/21 22:15:00,27.825,,,,,
10235,07/21/21 22:30:00,27.998,,,,,
10236,07/21/21 22:45:00,28.122,,,,,
10237,07/21/21 23:00:00,28.221,,,,,
10238,07/21/21 23:15:00,28.122,,,,,
10239,07/21/21 23:30:00,28.221,,,,,
10240,07/21/21 23:45:00,28.097,,,,,
10241,07/22/21 00:00:00,28.072,,,,,
10242,07/22/21 00:15:00,28.023,,,,,
10243,07/22/21 00:30:00,27.998,,,,,
10244,07/22/21 00:45:00,27.899,,,,,
10245,07/22/21 01:00:00,27.801,,,,,
10246,07/22/21 01:15:00,27.776,,,,,
10247,07/22/21 01:30:00,27.751,,,,,
10248,07/22/21 01:45:00,27.924,,,,,
10249,07/22/21 02:00:00,28.171,,,,,
10250,07/22/21 02:15:00,28.122,,,,,
10251,07/22/21 02:30:00,28.097,,,,,
10252,07/22/21 02:45:00,28.122,,,,,
10253,07/22/21 03:00:00,28.171,,,,,
10254,07/22/21 03:15:00,28.221,,,,,
10255,07/22/21 03:30:00,28.196,,,,,
10256,07/22/21 03:45:00,28.245,,,,,
10257,07/22/21 04:00:00,28.171,,,,,
10258,07/22/21 04:15:00,28.221,,,,,
10259,07/22/21 04:30:00,28.171,,,,,
10260,07/22/21 04:45:00,28.196,,,,,
10261,07/22/21 05:00:00,28.221,,,,,
10262,07/22/21 05:15:00,28.270,,,,,
10263,07/22/21 05:30:00,28.097,,,,,
10264,07/22/21 05:45:00,27.776,,,,,
10265,07/22/21 06:00:00,27.825,,,,,
10266,07/22/21 06:15:00,27.924,,,,,
10267,07/22/21 06:30:00,27.949,,,,,
10268,07/22/21 06:45:00,27.998,,,,,
10269,07/22/21 07:00:00,28.023,,,,,
10270,07/22/21 07:15:00,28.147,,,,,
10271,07/22/21 07:30:00,28.072,,,,,
10272,07/22/21 07:45:00,28.122,,,,,
10273,07/22/21 08:00:00,28.171,,,,,
10274,07/22/21 08:15:00,28.171,,,,,
10275,07/22/21 08:30:00,28.221,,,,,
10276,07/22/21 08:45:00,28.221,,,,,
10277,07/22/21 09:00:00,28.245,,,,,
10278,07/22/21 09:15:00,28.245,,,,,
10279,07/22/21 09:30:00,28.245,,,,,
10280,07/22/21 09:45:00,28.270,,,,,
10281,07/22/21 10:00:00,28.270,,,,,
10282,07/22/21 10:15:00,28.295,,,,,
10283,07/22/21 10:30:00,28.295,,,,,
10284,07/22/21 10:45:00,28.295,,,,,
10285,07/22/21 11:00:00,28.320,,,,,
10286,07/22/21 11:15:00,28.320,,,,,
10287,07/22/21 11:30:00,28.295,,,,,
10288,07/22/21 11:45:00,28.295,,,,,
10289,07/22/21 12:00:00,28.295,,,,,
10290,07/22/21 12:15:00,28.221,,,,,
10291,07/22/21 12:30:00,28.270,,,,,
10292,07/22/21 12:45:00,28.295,,,,,
10293,07/22/21 13:00:00,28.295,,,,,
10294,07/22/21 13:15:00,28.295,,,,,
10295,07/22/21 13:30:00,28.221,,,,,
10296,07/22/21 13:45:00,28.122,,,,,
10297,07/22/21 14:00:00,28.245,,,,,
10298,07/22/21 14:15:00,28.320,,,,,
10299,07/22/21 14:30:00,28.345,,,,,
10300,07/22/21 14:45:00,28.369,,,,,
10301,07/22/21 15:00:00,28.369,,,,,
10302,07/22/21 15:15:00,28.345,,,,,
10303,07/22/21 15:30:00,28.345,,,,,
10304,07/22/21 15:45:00,28.345,,,,,
10305,07/22/21 16:00:00,28.369,,,,,
10306,07/22/21 16:15:00,28.345,,,,,
10307,07/22/21 16:30:00,28.320,,,,,
10308,07/22/21 16:45:00,28.295,,,,,
10309,07/22/21 17:00:00,28.295,,,,,
10310,07/22/21 17:15:00,28.295,,,,,
10311,07/22/21 17:30:00,28.295,,,,,
10312,07/22/21 17:45:00,28.295,,,,,
10313,07/22/21 18:00:00,28.270,,,,,
10314,07/22/21 18:15:00,28.171,,,,,
10315,07/22/21 18:30:00,27.998,,,,,
10316,07/22/21 18:45:00,27.776,,,,,
10317,07/22/21 19:00:00,27.653,,,,,
10318,07/22/21 19:15:00,27.604,,,,,
10319,07/22/21 19:30:00,27.530,,,,,
10320,07/22/21 19:45:00,27.505,,,,,
10321,07/22/21 20:00:00,27.505,,,,,
10322,07/22/21 20:15:00,27.456,,,,,
10323,07/22/21 20:30:00,27.333,,,,,
10324,07/22/21 20:45:00,27.333,,,,,
10325,07/22/21 21:00:00,27.308,,,,,
10326,07/22/21 21:15:00,27.333,,,,,
10327,07/22/21 21:30:00,27.333,,,,,
10328,07/22/21 21:45:00,27.333,,,,,
10329,07/22/21 22:00:00,27.431,,,,,
10330,07/22/21 22:15:00,27.481,,,,,
10331,07/22/21 22:30:00,27.505,,,,,
10332,07/22/21 22:45:00,27.998,,,,,
10333,07/22/21 23:00:00,27.456,,,,,
10334,07/22/21 23:15:00,27.431,,,,,
10335,07/22/21 23:30:00,28.048,,,,,
10336,07/22/21 23:45:00,28.072,,,,,
10337,07/23/21 00:00:00,28.072,,,,,
10338,07/23/21 00:15:00,28.097,,,,,
10339,07/23/21 00:30:00,28.122,,,,,
10340,07/23/21 00:45:00,28.072,,,,,
10341,07/23/21 01:00:00,28.097,,,,,
10342,07/23/21 01:15:00,28.097,,,,,
10343,07/23/21 01:30:00,28.122,,,,,
10344,07/23/21 01:45:00,28.097,,,,,
10345,07/23/21 02:00:00,28.122,,,,,
10346,07/23/21 02:15:00,28.048,,,,,
10347,07/23/21 02:30:00,27.974,,,,,
10348,07/23/21 02:45:00,28.171,,,,,
10349,07/23/21 03:00:00,28.270,,,,,
10350,07/23/21 03:15:00,28.320,,,,,
10351,07/23/21 03:30:00,28.369,,,,,
10352,07/23/21 03:45:00,28.369,,,,,
10353,07/23/21 04:00:00,28.369,,,,,
10354,07/23/21 04:15:00,28.320,,,,,
10355,07/23/21 04:30:00,28.345,,,,,
10356,07/23/21 04:45:00,28.369,,,,,
10357,07/23/21 05:00:00,28.320,,,,,
10358,07/23/21 05:15:00,28.295,,,,,
10359,07/23/21 05:30:00,28.295,,,,,
10360,07/23/21 05:45:00,28.320,,,,,
10361,07/23/21 06:00:00,28.320,,,,,
10362,07/23/21 06:15:00,28.270,,,,,
10363,07/23/21 06:30:00,28.295,,,,,
10364,07/23/21 06:45:00,28.295,,,,,
10365,07/23/21 07:00:00,28.320,,,,,
10366,07/23/21 07:15:00,28.320,,,,,
10367,07/23/21 07:30:00,28.345,,,,,
10368,07/23/21 07:45:00,28.270,,,,,
10369,07/23/21 08:00:00,28.270,,,,,
10370,07/23/21 08:15:00,28.270,,,,,
10371,07/23/21 08:30:00,28.320,,,,,
10372,07/23/21 08:45:00,28.320,,,,,
10373,07/23/21 09:00:00,28.345,,,,,
10374,07/23/21 09:15:00,28.345,,,,,
10375,07/23/21 09:30:00,28.345,,,,,
10376,07/23/21 09:45:00,28.369,,,,,
10377,07/23/21 10:00:00,28.345,,,,,
10378,07/23/21 10:15:00,28.345,,,,,
10379,07/23/21 10:30:00,28.345,,,,,
10380,07/23/21 10:45:00,28.270,,,,,
10381,07/23/21 11:00:00,28.295,,,,,
10382,07/23/21 11:15:00,28.171,,,,,
10383,07/23/21 11:30:00,28.048,,,,,
10384,07/23/21 11:45:00,28.048,,,,,
10385,07/23/21 12:00:00,27.924,,,,,
10386,07/23/21 12:15:00,27.924,,,,,
10387,07/23/21 12:30:00,27.899,,,,,
10388,07/23/21 12:45:00,27.924,,,,,
10389,07/23/21 13:00:00,27.899,,,,,
10390,07/23/21 13:15:00,27.899,,,,,
10391,07/23/21 13:30:00,27.949,,,,,
10392,07/23/21 13:45:00,27.949,,,,,
10393,07/23/21 14:00:00,27.653,,,,,
10394,07/23/21 14:15:00,27.899,,,,,
10395,07/23/21 14:30:00,27.998,,,,,
10396,07/23/21 14:45:00,28.270,,,,,
10397,07/23/21 15:00:00,28.320,,,,,
10398,07/23/21 15:15:00,28.295,,,,,
10399,07/23/21 15:30:00,28.245,,,,,
10400,07/23/21 15:45:00,28.147,,,,,
10401,07/23/21 16:00:00,27.924,,,,,
10402,07/23/21 16:15:00,27.875,,,,,
10403,07/23/21 16:30:00,28.023,,,,,
10404,07/23/21 16:45:00,28.097,,,,,
10405,07/23/21 17:00:00,28.097,,,,,
10406,07/23/21 17:15:00,28.048,,,,,
10407,07/23/21 17:30:00,28.147,,,,,
10408,07/23/21 17:45:00,27.875,,,,,
10409,07/23/21 18:00:00,27.653,,,,,
10410,07/23/21 18:15:00,27.677,,,,,
10411,07/23/21 18:30:00,27.727,,,,,
10412,07/23/21 18:45:00,27.554,,,,,
10413,07/23/21 19:00:00,27.604,,,,,
10414,07/23/21 19:15:00,27.407,,,,,
10415,07/23/21 19:30:00,27.358,,,,,
10416,07/23/21 19:45:00,27.382,,,,,
10417,07/23/21 20:00:00,27.579,,,,,
10418,07/23/21 20:15:00,27.505,,,,,
10419,07/23/21 20:30:00,27.382,,,,,
10420,07/23/21 20:45:00,27.284,,,,,
10421,07/23/21 21:00:00,27.382,,,,,
10422,07/23/21 21:15:00,27.407,,,,,
10423,07/23/21 21:30:00,27.505,,,,,
10424,07/23/21 21:45:00,27.431,,,,,
10425,07/23/21 22:00:00,27.431,,,,,
10426,07/23/21 22:15:00,27.727,,,,,
10427,07/23/21 22:30:00,27.850,,,,,
10428,07/23/21 22:45:00,27.825,,,,,
10429,07/23/21 23:00:00,27.554,,,,,
10430,07/23/21 23:15:00,27.481,,,,,
10431,07/23/21 23:30:00,27.505,,,,,
10432,07/23/21 23:45:00,27.456,,,,,
10433,07/24/21 00:00:00,27.579,,,,,
10434,07/24/21 00:15:00,27.604,,,,,
10435,07/24/21 00:30:00,27.702,,,,,
10436,07/24/21 00:45:00,27.875,,,,,
10437,07/24/21 01:00:00,27.949,,,,,
10438,07/24/21 01:15:00,27.628,,,,,
10439,07/24/21 01:30:00,27.259,,,,,
10440,07/24/21 01:45:00,27.333,,,,,
10441,07/24/21 02:00:00,27.358,,,,,
10442,07/24/21 02:15:00,28.048,,,,,
10443,07/24/21 02:30:00,28.171,,,,,
10444,07/24/21 02:45:00,28.171,,,,,
10445,07/24/21 03:00:00,28.245,,,,,
10446,07/24/21 03:15:00,28.345,,,,,
10447,07/24/21 03:30:00,28.345,,,,,
10448,07/24/21 03:45:00,28.369,,,,,
10449,07/24/21 04:00:00,28.419,,,,,
10450,07/24/21 04:15:00,28.419,,,,,
10451,07/24/21 04:30:00,28.419,,,,,
10452,07/24/21 04:45:00,28.444,,,,,
10453,07/24/21 05:00:00,28.394,,,,,
10454,07/24/21 05:15:00,28.444,,,,,
10455,07/24/21 05:30:00,28.468,,,,,
10456,07/24/21 05:45:00,28.468,,,,,
10457,07/24/21 06:00:00,28.468,,,,,
10458,07/24/21 06:15:00,28.468,,,,,
10459,07/24/21 06:30:00,28.468,,,,,
10460,07/24/21 06:45:00,28.468,,,,,
10461,07/24/21 07:00:00,28.468,,,,,
10462,07/24/21 07:15:00,28.444,,,,,
10463,07/24/21 07:30:00,28.419,,,,,
10464,07/24/21 07:45:00,28.419,,,,,
10465,07/24/21 08:00:00,28.444,,,,,
10466,07/24/21 08:15:00,28.468,,,,,
10467,07/24/21 08:30:00,28.468,,,,,
10468,07/24/21 08:45:00,28.468,,,,,
10469,07/24/21 09:00:00,28.468,,,,,
10470,07/24/21 09:15:00,28.468,,,,,
10471,07/24/21 09:30:00,28.468,,,,,
10472,07/24/21 09:45:00,28.468,,,,,
10473,07/24/21 10:00:00,28.468,,,,,
10474,07/24/21 10:15:00,28.468,,,,,
10475,07/24/21 10:30:00,28.468,,,,,
10476,07/24/21 10:45:00,28.468,,,,,
10477,07/24/21 11:00:00,28.468,,,,,
10478,07/24/21 11:15:00,28.468,,,,,
10479,07/24/21 11:30:00,28.468,,,,,
10480,07/24/21 11:45:00,28.468,,,,,
10481,07/24/21 12:00:00,28.468,,,,,
10482,07/24/21 12:15:00,28.369,,,,,
10483,07/24/21 12:30:00,28.369,,,,,
10484,07/24/21 12:45:00,28.345,,,,,
10485,07/24/21 13:00:00,28.320,,,,,
10486,07/24/21 13:15:00,28.295,,,,,
10487,07/24/21 13:30:00,28.320,,,,,
10488,07/24/21 13:45:00,28.320,,,,,
10489,07/24/21 14:00:00,28.171,,,,,
10490,07/24/21 14:15:00,27.825,,,,,
10491,07/24/21 14:30:00,27.677,,,,,
10492,07/24/21 14:45:00,27.653,,,,,
10493,07/24/21 15:00:00,27.776,,,,,
10494,07/24/21 15:15:00,27.850,,,,,
10495,07/24/21 15:30:00,27.825,,,,,
10496,07/24/21 15:45:00,27.998,,,,,
10497,07/24/21 16:00:00,28.419,,,,,
10498,07/24/21 16:15:00,28.295,,,,,
10499,07/24/21 16:30:00,28.568,,,,,
10500,07/24/21 16:45:00,28.543,,,,,
10501,07/24/21 17:00:00,28.568,,,,,
10502,07/24/21 17:15:00,28.196,,,,,
10503,07/24/21 17:30:00,28.048,,,,,
10504,07/24/21 17:45:00,27.850,,,,,
10505,07/24/21 18:00:00,27.899,,,,,
10506,07/24/21 18:15:00,27.924,,,,,
10507,07/24/21 18:30:00,27.924,,,,,
10508,07/24/21 18:45:00,27.924,,,,,
10509,07/24/21 19:00:00,27.998,,,,,
10510,07/24/21 19:15:00,27.974,,,,,
10511,07/24/21 19:30:00,27.949,,,,,
10512,07/24/21 19:45:00,27.677,,,,,
10513,07/24/21 20:00:00,27.628,,,,,
10514,07/24/21 20:15:00,27.653,,,,,
10515,07/24/21 20:30:00,27.481,,,,,
10516,07/24/21 20:45:00,27.456,,,,,
10517,07/24/21 21:00:00,27.407,,,,,
10518,07/24/21 21:15:00,27.284,,,,,
10519,07/24/21 21:30:00,27.161,,,,,
10520,07/24/21 21:45:00,27.308,,,,,
10521,07/24/21 22:00:00,27.063,,,,,
10522,07/24/21 22:15:00,27.014,,,,,
10523,07/24/21 22:30:00,26.965,,,,,
10524,07/24/21 22:45:00,26.940,,,,,
10525,07/24/21 23:00:00,27.112,,,,,
10526,07/24/21 23:15:00,27.087,,,,,
10527,07/24/21 23:30:00,27.161,,,,,
10528,07/24/21 23:45:00,27.112,,,,,
10529,07/25/21 00:00:00,27.161,,,,,
10530,07/25/21 00:15:00,27.186,,,,,
10531,07/25/21 00:30:00,27.210,,,,,
10532,07/25/21 00:45:00,27.186,,,,,
10533,07/25/21 01:00:00,27.210,,,,,
10534,07/25/21 01:15:00,27.161,,,,,
10535,07/25/21 01:30:00,27.161,,,,,
10536,07/25/21 01:45:00,27.136,,,,,
10537,07/25/21 02:00:00,27.087,,,,,
10538,07/25/21 02:15:00,27.063,,,,,
10539,07/25/21 02:30:00,27.063,,,,,
10540,07/25/21 02:45:00,27.308,,,,,
10541,07/25/21 03:00:00,27.653,,,,,
10542,07/25/21 03:15:00,27.161,,,,,
10543,07/25/21 03:30:00,27.530,,,,,
10544,07/25/21 03:45:00,27.924,,,,,
10545,07/25/21 04:00:00,27.899,,,,,
10546,07/25/21 04:15:00,27.875,,,,,
10547,07/25/21 04:30:00,27.949,,,,,
10548,07/25/21 04:45:00,27.382,,,,,
10549,07/25/21 05:00:00,27.998,,,,,
10550,07/25/21 05:15:00,28.122,,,,,
10551,07/25/21 05:30:00,28.048,,,,,
10552,07/25/21 05:45:00,28.122,,,,,
10553,07/25/21 06:00:00,27.974,,,,,
10554,07/25/21 06:15:00,27.456,,,,,
10555,07/25/21 06:30:00,27.136,,,,,
10556,07/25/21 06:45:00,27.702,,,,,
10557,07/25/21 07:00:00,28.270,,,,,
10558,07/25/21 07:15:00,28.468,,,,,
10559,07/25/21 07:30:00,28.394,,,,,
10560,07/25/21 07:45:00,28.493,,,,,
10561,07/25/21 08:00:00,28.518,,,,,
10562,07/25/21 08:15:00,28.369,,,,,
10563,07/25/21 08:30:00,28.419,,,,,
10564,07/25/21 08:45:00,28.468,,,,,
10565,07/25/21 09:00:00,28.394,,,,,
10566,07/25/21 09:15:00,28.444,,,,,
10567,07/25/21 09:30:00,28.468,,,,,
10568,07/25/21 09:45:00,28.493,,,,,
10569,07/25/21 10:00:00,28.493,,,,,
10570,07/25/21 10:15:00,28.345,,,,,
10571,07/25/21 10:30:00,28.122,,,,,
10572,07/25/21 10:45:00,28.171,,,,,
10573,07/25/21 11:00:00,28.245,,,,,
10574,07/25/21 11:15:00,28.369,,,,,
10575,07/25/21 11:30:00,28.444,,,,,
10576,07/25/21 11:45:00,28.518,,,,,
10577,07/25/21 12:00:00,28.468,,,,,
10578,07/25/21 12:15:00,28.468,,,,,
10579,07/25/21 12:30:00,28.493,,,,,
10580,07/25/21 12:45:00,28.419,,,,,
10581,07/25/21 13:00:00,28.419,,,,,
10582,07/25/21 13:15:00,28.444,,,,,
10583,07/25/21 13:30:00,28.444,,,,,
10584,07/25/21 13:45:00,28.369,,,,,
10585,07/25/21 14:00:00,28.221,,,,,
10586,07/25/21 14:15:00,27.063,,,,,
10587,07/25/21 14:30:00,26.940,,,,,
10588,07/25/21 14:45:00,26.940,,,,,
10589,07/25/21 15:00:00,26.989,,,,,
10590,07/25/21 15:15:00,26.965,,,,,
10591,07/25/21 15:30:00,26.965,,,,,
10592,07/25/21 15:45:00,26.940,,,,,
10593,07/25/21 16:00:00,27.136,,,,,
10594,07/25/21 16:15:00,27.087,,,,,
10595,07/25/21 16:30:00,27.259,,,,,
10596,07/25/21 16:45:00,27.382,,,,,
10597,07/25/21 17:00:00,27.382,,,,,
10598,07/25/21 17:15:00,27.431,,,,,
10599,07/25/21 17:30:00,27.407,,,,,
10600,07/25/21 17:45:00,27.382,,,,,
10601,07/25/21 18:00:00,27.628,,,,,
10602,07/25/21 18:15:00,27.505,,,,,
10603,07/25/21 18:30:00,27.628,,,,,
10604,07/25/21 18:45:00,27.776,,,,,
10605,07/25/21 19:00:00,27.653,,,,,
10606,07/25/21 19:15:00,27.677,,,,,
10607,07/25/21 19:30:00,27.554,,,,,
10608,07/25/21 19:45:00,27.727,,,,,
10609,07/25/21 20:00:00,28.023,,,,,
10610,07/25/21 20:15:00,28.295,,,,,
10611,07/25/21 20:30:00,28.394,,,,,
10612,07/25/21 20:45:00,27.751,,,,,
10613,07/25/21 21:00:00,27.801,,,,,
10614,07/25/21 21:15:00,27.333,,,,,
10615,07/25/21 21:30:00,27.259,,,,,
10616,07/25/21 21:45:00,27.284,,,,,
10617,07/25/21 22:00:00,27.308,,,,,
10618,07/25/21 22:15:00,27.333,,,,,
10619,07/25/21 22:30:00,27.358,,,,,
10620,07/25/21 22:45:00,27.333,,,,,
10621,07/25/21 23:00:00,27.284,,,,,
10622,07/25/21 23:15:00,27.382,,,,,
10623,07/25/21 23:30:00,27.284,,,,,
10624,07/25/21 23:45:00,27.308,,,,,
10625,07/26/21 00:00:00,27.382,,,,,
10626,07/26/21 00:15:00,27.284,,,,,
10627,07/26/21 00:30:00,27.235,,,,,
10628,07/26/21 00:45:00,27.210,,,,,
10629,07/26/21 01:00:00,28.147,,,,,
10630,07/26/21 01:15:00,27.949,,,,,
10631,07/26/21 01:30:00,27.210,,,,,
10632,07/26/21 01:45:00,27.407,,,,,
10633,07/26/21 02:00:00,27.899,,,,,
10634,07/26/21 02:15:00,27.801,,,,,
10635,07/26/21 02:30:00,27.677,,,,,
10636,07/26/21 02:45:00,27.702,,,,,
10637,07/26/21 03:00:00,27.677,,,,,
10638,07/26/21 03:15:00,27.751,,,,,
10639,07/26/21 03:30:00,27.702,,,,,
10640,07/26/21 03:45:00,27.628,,,,,
10641,07/26/21 04:00:00,27.677,,,,,
10642,07/26/21 04:15:00,27.751,,,,,
10643,07/26/21 04:30:00,27.751,,,,,
10644,07/26/21 04:45:00,27.727,,,,,
10645,07/26/21 05:00:00,27.727,,,,,
10646,07/26/21 05:15:00,27.751,,,,,
10647,07/26/21 05:30:00,27.776,,,,,
10648,07/26/21 05:45:00,27.210,,,,,
10649,07/26/21 06:00:00,27.702,,,,,
10650,07/26/21 06:15:00,27.161,,,,,
10651,07/26/21 06:30:00,27.087,,,,,
10652,07/26/21 06:45:00,27.063,,,,,
10653,07/26/21 07:00:00,27.063,,,,,
10654,07/26/21 07:15:00,27.063,,,,,
10655,07/26/21 07:30:00,27.087,,,,,
10656,07/26/21 07:45:00,27.899,,,,,
10657,07/26/21 08:00:00,27.801,,,,,
10658,07/26/21 08:15:00,27.776,,,,,
10659,07/26/21 08:30:00,27.825,,,,,
10660,07/26/21 08:45:00,28.122,,,,,
10661,07/26/21 09:00:00,28.196,,,,,
10662,07/26/21 09:15:00,28.270,,,,,
10663,07/26/21 09:30:00,28.320,,,,,
10664,07/26/21 09:45:00,28.345,,,,,
10665,07/26/21 10:00:00,28.394,,,,,
10666,07/26/21 10:15:00,28.419,,,,,
10667,07/26/21 10:30:00,28.444,,,,,
10668,07/26/21 10:45:00,28.468,,,,,
10669,07/26/21 11:00:00,28.468,,,,,
10670,07/26/21 11:15:00,28.468,,,,,
10671,07/26/21 11:30:00,28.419,,,,,
10672,07/26/21 11:45:00,28.444,,,,,
10673,07/26/21 12:00:00,28.493,,,,,
10674,07/26/21 12:15:00,28.493,,,,,
10675,07/26/21 12:30:00,28.493,,,,,
10676,07/26/21 12:45:00,28.419,,,,,
10677,07/26/21 13:00:00,28.419,,,,,
10678,07/26/21 13:15:00,28.320,,,,,
10679,07/26/21 13:30:00,28.320,,,,,
10680,07/26/21 13:45:00,28.221,,,,,
10681,07/26/21 14:00:00,28.196,,,,,
10682,07/26/21 14:15:00,28.023,,,,,
10683,07/26/21 14:30:00,27.112,,,,,
10684,07/26/21 14:45:00,27.063,,,,,
10685,07/26/21 15:00:00,27.014,,,,,
10686,07/26/21 15:15:00,27.014,,,,,
10687,07/26/21 15:30:00,27.014,,,,,
10688,07/26/21 15:45:00,26.989,,,,,
10689,07/26/21 16:00:00,26.989,,,,,
10690,07/26/21 16:15:00,26.989,,,,,
10691,07/26/21 16:30:00,26.989,,,,,
10692,07/26/21 16:45:00,26.989,,,,,
10693,07/26/21 17:00:00,26.989,,,,,
10694,07/26/21 17:15:00,26.940,,,,,
10695,07/26/21 17:30:00,26.989,,,,,
10696,07/26/21 17:45:00,27.014,,,,,
10697,07/26/21 18:00:00,27.038,,,,,
10698,07/26/21 18:15:00,27.038,,,,,
10699,07/26/21 18:30:00,27.038,,,,,
10700,07/26/21 18:45:00,27.136,,,,,
10701,07/26/21 19:00:00,27.161,,,,,
10702,07/26/21 19:15:00,27.161,,,,,
10703,07/26/21 19:30:00,27.186,,,,,
10704,07/26/21 19:45:00,27.186,,,,,
10705,07/26/21 20:00:00,27.210,,,,,
10706,07/26/21 20:15:00,27.186,,,,,
10707,07/26/21 20:30:00,27.235,,,,,
10708,07/26/21 20:45:00,27.727,,,,,
10709,07/26/21 21:00:00,27.653,,,,,
10710,07/26/21 21:15:00,27.358,,,,,
10711,07/26/21 21:30:00,27.284,,,,,
10712,07/26/21 21:45:00,27.235,,,,,
10713,07/26/21 22:00:00,27.235,,,,,
10714,07/26/21 22:15:00,27.210,,,,,
10715,07/26/21 22:30:00,27.014,,,,,
10716,07/26/21 22:45:00,26.989,,,,,
10717,07/26/21 23:00:00,26.989,,,,,
10718,07/26/21 23:15:00,26.989,,,,,
10719,07/26/21 23:30:00,26.989,,,,,
10720,07/26/21 23:45:00,26.989,,,,,
10721,07/27/21 00:00:00,26.989,,,,,
10722,07/27/21 00:15:00,26.989,,,,,
10723,07/27/21 00:30:00,26.989,,,,,
10724,07/27/21 00:45:00,26.965,,,,,
10725,07/27/21 01:00:00,26.989,,,,,
10726,07/27/21 01:15:00,27.038,,,,,
10727,07/27/21 01:30:00,27.210,,,,,
10728,07/27/21 01:45:00,27.284,,,,,
10729,07/27/21 02:00:00,27.259,,,,,
10730,07/27/21 02:15:00,27.801,,,,,
10731,07/27/21 02:30:00,28.023,,,,,
10732,07/27/21 02:45:00,28.122,,,,,
10733,07/27/21 03:00:00,28.023,,,,,
10734,07/27/21 03:15:00,27.924,,,,,
10735,07/27/21 03:30:00,27.776,,,,,
10736,07/27/21 03:45:00,27.949,,,,,
10737,07/27/21 04:00:00,27.875,,,,,
10738,07/27/21 04:15:00,27.850,,,,,
10739,07/27/21 04:30:00,27.974,,,,,
10740,07/27/21 04:45:00,27.850,,,,,
10741,07/27/21 05:00:00,27.825,,,,,
10742,07/27/21 05:15:00,27.776,,,,,
10743,07/27/21 05:30:00,27.776,,,,,
10744,07/27/21 05:45:00,27.776,,,,,
10745,07/27/21 06:00:00,27.727,,,,,
10746,07/27/21 06:15:00,27.702,,,,,
10747,07/27/21 06:30:00,27.677,,,,,
10748,07/27/21 06:45:00,27.751,,,,,
10749,07/27/21 07:00:00,27.875,,,,,
10750,07/27/21 07:15:00,27.776,,,,,
10751,07/27/21 07:30:00,27.751,,,,,
10752,07/27/21 07:45:00,27.801,,,,,
10753,07/27/21 08:00:00,27.801,,,,,
10754,07/27/21 08:15:00,27.875,,,,,
10755,07/27/21 08:30:00,27.949,,,,,
10756,07/27/21 08:45:00,27.998,,,,,
10757,07/27/21 09:00:00,27.924,,,,,
10758,07/27/21 09:15:00,27.974,,,,,
10759,07/27/21 09:30:00,27.875,,,,,
10760,07/27/21 09:45:00,27.875,,,,,
10761,07/27/21 10:00:00,27.801,,,,,
10762,07/27/21 10:15:00,27.801,,,,,
10763,07/27/21 10:30:00,27.825,,,,,
10764,07/27/21 10:45:00,27.998,,,,,
10765,07/27/21 11:00:00,28.122,,,,,
10766,07/27/21 11:15:00,28.048,,,,,
10767,07/27/21 11:30:00,28.147,,,,,
10768,07/27/21 11:45:00,28.196,,,,,
10769,07/27/21 12:00:00,28.171,,,,,
10770,07/27/21 12:15:00,28.196,,,,,
10771,07/27/21 12:30:00,28.196,,,,,
10772,07/27/21 12:45:00,28.196,,,,,
10773,07/27/21 13:00:00,28.295,,,,,
10774,07/27/21 13:15:00,28.221,,,,,
10775,07/27/21 13:30:00,28.196,,,,,
10776,07/27/21 13:45:00,28.270,,,,,
10777,07/27/21 14:00:00,28.320,,,,,
10778,07/27/21 14:15:00,28.345,,,,,
10779,07/27/21 14:30:00,28.369,,,,,
10780,07/27/21 14:45:00,28.345,,,,,
10781,07/27/21 15:00:00,28.345,,,,,
10782,07/27/21 15:15:00,28.369,,,,,
10783,07/27/21 15:30:00,28.394,,,,,
10784,07/27/21 15:45:00,28.419,,,,,
10785,07/27/21 16:00:00,28.419,,,,,
10786,07/27/21 16:15:00,28.419,,,,,
10787,07/27/21 16:30:00,28.419,,,,,
10788,07/27/21 16:45:00,28.444,,,,,
10789,07/27/21 17:00:00,28.468,,,,,
10790,07/27/21 17:15:00,27.579,,,,,
10791,07/27/21 17:30:00,27.358,,,,,
10792,07/27/21 17:45:00,27.333,,,,,
10793,07/27/21 18:00:00,27.333,,,,,
10794,07/27/21 18:15:00,27.333,,,,,
10795,07/27/21 18:30:00,27.333,,,,,
10796,07/27/21 18:45:00,27.333,,,,,
10797,07/27/21 19:00:00,27.333,,,,,
10798,07/27/21 19:15:00,27.333,,,,,
10799,07/27/21 19:30:00,27.333,,,,,
10800,07/27/21 19:45:00,27.382,,,,,
10801,07/27/21 20:00:00,27.677,,,,,
10802,07/27/21 20:15:00,27.505,,,,,
10803,07/27/21 20:30:00,27.481,,,,,
10804,07/27/21 20:45:00,27.579,,,,,
10805,07/27/21 21:00:00,27.677,,,,,
10806,07/27/21 21:15:00,27.505,,,,,
10807,07/27/21 21:30:00,27.358,,,,,
10808,07/27/21 21:45:00,27.333,,,,,
10809,07/27/21 22:00:00,27.284,,,,,
10810,07/27/21 22:15:00,27.259,,,,,
10811,07/27/21 22:30:00,27.308,,,,,
10812,07/27/21 22:45:00,27.333,,,,,
10813,07/27/21 23:00:00,27.333,,,,,
10814,07/27/21 23:15:00,27.456,,,,,
10815,07/27/21 23:30:00,27.727,,,,,
10816,07/27/21 23:45:00,27.579,,,,,
10817,07/28/21 00:00:00,27.456,,,,,
10818,07/28/21 00:15:00,27.456,,,,,
10819,07/28/21 00:30:00,27.407,,,,,
10820,07/28/21 00:45:00,27.431,,,,,
10821,07/28/21 01:00:00,27.382,,,,,
10822,07/28/21 01:15:00,27.308,,,,,
10823,07/28/21 01:30:00,27.431,,,,,
10824,07/28/21 01:45:00,27.456,,,,,
10825,07/28/21 02:00:00,27.481,,,,,
10826,07/28/21 02:15:00,27.554,,,,,
10827,07/28/21 02:30:00,27.604,,,,,
10828,07/28/21 02:45:00,27.505,,,,,
10829,07/28/21 03:00:00,27.530,,,,,
10830,07/28/21 03:15:00,27.702,,,,,
10831,07/28/21 03:30:00,27.727,,,,,
10832,07/28/21 03:45:00,27.899,,,,,
10833,07/28/21 04:00:00,28.072,,,,,
10834,07/28/21 04:15:00,28.097,,,,,
10835,07/28/21 04:30:00,28.122,,,,,
10836,07/28/21 04:45:00,28.196,,,,,
10837,07/28/21 05:00:00,28.122,,,,,
10838,07/28/21 05:15:00,28.023,,,,,
10839,07/28/21 05:30:00,27.998,,,,,
10840,07/28/21 05:45:00,27.998,,,,,
10841,07/28/21 06:00:00,27.899,,,,,
10842,07/28/21 06:15:00,27.776,,,,,
10843,07/28/21 06:30:00,27.776,,,,,
10844,07/28/21 06:45:00,27.825,,,,,
10845,07/28/21 07:00:00,28.122,,,,,
10846,07/28/21 07:15:00,28.171,,,,,
10847,07/28/21 07:30:00,28.023,,,,,
10848,07/28/21 07:45:00,28.245,,,,,
10849,07/28/21 08:00:00,28.320,,,,,
10850,07/28/21 08:15:00,28.369,,,,,
10851,07/28/21 08:30:00,28.320,,,,,
10852,07/28/21 08:45:00,28.369,,,,,
10853,07/28/21 09:00:00,28.444,,,,,
10854,07/28/21 09:15:00,28.245,,,,,
10855,07/28/21 09:30:00,28.320,,,,,
10856,07/28/21 09:45:00,28.345,,,,,
10857,07/28/21 10:00:00,28.320,,,,,
10858,07/28/21 10:15:00,28.320,,,,,
10859,07/28/21 10:30:00,28.270,,,,,
10860,07/28/21 10:45:00,28.196,,,,,
10861,07/28/21 11:00:00,28.221,,,,,
10862,07/28/21 11:15:00,28.270,,,,,
10863,07/28/21 11:30:00,28.270,,,,,
10864,07/28/21 11:45:00,28.295,,,,,
10865,07/28/21 12:00:00,28.345,,,,,
10866,07/28/21 12:15:00,28.270,,,,,
10867,07/28/21 12:30:00,28.295,,,,,
10868,07/28/21 12:45:00,28.295,,,,,
10869,07/28/21 13:00:00,28.245,,,,,
10870,07/28/21 13:15:00,28.270,,,,,
10871,07/28/21 13:30:00,28.245,,,,,
10872,07/28/21 13:45:00,28.196,,,,,
10873,07/28/21 14:00:00,28.245,,,,,
10874,07/28/21 14:15:00,28.221,,,,,
10875,07/28/21 14:30:00,28.221,,,,,
10876,07/28/21 14:45:00,27.974,,,,,
10877,07/28/21 15:00:00,27.825,,,,,
10878,07/28/21 15:15:00,28.097,,,,,
10879,07/28/21 15:30:00,28.072,,,,,
10880,07/28/21 15:45:00,28.097,,,,,
10881,07/28/21 16:00:00,27.998,,,,,
10882,07/28/21 16:15:00,28.196,,,,,
10883,07/28/21 16:30:00,28.270,,,,,
10884,07/28/21 16:45:00,28.468,,,,,
10885,07/28/21 17:00:00,28.444,,,,,
10886,07/28/21 17:15:00,28.444,,,,,
10887,07/28/21 17:30:00,28.245,,,,,
10888,07/28/21 17:45:00,27.653,,,,,
10889,07/28/21 18:00:00,27.505,,,,,
10890,07/28/21 18:15:00,27.727,,,,,
10891,07/28/21 18:30:00,27.801,,,,,
10892,07/28/21 18:45:00,27.825,,,,,
10893,07/28/21 19:00:00,27.677,,,,,
10894,07/28/21 19:15:00,27.481,,,,,
10895,07/28/21 19:30:00,27.505,,,,,
10896,07/28/21 19:45:00,27.481,,,,,
10897,07/28/21 20:00:00,27.653,,,,,
10898,07/28/21 20:15:00,27.481,,,,,
10899,07/28/21 20:30:00,27.505,,,,,
10900,07/28/21 20:45:00,27.505,,,,,
10901,07/28/21 21:00:00,27.481,,,,,
10902,07/28/21 21:15:00,27.505,,,,,
10903,07/28/21 21:30:00,27.653,,,,,
10904,07/28/21 21:45:00,27.727,,,,,
10905,07/28/21 22:00:00,27.924,,,,,
10906,07/28/21 22:15:00,27.825,,,,,
10907,07/28/21 22:30:00,27.949,,,,,
10908,07/28/21 22:45:00,28.023,,,,,
10909,07/28/21 23:00:00,28.072,,,,,
10910,07/28/21 23:15:00,28.097,,,,,
10911,07/28/21 23:30:00,27.825,,,,,
10912,07/28/21 23:45:00,27.850,,,,,
10913,07/29/21 00:00:00,27.875,,,,,
10914,07/29/21 00:15:00,27.850,,,,,
10915,07/29/21 00:30:00,27.850,,,,,
10916,07/29/21 00:45:00,27.924,,,,,
10917,07/29/21 01:00:00,27.776,,,,,
10918,07/29/21 01:15:00,27.949,,,,,
10919,07/29/21 01:30:00,27.974,,,,,
10920,07/29/21 01:45:00,27.949,,,,,
10921,07/29/21 02:00:00,27.899,,,,,
10922,07/29/21 02:15:00,27.899,,,,,
10923,07/29/21 02:30:00,27.875,,,,,
10924,07/29/21 02:45:00,27.974,,,,,
10925,07/29/21 03:00:00,28.196,,,,,
10926,07/29/21 03:15:00,28.345,,,,,
10927,07/29/21 03:30:00,28.369,,,,,
10928,07/29/21 03:45:00,28.171,,,,,
10929,07/29/21 04:00:00,28.320,,,,,
10930,07/29/21 04:15:00,28.419,,,,,
10931,07/29/21 04:30:00,28.419,,,,,
10932,07/29/21 04:45:00,28.444,,,,,
10933,07/29/21 05:00:00,28.444,,,,,
10934,07/29/21 05:15:00,28.468,,,,,
10935,07/29/21 05:30:00,28.468,,,,,
10936,07/29/21 05:45:00,28.493,,,,,
10937,07/29/21 06:00:00,28.518,,,,,
10938,07/29/21 06:15:00,28.493,,,,,
10939,07/29/21 06:30:00,28.518,,,,,
10940,07/29/21 06:45:00,28.518,,,,,
10941,07/29/21 07:00:00,28.518,,,,,
10942,07/29/21 07:15:00,28.518,,,,,
10943,07/29/21 07:30:00,28.518,,,,,
10944,07/29/21 07:45:00,28.518,,,,,
10945,07/29/21 08:00:00,28.493,,,,,
10946,07/29/21 08:15:00,28.518,,,,,
10947,07/29/21 08:30:00,28.518,,,,,
10948,07/29/21 08:45:00,28.518,,,,,
10949,07/29/21 09:00:00,28.493,,,,,
10950,07/29/21 09:15:00,28.493,,,,,
10951,07/29/21 09:30:00,28.493,,,,,
10952,07/29/21 09:45:00,28.468,,,,,
10953,07/29/21 10:00:00,28.518,,,,,
10954,07/29/21 10:15:00,28.543,,,,,
10955,07/29/21 10:30:00,28.543,,,,,
10956,07/29/21 10:45:00,28.518,,,,,
10957,07/29/21 11:00:00,28.518,,,,,
10958,07/29/21 11:15:00,28.543,,,,,
10959,07/29/21 11:30:00,28.493,,,,,
10960,07/29/21 11:45:00,28.568,,,,,
10961,07/29/21 12:00:00,28.568,,,,,
10962,07/29/21 12:15:00,28.593,,,,,
10963,07/29/21 12:30:00,28.568,,,,,
10964,07/29/21 12:45:00,28.518,,,,,
10965,07/29/21 13:00:00,28.295,,,,,
10966,07/29/21 13:15:00,28.270,,,,,
10967,07/29/21 13:30:00,28.369,,,,,
10968,07/29/21 13:45:00,28.394,,,,,
10969,07/29/21 14:00:00,28.518,,,,,
10970,07/29/21 14:15:00,28.692,,,,,
10971,07/29/21 14:30:00,28.742,,,,,
10972,07/29/21 14:45:00,28.493,,,,,
10973,07/29/21 15:00:00,28.518,,,,,
10974,07/29/21 15:15:00,28.320,,,,,
10975,07/29/21 15:30:00,28.270,,,,,
10976,07/29/21 15:45:00,28.717,,,,,
10977,07/29/21 16:00:00,28.717,,,,,
10978,07/29/21 16:15:00,28.742,,,,,
10979,07/29/21 16:30:00,28.742,,,,,
10980,07/29/21 16:45:00,28.742,,,,,
10981,07/29/21 17:00:00,28.742,,,,,
10982,07/29/21 17:15:00,28.766,,,,,
10983,07/29/21 17:30:00,28.742,,,,,
10984,07/29/21 17:45:00,28.766,,,,,
10985,07/29/21 18:00:00,28.742,,,,,
10986,07/29/21 18:15:00,28.766,,,,,
10987,07/29/21 18:30:00,28.766,,,,,
10988,07/29/21 18:45:00,28.742,,,,,
10989,07/29/21 19:00:00,28.717,,,,,
10990,07/29/21 19:15:00,28.617,,,,,
10991,07/29/21 19:30:00,28.617,,,,,
10992,07/29/21 19:45:00,28.543,,,,,
10993,07/29/21 20:00:00,28.617,,,,,
10994,07/29/21 20:15:00,28.468,,,,,
10995,07/29/21 20:30:00,28.518,,,,,
10996,07/29/21 20:45:00,28.444,,,,,
10997,07/29/21 21:00:00,28.419,,,,,
10998,07/29/21 21:15:00,28.295,,,,,
10999,07/29/21 21:30:00,27.998,,,,,
11000,07/29/21 21:45:00,28.122,,,,,
11001,07/29/21 22:00:00,28.072,,,,,
11002,07/29/21 22:15:00,28.147,,,,,
11003,07/29/21 22:30:00,28.147,,,,,
11004,07/29/21 22:45:00,27.899,,,,,
11005,07/29/21 23:00:00,27.949,,,,,
11006,07/29/21 23:15:00,27.974,,,,,
11007,07/29/21 23:30:00,27.949,,,,,
11008,07/29/21 23:45:00,27.899,,,,,
11009,07/30/21 00:00:00,27.924,,,,,
11010,07/30/21 00:15:00,27.924,,,,,
11011,07/30/21 00:30:00,28.245,,,,,
11012,07/30/21 00:45:00,28.072,,,,,
11013,07/30/21 01:00:00,27.924,,,,,
11014,07/30/21 01:15:00,27.949,,,,,
11015,07/30/21 01:30:00,27.776,,,,,
11016,07/30/21 01:45:00,27.727,,,,,
11017,07/30/21 02:00:00,27.653,,,,,
11018,07/30/21 02:15:00,27.530,,,,,
11019,07/30/21 02:30:00,27.284,,,,,
11020,07/30/21 02:45:00,27.382,,,,,
11021,07/30/21 03:00:00,27.530,,,,,
11022,07/30/21 03:15:00,27.284,,,,,
11023,07/30/21 03:30:00,27.112,,,,,
11024,07/30/21 03:45:00,27.259,,,,,
11025,07/30/21 04:00:00,27.284,,,,,
11026,07/30/21 04:15:00,27.333,,,,,
11027,07/30/21 04:30:00,27.161,,,,,
11028,07/30/21 04:45:00,27.186,,,,,
11029,07/30/21 05:00:00,27.333,,,,,
11030,07/30/21 05:15:00,27.431,,,,,
11031,07/30/21 05:30:00,27.382,,,,,
11032,07/30/21 05:45:00,27.284,,,,,
11033,07/30/21 06:00:00,27.382,,,,,
11034,07/30/21 06:15:00,28.072,,,,,
11035,07/30/21 06:30:00,28.245,,,,,
11036,07/30/21 06:45:00,28.245,,,,,
11037,07/30/21 07:00:00,28.270,,,,,
11038,07/30/21 07:15:00,28.270,,,,,
11039,07/30/21 07:30:00,28.320,,,,,
11040,07/30/21 07:45:00,28.369,,,,,
11041,07/30/21 08:00:00,28.444,,,,,
11042,07/30/21 08:15:00,28.419,,,,,
11043,07/30/21 08:30:00,28.394,,,,,
11044,07/30/21 08:45:00,28.320,,,,,
11045,07/30/21 09:00:00,28.320,,,,,
11046,07/30/21 09:15:00,28.320,,,,,
11047,07/30/21 09:30:00,28.320,,,,,
11048,07/30/21 09:45:00,28.320,,,,,
11049,07/30/21 10:00:00,28.270,,,,,
11050,07/30/21 10:15:00,28.122,,,,,
11051,07/30/21 10:30:00,28.097,,,,,
11052,07/30/21 10:45:00,28.171,,,,,
11053,07/30/21 11:00:00,28.147,,,,,
11054,07/30/21 11:15:00,28.072,,,,,
11055,07/30/21 11:30:00,28.048,,,,,
11056,07/30/21 11:45:00,28.171,,,,,
11057,07/30/21 12:00:00,28.023,,,,,
11058,07/30/21 12:15:00,28.345,,,,,
11059,07/30/21 12:30:00,28.394,,,,,
11060,07/30/21 12:45:00,28.147,,,,,
11061,07/30/21 13:00:00,28.122,,,,,
11062,07/30/21 13:15:00,28.221,,,,,
11063,07/30/21 13:30:00,28.122,,,,,
11064,07/30/21 13:45:00,28.122,,,,,
11065,07/30/21 14:00:00,27.949,,,,,
11066,07/30/21 14:15:00,27.949,,,,,
11067,07/30/21 14:30:00,27.974,,,,,
11068,07/30/21 14:45:00,27.850,,,,,
11069,07/30/21 15:00:00,27.702,,,,,
11070,07/30/21 15:15:00,27.751,,,,,
11071,07/30/21 15:30:00,27.751,,,,,
11072,07/30/21 15:45:00,27.677,,,,,
11073,07/30/21 16:00:00,27.801,,,,,
11074,07/30/21 16:15:00,27.653,,,,,
11075,07/30/21 16:30:00,27.677,,,,,
11076,07/30/21 16:45:00,27.727,,,,,
11077,07/30/21 17:00:00,27.751,,,,,
11078,07/30/21 17:15:00,27.875,,,,,
11079,07/30/21 17:30:00,28.097,,,,,
11080,07/30/21 17:45:00,27.776,,,,,
11081,07/30/21 18:00:00,27.974,,,,,
11082,07/30/21 18:15:00,28.122,,,,,
11083,07/30/21 18:30:00,28.171,,,,,
11084,07/30/21 18:45:00,28.221,,,,,
11085,07/30/21 19:00:00,28.270,,,,,
11086,07/30/21 19:15:00,28.270,,,,,
11087,07/30/21 19:30:00,28.295,,,,,
11088,07/30/21 19:45:00,28.345,,,,,
11089,07/30/21 20:00:00,28.419,,,,,
11090,07/30/21 20:15:00,28.468,,,,,
11091,07/30/21 20:30:00,28.468,,,,,
11092,07/30/21 20:45:00,28.468,,,,,
11093,07/30/21 21:00:00,28.468,,,,,
11094,07/30/21 21:15:00,28.493,,,,,
11095,07/30/21 21:30:00,28.493,,,,,
11096,07/30/21 21:45:00,28.493,,,,,
11097,07/30/21 22:00:00,28.493,,,,,
11098,07/30/21 22:15:00,28.493,,,,,
11099,07/30/21 22:30:00,28.493,,,,,
11100,07/30/21 22:45:00,28.320,,,,,
11101,07/30/21 23:00:00,28.345,,,,,
11102,07/30/21 23:15:00,28.295,,,,,
11103,07/30/21 23:30:00,28.394,,,,,
11104,07/30/21 23:45:00,28.493,,,,,
11105,07/31/21 00:00:00,28.394,,,,,
11106,07/31/21 00:15:00,28.444,,,,,
11107,07/31/21 00:30:00,28.345,,,,,
11108,07/31/21 00:45:00,28.295,,,,,
11109,07/31/21 01:00:00,28.270,,,,,
11110,07/31/21 01:15:00,28.270,,,,,
11111,07/31/21 01:30:00,28.419,,,,,
11112,07/31/21 01:45:00,28.245,,,,,
11113,07/31/21 02:00:00,28.221,,,,,
11114,07/31/21 02:15:00,28.221,,,,,
11115,07/31/21 02:30:00,28.270,,,,,
11116,07/31/21 02:45:00,28.221,,,,,
11117,07/31/21 03:00:00,28.097,,,,,
11118,07/31/21 03:15:00,27.949,,,,,
11119,07/31/21 03:30:00,28.023,,,,,
11120,07/31/21 03:45:00,27.998,,,,,
11121,07/31/21 04:00:00,27.702,,,,,
11122,07/31/21 04:15:00,27.801,,,,,
11123,07/31/21 04:30:00,27.776,,,,,
11124,07/31/21 04:45:00,27.530,,,,,
11125,07/31/21 05:00:00,27.481,,,,,
11126,07/31/21 05:15:00,27.628,,,,,
11127,07/31/21 05:30:00,27.702,,,,,
11128,07/31/21 05:45:00,27.751,,,,,
11129,07/31/21 06:00:00,27.949,,,,,
11130,07/31/21 06:15:00,27.875,,,,,
11131,07/31/21 06:30:00,27.899,,,,,
11132,07/31/21 06:45:00,27.924,,,,,
11133,07/31/21 07:00:00,27.924,,,,,
11134,07/31/21 07:15:00,27.949,,,,,
11135,07/31/21 07:30:00,28.048,,,,,
11136,07/31/21 07:45:00,28.270,,,,,
11137,07/31/21 08:00:00,28.369,,,,,
11138,07/31/21 08:15:00,28.394,,,,,
11139,07/31/21 08:30:00,28.444,,,,,
11140,07/31/21 08:45:00,28.444,,,,,
11141,07/31/21 09:00:00,28.444,,,,,
11142,07/31/21 09:15:00,28.394,,,,,
11143,07/31/21 09:30:00,28.444,,,,,
11144,07/31/21 09:45:00,28.419,,,,,
11145,07/31/21 10:00:00,28.419,,,,,
11146,07/31/21 10:15:00,28.419,,,,,
11147,07/31/21 10:30:00,28.419,,,,,
11148,07/31/21 10:45:00,28.394,,,,,
11149,07/31/21 11:00:00,28.419,,,,,
11150,07/31/21 11:15:00,28.468,,,,,
11151,07/31/21 11:30:00,28.493,,,,,
11152,07/31/21 11:45:00,28.493,,,,,
11153,07/31/21 12:00:00,28.270,,,,,
11154,07/31/21 12:15:00,28.221,,,,,
11155,07/31/21 12:30:00,28.221,,,,,
11156,07/31/21 12:45:00,28.048,,,,,
11157,07/31/21 13:00:00,28.072,,,,,
11158,07/31/21 13:15:00,28.122,,,,,
11159,07/31/21 13:30:00,28.245,,,,,
11160,07/31/21 13:45:00,28.245,,,,,
11161,07/31/21 14:00:00,28.048,,,,,
11162,07/31/21 14:15:00,27.949,,,,,
11163,07/31/21 14:30:00,27.899,,,,,
11164,07/31/21 14:45:00,27.924,,,,,
11165,07/31/21 15:00:00,27.554,,,,,
11166,07/31/21 15:15:00,27.333,,,,,
11167,07/31/21 15:30:00,27.112,,,,,
11168,07/31/21 15:45:00,27.235,,,,,
11169,07/31/21 16:00:00,27.333,,,,,
11170,07/31/21 16:15:00,27.505,,,,,
11171,07/31/21 16:30:00,27.505,,,,,
11172,07/31/21 16:45:00,27.702,,,,,
11173,07/31/21 17:00:00,27.628,,,,,
11174,07/31/21 17:15:00,27.481,,,,,
11175,07/31/21 17:30:00,27.456,,,,,
11176,07/31/21 17:45:00,27.505,,,,,
11177,07/31/21 18:00:00,27.579,,,,,
11178,07/31/21 18:15:00,27.628,,,,,
11179,07/31/21 18:30:00,27.628,,,,,
11180,07/31/21 18:45:00,27.677,,,,,
11181,07/31/21 19:00:00,27.628,,,,,
11182,07/31/21 19:15:00,27.505,,,,,
11183,07/31/21 19:30:00,27.481,,,,,
11184,07/31/21 19:45:00,27.628,,,,,
11185,07/31/21 20:00:00,27.727,,,,,
11186,07/31/21 20:15:00,27.974,,,,,
11187,07/31/21 20:30:00,28.369,,,,,
11188,07/31/21 20:45:00,28.295,,,,,
11189,07/31/21 21:00:00,28.394,,,,,
11190,07/31/21 21:15:00,28.369,,,,,
11191,07/31/21 21:30:00,28.320,,,,,
11192,07/31/21 21:45:00,28.369,,,,,
11193,07/31/21 22:00:00,28.369,,,,,
11194,07/31/21 22:15:00,28.394,,,,,
11195,07/31/21 22:30:00,28.444,,,,,
11196,07/31/21 22:45:00,28.468,,,,,
11197,07/31/21 23:00:00,28.394,,,,,
11198,07/31/21 23:15:00,28.419,,,,,
11199,07/31/21 23:30:00,28.270,,,,,
11200,07/31/21 23:45:00,28.270,,,,,
11201,08/01/21 00:00:00,28.468,,,,,
11202,08/01/21 00:15:00,28.493,,,,,
11203,08/01/21 00:30:00,28.444,,,,,
11204,08/01/21 00:45:00,28.345,,,,,
11205,08/01/21 01:00:00,28.245,,,,,
11206,08/01/21 01:15:00,28.270,,,,,
11207,08/01/21 01:30:00,28.245,,,,,
11208,08/01/21 01:45:00,28.196,,,,,
11209,08/01/21 02:00:00,28.221,,,,,
11210,08/01/21 02:15:00,28.221,,,,,
11211,08/01/21 02:30:00,27.924,,,,,
11212,08/01/21 02:45:00,27.751,,,,,
11213,08/01/21 03:00:00,27.998,,,,,
11214,08/01/21 03:15:00,27.850,,,,,
11215,08/01/21 03:30:00,27.751,,,,,
11216,08/01/21 03:45:00,27.702,,,,,
11217,08/01/21 04:00:00,27.727,,,,,
11218,08/01/21 04:15:00,27.604,,,,,
11219,08/01/21 04:30:00,27.825,,,,,
11220,08/01/21 04:45:00,27.776,,,,,
11221,08/01/21 05:00:00,27.653,,,,,
11222,08/01/21 05:15:00,27.677,,,,,
11223,08/01/21 05:30:00,27.727,,,,,
11224,08/01/21 05:45:00,27.801,,,,,
11225,08/01/21 06:00:00,27.899,,,,,
11226,08/01/21 06:15:00,27.825,,,,,
11227,08/01/21 06:30:00,28.122,,,,,
11228,08/01/21 06:45:00,28.419,,,,,
11229,08/01/21 07:00:00,28.468,,,,,
11230,08/01/21 07:15:00,28.468,,,,,
11231,08/01/21 07:30:00,28.493,,,,,
11232,08/01/21 07:45:00,28.518,,,,,
11233,08/01/21 08:00:00,28.518,,,,,
11234,08/01/21 08:15:00,28.543,,,,,
11235,08/01/21 08:30:00,28.543,,,,,
11236,08/01/21 08:45:00,28.543,,,,,
11237,08/01/21 09:00:00,28.543,,,,,
11238,08/01/21 09:15:00,28.543,,,,,
11239,08/01/21 09:30:00,28.543,,,,,
11240,08/01/21 09:45:00,28.543,,,,,
11241,08/01/21 10:00:00,28.493,,,,,
11242,08/01/21 10:15:00,28.493,,,,,
11243,08/01/21 10:30:00,28.468,,,,,
11244,08/01/21 10:45:00,28.493,,,,,
11245,08/01/21 11:00:00,28.493,,,,,
11246,08/01/21 11:15:00,28.518,,,,,
11247,08/01/21 11:30:00,28.518,,,,,
11248,08/01/21 11:45:00,28.518,,,,,
11249,08/01/21 12:00:00,28.518,,,,,
11250,08/01/21 12:15:00,28.493,,,,,
11251,08/01/21 12:30:00,28.493,,,,,
11252,08/01/21 12:45:00,28.518,,,,,
11253,08/01/21 13:00:00,28.493,,,,,
11254,08/01/21 13:15:00,28.493,,,,,
11255,08/01/21 13:30:00,28.493,,,,,
11256,08/01/21 13:45:00,28.518,,,,,
11257,08/01/21 14:00:00,28.543,,,,,
11258,08/01/21 14:15:00,28.518,,,,,
11259,08/01/21 14:30:00,28.196,,,,,
11260,08/01/21 14:45:00,28.072,,,,,
11261,08/01/21 15:00:00,28.122,,,,,
11262,08/01/21 15:15:00,28.122,,,,,
11263,08/01/21 15:30:00,28.196,,,,,
11264,08/01/21 15:45:00,28.147,,,,,
11265,08/01/21 16:00:00,28.147,,,,,
11266,08/01/21 16:15:00,28.320,,,,,
11267,08/01/21 16:30:00,28.245,,,,,
11268,08/01/21 16:45:00,28.196,,,,,
11269,08/01/21 17:00:00,28.122,,,,,
11270,08/01/21 17:15:00,28.072,,,,,
11271,08/01/21 17:30:00,28.097,,,,,
11272,08/01/21 17:45:00,28.171,,,,,
11273,08/01/21 18:00:00,28.171,,,,,
11274,08/01/21 18:15:00,27.727,,,,,
11275,08/01/21 18:30:00,27.308,,,,,
11276,08/01/21 18:45:00,27.308,,,,,
11277,08/01/21 19:00:00,27.333,,,,,
11278,08/01/21 19:15:00,27.407,,,,,
11279,08/01/21 19:30:00,27.431,,,,,
11280,08/01/21 19:45:00,27.727,,,,,
11281,08/01/21 20:00:00,27.776,,,,,
11282,08/01/21 20:15:00,27.579,,,,,
11283,08/01/21 20:30:00,27.456,,,,,
11284,08/01/21 20:45:00,27.481,,,,,
11285,08/01/21 21:00:00,27.431,,,,,
11286,08/01/21 21:15:00,27.579,,,,,
11287,08/01/21 21:30:00,27.776,,,,,
11288,08/01/21 21:45:00,27.801,,,,,
11289,08/01/21 22:00:00,27.727,,,,,
11290,08/01/21 22:15:00,27.776,,,,,
11291,08/01/21 22:30:00,27.628,,,,,
11292,08/01/21 22:45:00,27.924,,,,,
11293,08/01/21 23:00:00,28.295,,,,,
11294,08/01/21 23:15:00,28.270,,,,,
11295,08/01/21 23:30:00,28.196,,,,,
11296,08/01/21 23:45:00,28.221,,,,,
11297,08/02/21 00:00:00,28.270,,,,,
11298,08/02/21 00:15:00,28.394,,,,,
11299,08/02/21 00:30:00,28.270,,,,,
11300,08/02/21 00:45:00,28.122,,,,,
11301,08/02/21 01:00:00,28.270,,,,,
11302,08/02/21 01:15:00,28.221,,,,,
11303,08/02/21 01:30:00,28.147,,,,,
11304,08/02/21 01:45:00,28.147,,,,,
11305,08/02/21 02:00:00,28.245,,,,,
11306,08/02/21 02:15:00,28.245,,,,,
11307,08/02/21 02:30:00,28.147,,,,,
11308,08/02/21 02:45:00,27.924,,,,,
11309,08/02/21 03:00:00,28.147,,,,,
11310,08/02/21 03:15:00,28.147,,,,,
11311,08/02/21 03:30:00,28.023,,,,,
11312,08/02/21 03:45:00,27.974,,,,,
11313,08/02/21 04:00:00,28.023,,,,,
11314,08/02/21 04:15:00,28.048,,,,,
11315,08/02/21 04:30:00,28.072,,,,,
11316,08/02/21 04:45:00,28.147,,,,,
11317,08/02/21 05:00:00,27.850,,,,,
11318,08/02/21 05:15:00,28.171,,,,,
11319,08/02/21 05:30:00,27.825,,,,,
11320,08/02/21 05:45:00,27.776,,,,,
11321,08/02/21 06:00:00,28.122,,,,,
11322,08/02/21 06:15:00,27.998,,,,,
11323,08/02/21 06:30:00,28.245,,,,,
11324,08/02/21 06:45:00,28.320,,,,,
11325,08/02/21 07:00:00,28.345,,,,,
11326,08/02/21 07:15:00,28.419,,,,,
11327,08/02/21 07:30:00,28.270,,,,,
11328,08/02/21 07:45:00,28.171,,,,,
11329,08/02/21 08:00:00,28.345,,,,,
11330,08/02/21 08:15:00,28.369,,,,,
11331,08/02/21 08:30:00,28.419,,,,,
11332,08/02/21 08:45:00,28.493,,,,,
11333,08/02/21 09:00:00,28.543,,,,,
11334,08/02/21 09:15:00,28.568,,,,,
11335,08/02/21 09:30:00,28.593,,,,,
11336,08/02/21 09:45:00,28.543,,,,,
11337,08/02/21 10:00:00,28.593,,,,,
11338,08/02/21 10:15:00,28.543,,,,,
11339,08/02/21 10:30:00,28.419,,,,,
11340,08/02/21 10:45:00,28.221,,,,,
11341,08/02/21 11:00:00,28.345,,,,,
11342,08/02/21 11:15:00,28.369,,,,,
11343,08/02/21 11:30:00,28.468,,,,,
11344,08/02/21 11:45:00,28.518,,,,,
11345,08/02/21 12:00:00,28.543,,,,,
11346,08/02/21 12:15:00,28.543,,,,,
11347,08/02/21 12:30:00,28.468,,,,,
11348,08/02/21 12:45:00,28.369,,,,,
11349,08/02/21 13:00:00,28.072,,,,,
11350,08/02/21 13:15:00,28.122,,,,,
11351,08/02/21 13:30:00,28.122,,,,,
11352,08/02/21 13:45:00,28.171,,,,,
11353,08/02/21 14:00:00,28.196,,,,,
11354,08/02/21 14:15:00,28.147,,,,,
11355,08/02/21 14:30:00,28.171,,,,,
11356,08/02/21 14:45:00,28.221,,,,,
11357,08/02/21 15:00:00,28.171,,,,,
11358,08/02/21 15:15:00,28.147,,,,,
11359,08/02/21 15:30:00,28.023,,,,,
11360,08/02/21 15:45:00,27.751,,,,,
11361,08/02/21 16:00:00,27.628,,,,,
11362,08/02/21 16:15:00,27.554,,,,,
11363,08/02/21 16:30:00,27.628,,,,,
11364,08/02/21 16:45:00,27.210,,,,,
11365,08/02/21 17:00:00,27.235,,,,,
11366,08/02/21 17:15:00,27.481,,,,,
11367,08/02/21 17:30:00,27.653,,,,,
11368,08/02/21 17:45:00,27.702,,,,,
11369,08/02/21 18:00:00,27.505,,,,,
11370,08/02/21 18:15:00,28.122,,,,,
11371,08/02/21 18:30:00,28.221,,,,,
11372,08/02/21 18:45:00,27.825,,,,,
11373,08/02/21 19:00:00,27.825,,,,,
11374,08/02/21 19:15:00,27.875,,,,,
11375,08/02/21 19:30:00,27.825,,,,,
11376,08/02/21 19:45:00,28.270,,,,,
11377,08/02/21 20:00:00,27.801,,,,,
11378,08/02/21 20:15:00,27.801,,,,,
11379,08/02/21 20:30:00,27.850,,,,,
11380,08/02/21 20:45:00,27.825,,,,,
11381,08/02/21 21:00:00,27.653,,,,,
11382,08/02/21 21:15:00,27.653,,,,,
11383,08/02/21 21:30:00,27.677,,,,,
11384,08/02/21 21:45:00,27.702,,,,,
11385,08/02/21 22:00:00,27.825,,,,,
11386,08/02/21 22:15:00,27.974,,,,,
11387,08/02/21 22:30:00,27.949,,,,,
11388,08/02/21 22:45:00,27.949,,,,,
11389,08/02/21 23:00:00,27.924,,,,,
11390,08/02/21 23:15:00,27.825,,,,,
11391,08/02/21 23:30:00,27.751,,,,,
11392,08/02/21 23:45:00,27.776,,,,,
11393,08/03/21 00:00:00,27.653,,,,,
11394,08/03/21 00:15:00,27.727,,,,,
11395,08/03/21 00:30:00,27.653,,,,,
11396,08/03/21 00:45:00,27.727,,,,,
11397,08/03/21 01:00:00,27.702,,,,,
11398,08/03/21 01:15:00,27.727,,,,,
11399,08/03/21 01:30:00,27.751,,,,,
11400,08/03/21 01:45:00,27.677,,,,,
11401,08/03/21 02:00:00,27.702,,,,,
11402,08/03/21 02:15:00,27.702,,,,,
11403,08/03/21 02:30:00,27.801,,,,,
11404,08/03/21 02:45:00,27.677,,,,,
11405,08/03/21 03:00:00,27.751,,,,,
11406,08/03/21 03:15:00,27.801,,,,,
11407,08/03/21 03:30:00,27.850,,,,,
11408,08/03/21 03:45:00,27.579,,,,,
11409,08/03/21 04:00:00,27.186,,,,,
11410,08/03/21 04:15:00,27.259,,,,,
11411,08/03/21 04:30:00,27.333,,,,,
11412,08/03/21 04:45:00,27.382,,,,,
11413,08/03/21 05:00:00,27.382,,,,,
11414,08/03/21 05:15:00,27.358,,,,,
11415,08/03/21 05:30:00,27.407,,,,,
11416,08/03/21 05:45:00,27.431,,,,,
11417,08/03/21 06:00:00,27.481,,,,,
11418,08/03/21 06:15:00,27.481,,,,,
11419,08/03/21 06:30:00,27.481,,,,,
11420,08/03/21 06:45:00,27.579,,,,,
11421,08/03/21 07:00:00,27.628,,,,,
11422,08/03/21 07:15:00,27.801,,,,,
11423,08/03/21 07:30:00,27.850,,,,,
11424,08/03/21 07:45:00,27.998,,,,,
11425,08/03/21 08:00:00,28.048,,,,,
11426,08/03/21 08:15:00,27.974,,,,,
11427,08/03/21 08:30:00,27.974,,,,,
11428,08/03/21 08:45:00,28.196,,,,,
11429,08/03/21 09:00:00,28.122,,,,,
11430,08/03/21 09:15:00,28.023,,,,,
11431,08/03/21 09:30:00,28.023,,,,,
11432,08/03/21 09:45:00,27.998,,,,,
11433,08/03/21 10:00:00,28.171,,,,,
11434,08/03/21 10:15:00,28.369,,,,,
11435,08/03/21 10:30:00,28.518,,,,,
11436,08/03/21 10:45:00,28.369,,,,,
11437,08/03/21 11:00:00,28.171,,,,,
11438,08/03/21 11:15:00,28.171,,,,,
11439,08/03/21 11:30:00,28.196,,,,,
11440,08/03/21 11:45:00,28.270,,,,,
11441,08/03/21 12:00:00,28.394,,,,,
11442,08/03/21 12:15:00,28.345,,,,,
11443,08/03/21 12:30:00,28.369,,,,,
11444,08/03/21 12:45:00,28.369,,,,,
11445,08/03/21 13:00:00,28.419,,,,,
11446,08/03/21 13:15:00,28.369,,,,,
11447,08/03/21 13:30:00,28.394,,,,,
11448,08/03/21 13:45:00,28.444,,,,,
11449,08/03/21 14:00:00,28.394,,,,,
11450,08/03/21 14:15:00,28.345,,,,,
11451,08/03/21 14:30:00,28.245,,,,,
11452,08/03/21 14:45:00,27.899,,,,,
11453,08/03/21 15:00:00,27.875,,,,,
11454,08/03/21 15:15:00,27.998,,,,,
11455,08/03/21 15:30:00,28.171,,,,,
11456,08/03/21 15:45:00,28.147,,,,,
11457,08/03/21 16:00:00,28.072,,,,,
11458,08/03/21 16:15:00,28.270,,,,,
11459,08/03/21 16:30:00,28.320,,,,,
11460,08/03/21 16:45:00,28.147,,,,,
11461,08/03/21 17:00:00,28.171,,,,,
11462,08/03/21 17:15:00,27.875,,,,,
11463,08/03/21 17:30:00,27.776,,,,,
11464,08/03/21 17:45:00,27.677,,,,,
11465,08/03/21 18:00:00,27.653,,,,,
11466,08/03/21 18:15:00,27.456,,,,,
11467,08/03/21 18:30:00,27.505,,,,,
11468,08/03/21 18:45:00,27.628,,,,,
11469,08/03/21 19:00:00,27.677,,,,,
11470,08/03/21 19:15:00,27.702,,,,,
11471,08/03/21 19:30:00,27.653,,,,,
11472,08/03/21 19:45:00,27.653,,,,,
11473,08/03/21 20:00:00,27.727,,,,,
11474,08/03/21 20:15:00,27.702,,,,,
11475,08/03/21 20:30:00,28.221,,,,,
11476,08/03/21 20:45:00,27.998,,,,,
11477,08/03/21 21:00:00,27.751,,,,,
11478,08/03/21 21:15:00,27.702,,,,,
11479,08/03/21 21:30:00,27.653,,,,,
11480,08/03/21 21:45:00,27.628,,,,,
11481,08/03/21 22:00:00,27.604,,,,,
11482,08/03/21 22:15:00,27.628,,,,,
11483,08/03/21 22:30:00,27.653,,,,,
11484,08/03/21 22:45:00,27.604,,,,,
11485,08/03/21 23:00:00,27.702,,,,,
11486,08/03/21 23:15:00,27.899,,,,,
11487,08/03/21 23:30:00,27.998,,,,,
11488,08/03/21 23:45:00,27.998,,,,,
11489,08/04/21 00:00:00,27.949,,,,,
11490,08/04/21 00:15:00,27.924,,,,,
11491,08/04/21 00:30:00,28.023,,,,,
11492,08/04/21 00:45:00,28.072,,,,,
11493,08/04/21 01:00:00,28.048,,,,,
11494,08/04/21 01:15:00,28.097,,,,,
11495,08/04/21 01:30:00,28.221,,,,,
11496,08/04/21 01:45:00,28.270,,,,,
11497,08/04/21 02:00:00,28.320,,,,,
11498,08/04/21 02:15:00,28.295,,,,,
11499,08/04/21 02:30:00,28.295,,,,,
11500,08/04/21 02:45:00,28.320,,,,,
11501,08/04/21 03:00:00,28.369,,,,,
11502,08/04/21 03:15:00,28.345,,,,,
11503,08/04/21 03:30:00,28.295,,,,,
11504,08/04/21 03:45:00,28.345,,,,,
11505,08/04/21 04:00:00,28.369,,,,,
11506,08/04/21 04:15:00,28.369,,,,,
11507,08/04/21 04:30:00,28.320,,,,,
11508,08/04/21 04:45:00,28.320,,,,,
11509,08/04/21 05:00:00,28.345,,,,,
11510,08/04/21 05:15:00,27.850,,,,,
11511,08/04/21 05:30:00,27.924,,,,,
11512,08/04/21 05:45:00,27.751,,,,,
11513,08/04/21 06:00:00,27.702,,,,,
11514,08/04/21 06:15:00,27.776,,,,,
11515,08/04/21 06:30:00,27.825,,,,,
11516,08/04/21 06:45:00,27.825,,,,,
11517,08/04/21 07:00:00,27.850,,,,,
11518,08/04/21 07:15:00,27.850,,,,,
11519,08/04/21 07:30:00,27.949,,,,,
11520,08/04/21 07:45:00,28.072,,,,,
11521,08/04/21 08:00:00,28.122,,,,,
11522,08/04/21 08:15:00,28.122,,,,,
11523,08/04/21 08:30:00,28.468,,,,,
11524,08/04/21 08:45:00,28.568,,,,,
11525,08/04/21 09:00:00,28.617,,,,,
11526,08/04/21 09:15:00,28.642,,,,,
11527,08/04/21 09:30:00,28.642,,,,,
11528,08/04/21 09:45:00,28.667,,,,,
11529,08/04/21 10:00:00,28.692,,,,,
11530,08/04/21 10:15:00,28.692,,,,,
11531,08/04/21 10:30:00,28.692,,,,,
11532,08/04/21 10:45:00,28.617,,,,,
11533,08/04/21 11:00:00,28.568,,,,,
11534,08/04/21 11:15:00,28.468,,,,,
11535,08/04/21 11:30:00,28.295,,,,,
11536,08/04/21 11:45:00,28.518,,,,,
11537,08/04/21 12:00:00,28.493,,,,,
11538,08/04/21 12:15:00,28.394,,,,,
11539,08/04/21 12:30:00,28.568,,,,,
11540,08/04/21 12:45:00,28.617,,,,,
11541,08/04/21 13:00:00,28.419,,,,,
11542,08/04/21 13:15:00,28.320,,,,,
11543,08/04/21 13:30:00,28.270,,,,,
11544,08/04/21 13:45:00,28.196,,,,,
11545,08/04/21 14:00:00,28.023,,,,,
11546,08/04/21 14:15:00,27.974,,,,,
11547,08/04/21 14:30:00,28.147,,,,,
11548,08/04/21 14:45:00,28.345,,,,,
11549,08/04/21 15:00:00,28.444,,,,,
11550,08/04/21 15:15:00,28.493,,,,,
11551,08/04/21 15:30:00,28.543,,,,,
11552,08/04/21 15:45:00,28.593,,,,,
11553,08/04/21 16:00:00,28.642,,,,,
11554,08/04/21 16:15:00,28.642,,,,,
11555,08/04/21 16:30:00,28.444,,,,,
11556,08/04/21 16:45:00,27.875,,,,,
11557,08/04/21 17:00:00,27.751,,,,,
11558,08/04/21 17:15:00,27.825,,,,,
11559,08/04/21 17:30:00,27.751,,,,,
11560,08/04/21 17:45:00,27.653,,,,,
11561,08/04/21 18:00:00,27.604,,,,,
11562,08/04/21 18:15:00,27.653,,,,,
11563,08/04/21 18:30:00,27.727,,,,,
11564,08/04/21 18:45:00,27.776,,,,,
11565,08/04/21 19:00:00,27.751,,,,,
11566,08/04/21 19:15:00,27.628,,,,,
11567,08/04/21 19:30:00,27.677,,,,,
11568,08/04/21 19:45:00,27.358,,,,,
11569,08/04/21 20:00:00,27.431,,,,,
11570,08/04/21 20:15:00,27.554,,,,,
11571,08/04/21 20:30:00,27.505,,,,,
11572,08/04/21 20:45:00,27.481,,,,,
11573,08/04/21 21:00:00,27.554,,,,,
11574,08/04/21 21:15:00,27.677,,,,,
11575,08/04/21 21:30:00,28.122,,,,,
11576,08/04/21 21:45:00,27.949,,,,,
11577,08/04/21 22:00:00,27.850,,,,,
11578,08/04/21 22:15:00,27.899,,,,,
11579,08/04/21 22:30:00,28.072,,,,,
11580,08/04/21 22:45:00,27.974,,,,,
11581,08/04/21 23:00:00,27.998,,,,,
11582,08/04/21 23:15:00,27.974,,,,,
11583,08/04/21 23:30:00,27.998,,,,,
11584,08/04/21 23:45:00,27.825,,,,,
11585,08/05/21 00:00:00,27.776,,,,,
11586,08/05/21 00:15:00,27.776,,,,,
11587,08/05/21 00:30:00,27.776,,,,,
11588,08/05/21 00:45:00,27.875,,,,,
11589,08/05/21 01:00:00,27.949,,,,,
11590,08/05/21 01:15:00,27.924,,,,,
11591,08/05/21 01:30:00,27.949,,,,,
11592,08/05/21 01:45:00,28.072,,,,,
11593,08/05/21 02:00:00,28.097,,,,,
11594,08/05/21 02:15:00,28.122,,,,,
11595,08/05/21 02:30:00,28.147,,,,,
11596,08/05/21 02:45:00,28.196,,,,,
11597,08/05/21 03:00:00,28.295,,,,,
11598,08/05/21 03:15:00,28.295,,,,,
11599,08/05/21 03:30:00,28.345,,,,,
11600,08/05/21 03:45:00,28.270,,,,,
11601,08/05/21 04:00:00,28.245,,,,,
11602,08/05/21 04:15:00,28.394,,,,,
11603,08/05/21 04:30:00,28.468,,,,,
11604,08/05/21 04:45:00,28.444,,,,,
11605,08/05/21 05:00:00,28.369,,,,,
11606,08/05/21 05:15:00,27.924,,,,,
11607,08/05/21 05:30:00,27.727,,,,,
11608,08/05/21 05:45:00,27.628,,,,,
11609,08/05/21 06:00:00,27.554,,,,,
11610,08/05/21 06:15:00,27.505,,,,,
11611,08/05/21 06:30:00,27.579,,,,,
11612,08/05/21 06:45:00,27.604,,,,,
11613,08/05/21 07:00:00,27.456,,,,,
11614,08/05/21 07:15:00,27.431,,,,,
11615,08/05/21 07:30:00,27.530,,,,,
11616,08/05/21 07:45:00,27.358,,,,,
11617,08/05/21 08:00:00,27.505,,,,,
11618,08/05/21 08:15:00,27.727,,,,,
11619,08/05/21 08:30:00,27.628,,,,,
11620,08/05/21 08:45:00,27.579,,,,,
11621,08/05/21 09:00:00,27.653,,,,,
11622,08/05/21 09:15:00,27.653,,,,,
11623,08/05/21 09:30:00,27.604,,,,,
11624,08/05/21 09:45:00,27.628,,,,,
11625,08/05/21 10:00:00,27.776,,,,,
11626,08/05/21 10:15:00,27.875,,,,,
11627,08/05/21 10:30:00,28.196,,,,,
11628,08/05/21 10:45:00,28.270,,,,,
11629,08/05/21 11:00:00,28.320,,,,,
11630,08/05/21 11:15:00,28.320,,,,,
11631,08/05/21 11:30:00,28.196,,,,,
11632,08/05/21 11:45:00,28.196,,,,,
11633,08/05/21 12:00:00,28.444,,,,,
11634,08/05/21 12:15:00,28.468,,,,,
11635,08/05/21 12:30:00,28.122,,,,,
11636,08/05/21 12:45:00,28.072,,,,,
11637,08/05/21 13:00:00,28.097,,,,,
11638,08/05/21 13:15:00,27.998,,,,,
11639,08/05/21 13:30:00,27.924,,,,,
11640,08/05/21 13:45:00,27.875,,,,,
11641,08/05/21 14:00:00,27.727,,,,,
11642,08/05/21 14:15:00,27.653,,,,,
11643,08/05/21 14:30:00,27.628,,,,,
11644,08/05/21 14:45:00,27.554,,,,,
11645,08/05/21 15:00:00,27.628,,,,,
11646,08/05/21 15:15:00,27.677,,,,,
11647,08/05/21 15:30:00,27.431,,,,,
11648,08/05/21 15:45:00,27.382,,,,,
11649,08/05/21 16:00:00,27.481,,,,,
11650,08/05/21 16:15:00,27.456,,,,,
11651,08/05/21 16:30:00,27.702,,,,,
11652,08/05/21 16:45:00,27.899,,,,,
11653,08/05/21 17:00:00,27.924,,,,,
11654,08/05/21 17:15:00,27.924,,,,,
11655,08/05/21 17:30:00,27.949,,,,,
11656,08/05/21 17:45:00,27.801,,,,,
11657,08/05/21 18:00:00,27.825,,,,,
11658,08/05/21 18:15:00,27.875,,,,,
11659,08/05/21 18:30:00,27.949,,,,,
11660,08/05/21 18:45:00,28.147,,,,,
11661,08/05/21 19:00:00,28.171,,,,,
11662,08/05/21 19:15:00,28.147,,,,,
11663,08/05/21 19:30:00,27.899,,,,,
11664,08/05/21 19:45:00,27.924,,,,,
11665,08/05/21 20:00:00,28.023,,,,,
11666,08/05/21 20:15:00,27.974,,,,,
11667,08/05/21 20:30:00,27.998,,,,,
11668,08/05/21 20:45:00,28.023,,,,,
11669,08/05/21 21:00:00,28.097,,,,,
11670,08/05/21 21:15:00,27.875,,,,,
11671,08/05/21 21:30:00,27.875,,,,,
11672,08/05/21 21:45:00,27.974,,,,,
11673,08/05/21 22:00:00,27.899,,,,,
11674,08/05/21 22:15:00,27.653,,,,,
11675,08/05/21 22:30:00,27.653,,,,,
11676,08/05/21 22:45:00,27.628,,,,,
11677,08/05/21 23:00:00,27.628,,,,,
11678,08/05/21 23:15:00,27.751,,,,,
11679,08/05/21 23:30:00,27.677,,,,,
11680,08/05/21 23:45:00,27.677,,,,,
11681,08/06/21 00:00:00,27.727,,,,,
11682,08/06/21 00:15:00,28.072,,,,,
11683,08/06/21 00:30:00,28.196,,,,,
11684,08/06/21 00:45:00,28.196,,,,,
11685,08/06/21 01:00:00,28.270,,,,,
11686,08/06/21 01:15:00,28.295,,,,,
11687,08/06/21 01:30:00,28.369,,,,,
11688,08/06/21 01:45:00,28.295,,,,,
11689,08/06/21 02:00:00,28.270,,,,,
11690,08/06/21 02:15:00,28.245,,,,,
11691,08/06/21 02:30:00,28.270,,,,,
11692,08/06/21 02:45:00,28.320,,,,,
11693,08/06/21 03:00:00,28.270,,,,,
11694,08/06/21 03:15:00,28.345,,,,,
11695,08/06/21 03:30:00,28.295,,,,,
11696,08/06/21 03:45:00,28.270,,,,,
11697,08/06/21 04:00:00,28.245,,,,,
11698,08/06/21 04:15:00,28.196,,,,,
11699,08/06/21 04:30:00,28.147,,,,,
11700,08/06/21 04:45:00,28.196,,,,,
11701,08/06/21 05:00:00,28.543,,,,,
11702,08/06/21 05:15:00,28.568,,,,,
11703,08/06/21 05:30:00,28.593,,,,,
11704,08/06/21 05:45:00,28.593,,,,,
11705,08/06/21 06:00:00,28.617,,,,,
11706,08/06/21 06:15:00,28.642,,,,,
11707,08/06/21 06:30:00,28.593,,,,,
11708,08/06/21 06:45:00,28.518,,,,,
11709,08/06/21 07:00:00,28.518,,,,,
11710,08/06/21 07:15:00,28.543,,,,,
11711,08/06/21 07:30:00,28.568,,,,,
11712,08/06/21 07:45:00,28.493,,,,,
11713,08/06/21 08:00:00,28.023,,,,,
11714,08/06/21 08:15:00,28.048,,,,,
11715,08/06/21 08:30:00,27.875,,,,,
11716,08/06/21 08:45:00,27.899,,,,,
11717,08/06/21 09:00:00,27.949,,,,,
11718,08/06/21 09:15:00,27.949,,,,,
11719,08/06/21 09:30:00,27.875,,,,,
11720,08/06/21 09:45:00,27.677,,,,,
11721,08/06/21 10:00:00,27.776,,,,,
11722,08/06/21 10:15:00,27.801,,,,,
11723,08/06/21 10:30:00,27.825,,,,,
11724,08/06/21 10:45:00,27.850,,,,,
11725,08/06/21 11:00:00,28.023,,,,,
11726,08/06/21 11:15:00,28.122,,,,,
11727,08/06/21 11:30:00,28.147,,,,,
11728,08/06/21 11:45:00,28.171,,,,,
11729,08/06/21 12:00:00,28.171,,,,,
11730,08/06/21 12:15:00,28.147,,,,,
11731,08/06/21 12:30:00,28.122,,,,,
11732,08/06/21 12:45:00,28.320,,,,,
11733,08/06/21 13:00:00,28.419,,,,,
11734,08/06/21 13:15:00,28.593,,,,,
11735,08/06/21 13:30:00,28.667,,,,,
11736,08/06/21 13:45:00,28.642,,,,,
11737,08/06/21 14:00:00,28.717,,,,,
11738,08/06/21 14:15:00,28.245,,,,,
11739,08/06/21 14:30:00,28.147,,,,,
11740,08/06/21 14:45:00,28.072,,,,,
11741,08/06/21 15:00:00,28.023,,,,,
11742,08/06/21 15:15:00,28.023,,,,,
11743,08/06/21 15:30:00,28.023,,,,,
11744,08/06/21 15:45:00,27.974,,,,,
11745,08/06/21 16:00:00,27.998,,,,,
11746,08/06/21 16:15:00,27.974,,,,,
11747,08/06/21 16:30:00,27.949,,,,,
11748,08/06/21 16:45:00,27.924,,,,,
11749,08/06/21 17:00:00,28.023,,,,,
11750,08/06/21 17:15:00,28.023,,,,,
11751,08/06/21 17:30:00,28.023,,,,,
11752,08/06/21 17:45:00,28.023,,,,,
11753,08/06/21 18:00:00,28.023,,,,,
11754,08/06/21 18:15:00,28.072,,,,,
11755,08/06/21 18:30:00,28.196,,,,,
11756,08/06/21 18:45:00,28.245,,,,,
11757,08/06/21 19:00:00,28.147,,,,,
11758,08/06/21 19:15:00,28.072,,,,,
11759,08/06/21 19:30:00,28.196,,,,,
11760,08/06/21 19:45:00,28.196,,,,,
11761,08/06/21 20:00:00,28.147,,,,,
11762,08/06/21 20:15:00,28.171,,,,,
11763,08/06/21 20:30:00,28.171,,,,,
11764,08/06/21 20:45:00,28.171,,,,,
11765,08/06/21 21:00:00,28.147,,,,,
11766,08/06/21 21:15:00,28.147,,,,,
11767,08/06/21 21:30:00,28.122,,,,,
11768,08/06/21 21:45:00,28.122,,,,,
11769,08/06/21 22:00:00,28.196,,,,,
11770,08/06/21 22:15:00,28.122,,,,,
11771,08/06/21 22:30:00,28.122,,,,,
11772,08/06/21 22:45:00,28.097,,,,,
11773,08/06/21 23:00:00,28.122,,,,,
11774,08/06/21 23:15:00,28.171,,,,,
11775,08/06/21 23:30:00,28.221,,,,,
11776,08/06/21 23:45:00,28.196,,,,,
11777,08/07/21 00:00:00,28.122,,,,,
11778,08/07/21 00:15:00,27.974,,,,,
11779,08/07/21 00:30:00,27.776,,,,,
11780,08/07/21 00:45:00,27.875,,,,,
11781,08/07/21 01:00:00,27.924,,,,,
11782,08/07/21 01:15:00,27.924,,,,,
11783,08/07/21 01:30:00,27.974,,,,,
11784,08/07/21 01:45:00,27.899,,,,,
11785,08/07/21 02:00:00,27.801,,,,,
11786,08/07/21 02:15:00,27.751,,,,,
11787,08/07/21 02:30:00,27.776,,,,,
11788,08/07/21 02:45:00,27.801,,,,,
11789,08/07/21 03:00:00,27.924,,,,,
11790,08/07/21 03:15:00,27.974,,,,,
11791,08/07/21 03:30:00,28.048,,,,,
11792,08/07/21 03:45:00,28.072,,,,,
11793,08/07/21 04:00:00,28.419,,,,,
11794,08/07/21 04:15:00,28.468,,,,,
11795,08/07/21 04:30:00,28.518,,,,,
11796,08/07/21 04:45:00,28.642,,,,,
11797,08/07/21 05:00:00,28.468,,,,,
11798,08/07/21 05:15:00,28.444,,,,,
11799,08/07/21 05:30:00,28.444,,,,,
11800,08/07/21 05:45:00,28.444,,,,,
11801,08/07/21 06:00:00,28.468,,,,,
11802,08/07/21 06:15:00,28.493,,,,,
11803,08/07/21 06:30:00,28.468,,,,,
11804,08/07/21 06:45:00,28.468,,,,,
11805,08/07/21 07:00:00,28.593,,,,,
11806,08/07/21 07:15:00,28.617,,,,,
11807,08/07/21 07:30:00,28.617,,,,,
11808,08/07/21 07:45:00,28.617,,,,,
11809,08/07/21 08:00:00,28.617,,,,,
11810,08/07/21 08:15:00,28.617,,,,,
11811,08/07/21 08:30:00,28.593,,,,,
11812,08/07/21 08:45:00,28.568,,,,,
11813,08/07/21 09:00:00,28.444,,,,,
11814,08/07/21 09:15:00,28.444,,,,,
11815,08/07/21 09:30:00,28.419,,,,,
11816,08/07/21 09:45:00,28.493,,,,,
11817,08/07/21 10:00:00,28.543,,,,,
11818,08/07/21 10:15:00,28.543,,,,,
11819,08/07/21 10:30:00,28.568,,,,,
11820,08/07/21 10:45:00,28.320,,,,,
11821,08/07/21 11:00:00,28.270,,,,,
11822,08/07/21 11:15:00,28.345,,,,,
11823,08/07/21 11:30:00,28.171,,,,,
11824,08/07/21 11:45:00,28.023,,,,,
11825,08/07/21 12:00:00,27.949,,,,,
11826,08/07/21 12:15:00,27.924,,,,,
11827,08/07/21 12:30:00,28.072,,,,,
11828,08/07/21 12:45:00,28.072,,,,,
11829,08/07/21 13:00:00,27.825,,,,,
11830,08/07/21 13:15:00,27.653,,,,,
11831,08/07/21 13:30:00,27.628,,,,,
11832,08/07/21 13:45:00,27.579,,,,,
11833,08/07/21 14:00:00,27.628,,,,,
11834,08/07/21 14:15:00,27.751,,,,,
11835,08/07/21 14:30:00,27.677,,,,,
11836,08/07/21 14:45:00,27.702,,,,,
11837,08/07/21 15:00:00,27.776,,,,,
11838,08/07/21 15:15:00,27.825,,,,,
11839,08/07/21 15:30:00,27.751,,,,,
11840,08/07/21 15:45:00,27.702,,,,,
11841,08/07/21 16:00:00,27.677,,,,,
11842,08/07/21 16:15:00,27.677,,,,,
11843,08/07/21 16:30:00,27.653,,,,,
11844,08/07/21 16:45:00,27.653,,,,,
11845,08/07/21 17:00:00,27.727,,,,,
11846,08/07/21 17:15:00,27.727,,,,,
11847,08/07/21 17:30:00,27.875,,,,,
11848,08/07/21 17:45:00,27.875,,,,,
11849,08/07/21 18:00:00,27.801,,,,,
11850,08/07/21 18:15:00,27.949,,,,,
11851,08/07/21 18:30:00,27.875,,,,,
11852,08/07/21 18:45:00,27.850,,,,,
11853,08/07/21 19:00:00,27.850,,,,,
11854,08/07/21 19:15:00,27.875,,,,,
11855,08/07/21 19:30:00,27.924,,,,,
11856,08/07/21 19:45:00,27.924,,,,,
11857,08/07/21 20:00:00,27.949,,,,,
11858,08/07/21 20:15:00,27.924,,,,,
11859,08/07/21 20:30:00,27.974,,,,,
11860,08/07/21 20:45:00,27.998,,,,,
11861,08/07/21 21:00:00,28.072,,,,,
11862,08/07/21 21:15:00,28.048,,,,,
11863,08/07/21 21:30:00,28.023,,,,,
11864,08/07/21 21:45:00,27.875,,,,,
11865,08/07/21 22:00:00,27.899,,,,,
11866,08/07/21 22:15:00,27.604,,,,,
11867,08/07/21 22:30:00,27.530,,,,,
11868,08/07/21 22:45:00,27.628,,,,,
11869,08/07/21 23:00:00,27.604,,,,,
11870,08/07/21 23:15:00,27.554,,,,,
11871,08/07/21 23:30:00,27.505,,,,,
11872,08/07/21 23:45:00,27.554,,,,,
11873,08/08/21 00:00:00,27.579,,,,,
11874,08/08/21 00:15:00,27.628,,,,,
11875,08/08/21 00:30:00,27.751,,,,,
11876,08/08/21 00:45:00,27.776,,,,,
11877,08/08/21 01:00:00,27.702,,,,,
11878,08/08/21 01:15:00,27.776,,,,,
11879,08/08/21 01:30:00,27.924,,,,,
11880,08/08/21 01:45:00,27.998,,,,,
11881,08/08/21 02:00:00,28.023,,,,,
11882,08/08/21 02:15:00,28.122,,,,,
11883,08/08/21 02:30:00,28.023,,,,,
11884,08/08/21 02:45:00,28.097,,,,,
11885,08/08/21 03:00:00,28.097,,,,,
11886,08/08/21 03:15:00,28.171,,,,,
11887,08/08/21 03:30:00,28.171,,,,,
11888,08/08/21 03:45:00,28.097,,,,,
11889,08/08/21 04:00:00,28.245,,,,,
11890,08/08/21 04:15:00,28.270,,,,,
11891,08/08/21 04:30:00,28.221,,,,,
11892,08/08/21 04:45:00,28.270,,,,,
11893,08/08/21 05:00:00,28.221,,,,,
11894,08/08/21 05:15:00,28.270,,,,,
11895,08/08/21 05:30:00,28.122,,,,,
11896,08/08/21 05:45:00,28.320,,,,,
11897,08/08/21 06:00:00,28.221,,,,,
11898,08/08/21 06:15:00,28.221,,,,,
11899,08/08/21 06:30:00,28.270,,,,,
11900,08/08/21 06:45:00,28.369,,,,,
11901,08/08/21 07:00:00,28.543,,,,,
11902,08/08/21 07:15:00,28.568,,,,,
11903,08/08/21 07:30:00,28.568,,,,,
11904,08/08/21 07:45:00,28.518,,,,,
11905,08/08/21 08:00:00,28.493,,,,,
11906,08/08/21 08:15:00,28.518,,,,,
11907,08/08/21 08:30:00,28.518,,,,,
11908,08/08/21 08:45:00,28.518,,,,,
11909,08/08/21 09:00:00,28.270,,,,,
11910,08/08/21 09:15:00,28.072,,,,,
11911,08/08/21 09:30:00,28.072,,,,,
11912,08/08/21 09:45:00,28.196,,,,,
11913,08/08/21 10:00:00,28.221,,,,,
11914,08/08/21 10:15:00,28.394,,,,,
11915,08/08/21 10:30:00,28.444,,,,,
11916,08/08/21 10:45:00,28.394,,,,,
11917,08/08/21 11:00:00,28.369,,,,,
11918,08/08/21 11:15:00,28.518,,,,,
11919,08/08/21 11:30:00,28.543,,,,,
11920,08/08/21 11:45:00,28.543,,,,,
11921,08/08/21 12:00:00,28.444,,,,,
11922,08/08/21 12:15:00,28.543,,,,,
11923,08/08/21 12:30:00,28.518,,,,,
11924,08/08/21 12:45:00,28.171,,,,,
11925,08/08/21 13:00:00,27.850,,,,,
11926,08/08/21 13:15:00,28.568,,,,,
11927,08/08/21 13:30:00,28.493,,,,,
11928,08/08/21 13:45:00,28.048,,,,,
11929,08/08/21 14:00:00,28.048,,,,,
11930,08/08/21 14:15:00,27.924,,,,,
11931,08/08/21 14:30:00,27.924,,,,,
11932,08/08/21 14:45:00,27.924,,,,,
11933,08/08/21 15:00:00,27.875,,,,,
11934,08/08/21 15:15:00,27.727,,,,,
11935,08/08/21 15:30:00,27.727,,,,,
11936,08/08/21 15:45:00,27.924,,,,,
11937,08/08/21 16:00:00,27.949,,,,,
11938,08/08/21 16:15:00,28.245,,,,,
11939,08/08/21 16:30:00,27.924,,,,,
11940,08/08/21 16:45:00,27.850,,,,,
11941,08/08/21 17:00:00,27.850,,,,,
11942,08/08/21 17:15:00,27.850,,,,,
11943,08/08/21 17:30:00,27.875,,,,,
11944,08/08/21 17:45:00,27.949,,,,,
11945,08/08/21 18:00:00,27.998,,,,,
11946,08/08/21 18:15:00,28.122,,,,,
11947,08/08/21 18:30:00,28.171,,,,,
11948,08/08/21 18:45:00,28.048,,,,,
11949,08/08/21 19:00:00,27.949,,,,,
11950,08/08/21 19:15:00,27.899,,,,,
11951,08/08/21 19:30:00,27.850,,,,,
11952,08/08/21 19:45:00,27.751,,,,,
11953,08/08/21 20:00:00,27.801,,,,,
11954,08/08/21 20:15:00,27.825,,,,,
11955,08/08/21 20:30:00,27.850,,,,,
11956,08/08/21 20:45:00,27.653,,,,,
11957,08/08/21 21:00:00,27.653,,,,,
11958,08/08/21 21:15:00,27.677,,,,,
11959,08/08/21 21:30:00,27.579,,,,,
11960,08/08/21 21:45:00,27.604,,,,,
11961,08/08/21 22:00:00,27.604,,,,,
11962,08/08/21 22:15:00,27.604,,,,,
11963,08/08/21 22:30:00,27.530,,,,,
11964,08/08/21 22:45:00,27.481,,,,,
11965,08/08/21 23:00:00,27.505,,,,,
11966,08/08/21 23:15:00,27.530,,,,,
11967,08/08/21 23:30:00,27.554,,,,,
11968,08/08/21 23:45:00,27.530,,,,,
11969,08/09/21 00:00:00,27.505,,,,,
11970,08/09/21 00:15:00,27.579,,,,,
11971,08/09/21 00:30:00,27.776,,,,,
11972,08/09/21 00:45:00,27.801,,,,,
11973,08/09/21 01:00:00,27.899,,,,,
11974,08/09/21 01:15:00,27.924,,,,,
11975,08/09/21 01:30:00,27.974,,,,,
11976,08/09/21 01:45:00,28.196,,,,,
11977,08/09/21 02:00:00,28.221,,,,,
11978,08/09/21 02:15:00,28.171,,,,,
11979,08/09/21 02:30:00,28.221,,,,,
11980,08/09/21 02:45:00,28.196,,,,,
11981,08/09/21 03:00:00,28.147,,,,,
11982,08/09/21 03:15:00,28.270,,,,,
11983,08/09/21 03:30:00,28.345,,,,,
11984,08/09/21 03:45:00,28.369,,,,,
11985,08/09/21 04:00:00,28.394,,,,,
11986,08/09/21 04:15:00,28.518,,,,,
11987,08/09/21 04:30:00,28.419,,,,,
11988,08/09/21 04:45:00,28.419,,,,,
11989,08/09/21 05:00:00,28.444,,,,,
11990,08/09/21 05:15:00,28.468,,,,,
11991,08/09/21 05:30:00,28.468,,,,,
11992,08/09/21 05:45:00,28.493,,,,,
11993,08/09/21 06:00:00,28.518,,,,,
11994,08/09/21 06:15:00,28.543,,,,,
11995,08/09/21 06:30:00,28.568,,,,,
11996,08/09/21 06:45:00,28.593,,,,,
11997,08/09/21 07:00:00,28.568,,,,,
11998,08/09/21 07:15:00,28.568,,,,,
11999,08/09/21 07:30:00,28.617,,,,,
12000,08/09/21 07:45:00,28.642,,,,,
12001,08/09/21 08:00:00,28.642,,,,,
12002,08/09/21 08:15:00,28.642,,,,,
12003,08/09/21 08:30:00,28.642,,,,,
12004,08/09/21 08:45:00,28.667,,,,,
12005,08/09/21 09:00:00,28.568,,,,,
12006,08/09/21 09:15:00,28.568,,,,,
12007,08/09/21 09:30:00,28.642,,,,,
12008,08/09/21 09:45:00,28.667,,,,,
12009,08/09/21 10:00:00,28.717,,,,,
12010,08/09/21 10:15:00,28.593,,,,,
12011,08/09/21 10:30:00,28.642,,,,,
12012,08/09/21 10:45:00,28.667,,,,,
12013,08/09/21 11:00:00,28.593,,,,,
12014,08/09/21 11:15:00,28.617,,,,,
12015,08/09/21 11:30:00,28.692,,,,,
12016,08/09/21 11:45:00,28.742,,,,,
12017,08/09/21 12:00:00,28.742,,,,,
12018,08/09/21 12:15:00,28.766,,,,,
12019,08/09/21 12:30:00,28.766,,,,,
12020,08/09/21 12:45:00,28.766,,,,,
12021,08/09/21 13:00:00,28.766,,,,,
12022,08/09/21 13:15:00,28.791,,,,,
12023,08/09/21 13:30:00,28.841,,,,,
12024,08/09/21 13:45:00,28.841,,,,,
12025,08/09/21 14:00:00,28.841,,,,,
12026,08/09/21 14:15:00,28.841,,,,,
12027,08/09/21 14:30:00,28.866,,,,,
12028,08/09/21 14:45:00,28.866,,,,,
12029,08/09/21 15:00:00,28.891,,,,,
12030,08/09/21 15:15:00,28.916,,,,,
12031,08/09/21 15:30:00,28.916,,,,,
12032,08/09/21 15:45:00,28.916,,,,,
12033,08/09/21 16:00:00,28.742,,,,,
12034,08/09/21 16:15:00,28.493,,,,,
12035,08/09/21 16:30:00,28.270,,,,,
12036,08/09/21 16:45:00,28.369,,,,,
12037,08/09/21 17:00:00,28.568,,,,,
12038,08/09/21 17:15:00,28.493,,,,,
12039,08/09/21 17:30:00,28.072,,,,,
12040,08/09/21 17:45:00,28.072,,,,,
12041,08/09/21 18:00:00,28.147,,,,,
12042,08/09/21 18:15:00,28.369,,,,,
12043,08/09/21 18:30:00,28.667,,,,,
12044,08/09/21 18:45:00,28.493,,,,,
12045,08/09/21 19:00:00,28.270,,,,,
12046,08/09/21 19:15:00,28.270,,,,,
12047,08/09/21 19:30:00,28.072,,,,,
12048,08/09/21 19:45:00,28.097,,,,,
12049,08/09/21 20:00:00,28.023,,,,,
12050,08/09/21 20:15:00,28.023,,,,,
12051,08/09/21 20:30:00,28.196,,,,,
12052,08/09/21 20:45:00,28.320,,,,,
12053,08/09/21 21:00:00,28.543,,,,,
12054,08/09/21 21:15:00,28.617,,,,,
12055,08/09/21 21:30:00,28.444,,,,,
12056,08/09/21 21:45:00,28.493,,,,,
12057,08/09/21 22:00:00,28.518,,,,,
12058,08/09/21 22:15:00,28.568,,,,,
12059,08/09/21 22:30:00,28.593,,,,,
12060,08/09/21 22:45:00,28.593,,,,,
12061,08/09/21 23:00:00,28.593,,,,,
12062,08/09/21 23:15:00,28.593,,,,,
12063,08/09/21 23:30:00,28.617,,,,,
12064,08/09/21 23:45:00,28.593,,,,,
12065,08/10/21 00:00:00,28.568,,,,,
12066,08/10/21 00:15:00,28.568,,,,,
12067,08/10/21 00:30:00,28.617,,,,,
12068,08/10/21 00:45:00,28.617,,,,,
12069,08/10/21 01:00:00,28.617,,,,,
12070,08/10/21 01:15:00,28.642,,,,,
12071,08/10/21 01:30:00,28.717,,,,,
12072,08/10/21 01:45:00,28.791,,,,,
12073,08/10/21 02:00:00,28.816,,,,,
12074,08/10/21 02:15:00,28.667,,,,,
12075,08/10/21 02:30:00,28.617,,,,,
12076,08/10/21 02:45:00,28.766,,,,,
12077,08/10/21 03:00:00,28.642,,,,,
12078,08/10/21 03:15:00,28.617,,,,,
12079,08/10/21 03:30:00,28.320,,,,,
12080,08/10/21 03:45:00,28.270,,,,,
12081,08/10/21 04:00:00,27.974,,,,,
12082,08/10/21 04:15:00,27.825,,,,,
12083,08/10/21 04:30:00,28.122,,,,,
12084,08/10/21 04:45:00,28.295,,,,,
12085,08/10/21 05:00:00,28.369,,,,,
12086,08/10/21 05:15:00,28.369,,,,,
12087,08/10/21 05:30:00,28.419,,,,,
12088,08/10/21 05:45:00,28.444,,,,,
12089,08/10/21 06:00:00,28.468,,,,,
12090,08/10/21 06:15:00,28.468,,,,,
12091,08/10/21 06:30:00,28.468,,,,,
12092,08/10/21 06:45:00,28.444,,,,,
12093,08/10/21 07:00:00,28.493,,,,,
12094,08/10/21 07:15:00,28.444,,,,,
12095,08/10/21 07:30:00,28.444,,,,,
12096,08/10/21 07:45:00,28.444,,,,,
12097,08/10/21 08:00:00,28.444,,,,,
12098,08/10/21 08:15:00,27.875,,,,,
12099,08/10/21 08:30:00,27.949,,,,,
12100,08/10/21 08:45:00,27.949,,,,,
12101,08/10/21 09:00:00,27.924,,,,,
12102,08/10/21 09:15:00,28.048,,,,,
12103,08/10/21 09:30:00,28.245,,,,,
12104,08/10/21 09:45:00,27.974,,,,,
12105,08/10/21 10:00:00,28.171,,,,,
12106,08/10/21 10:15:00,27.998,,,,,
12107,08/10/21 10:30:00,27.974,,,,,
12108,08/10/21 10:45:00,28.072,,,,,
12109,08/10/21 11:00:00,27.998,,,,,
12110,08/10/21 11:15:00,27.974,,,,,
12111,08/10/21 11:30:00,27.998,,,,,
12112,08/10/21 11:45:00,28.048,,,,,
12113,08/10/21 12:00:00,27.949,,,,,
12114,08/10/21 12:15:00,27.924,,,,,
12115,08/10/21 12:30:00,28.122,,,,,
12116,08/10/21 12:45:00,28.295,,,,,
12117,08/10/21 13:00:00,28.221,,,,,
12118,08/10/21 13:15:00,28.196,,,,,
12119,08/10/21 13:30:00,28.270,,,,,
12120,08/10/21 13:45:00,28.097,,,,,
12121,08/10/21 14:00:00,28.221,,,,,
12122,08/10/21 14:15:00,28.023,,,,,
12123,08/10/21 14:30:00,28.122,,,,,
12124,08/10/21 14:45:00,28.221,,,,,
12125,08/10/21 15:00:00,28.023,,,,,
12126,08/10/21 15:15:00,27.974,,,,,
12127,08/10/21 15:30:00,27.974,,,,,
12128,08/10/21 15:45:00,27.850,,,,,
12129,08/10/21 16:00:00,27.924,,,,,
12130,08/10/21 16:15:00,27.998,,,,,
12131,08/10/21 16:30:00,27.974,,,,,
12132,08/10/21 16:45:00,28.097,,,,,
12133,08/10/21 17:00:00,28.171,,,,,
12134,08/10/21 17:15:00,28.221,,,,,
12135,08/10/21 17:30:00,27.998,,,,,
12136,08/10/21 17:45:00,27.776,,,,,
12137,08/10/21 18:00:00,27.875,,,,,
12138,08/10/21 18:15:00,27.974,,,,,
12139,08/10/21 18:30:00,28.048,,,,,
12140,08/10/21 18:45:00,27.825,,,,,
12141,08/10/21 19:00:00,27.899,,,,,
12142,08/10/21 19:15:00,27.899,,,,,
12143,08/10/21 19:30:00,27.899,,,,,
12144,08/10/21 19:45:00,27.924,,,,,
12145,08/10/21 20:00:00,28.023,,,,,
12146,08/10/21 20:15:00,27.875,,,,,
12147,08/10/21 20:30:00,27.628,,,,,
12148,08/10/21 20:45:00,27.628,,,,,
12149,08/10/21 21:00:00,27.604,,,,,
12150,08/10/21 21:15:00,27.677,,,,,
12151,08/10/21 21:30:00,27.579,,,,,
12152,08/10/21 21:45:00,27.604,,,,,
12153,08/10/21 22:00:00,27.554,,,,,
12154,08/10/21 22:15:00,27.481,,,,,
12155,08/10/21 22:30:00,27.530,,,,,
12156,08/10/21 22:45:00,27.505,,,,,
12157,08/10/21 23:00:00,27.554,,,,,
12158,08/10/21 23:15:00,27.505,,,,,
12159,08/10/21 23:30:00,27.505,,,,,
12160,08/10/21 23:45:00,27.136,,,,,
12161,08/11/21 00:00:00,26.916,,,,,
12162,08/11/21 00:15:00,26.842,,,,,
12163,08/11/21 00:30:00,26.842,,,,,
12164,08/11/21 00:45:00,26.842,,,,,
12165,08/11/21 01:00:00,26.842,,,,,
12166,08/11/21 01:15:00,27.136,,,,,
12167,08/11/21 01:30:00,27.628,,,,,
12168,08/11/21 01:45:00,27.628,,,,,
12169,08/11/21 02:00:00,27.579,,,,,
12170,08/11/21 02:15:00,27.628,,,,,
12171,08/11/21 02:30:00,27.751,,,,,
12172,08/11/21 02:45:00,27.776,,,,,
12173,08/11/21 03:00:00,28.048,,,,,
12174,08/11/21 03:15:00,28.171,,,,,
12175,08/11/21 03:30:00,28.221,,,,,
12176,08/11/21 03:45:00,28.320,,,,,
12177,08/11/21 04:00:00,28.270,,,,,
12178,08/11/21 04:15:00,28.270,,,,,
12179,08/11/21 04:30:00,28.270,,,,,
12180,08/11/21 04:45:00,28.320,,,,,
12181,08/11/21 05:00:00,28.345,,,,,
12182,08/11/21 05:15:00,28.468,,,,,
12183,08/11/21 05:30:00,28.593,,,,,
12184,08/11/21 05:45:00,28.642,,,,,
12185,08/11/21 06:00:00,28.642,,,,,
12186,08/11/21 06:15:00,28.518,,,,,
12187,08/11/21 06:30:00,28.642,,,,,
12188,08/11/21 06:45:00,28.667,,,,,
12189,08/11/21 07:00:00,28.667,,,,,
12190,08/11/21 07:15:00,28.617,,,,,
12191,08/11/21 07:30:00,28.568,,,,,
12192,08/11/21 07:45:00,28.568,,,,,
12193,08/11/21 08:00:00,28.593,,,,,
12194,08/11/21 08:15:00,28.593,,,,,
12195,08/11/21 08:30:00,28.692,,,,,
12196,08/11/21 08:45:00,28.667,,,,,
12197,08/11/21 09:00:00,28.667,,,,,
12198,08/11/21 09:15:00,28.667,,,,,
12199,08/11/21 09:30:00,28.692,,,,,
12200,08/11/21 09:45:00,28.692,,,,,
12201,08/11/21 10:00:00,28.667,,,,,
12202,08/11/21 10:15:00,28.692,,,,,
12203,08/11/21 10:30:00,28.717,,,,,
12204,08/11/21 10:45:00,28.717,,,,,
12205,08/11/21 11:00:00,28.717,,,,,
12206,08/11/21 11:15:00,28.742,,,,,
12207,08/11/21 11:30:00,28.742,,,,,
12208,08/11/21 11:45:00,28.742,,,,,
12209,08/11/21 12:00:00,28.742,,,,,
12210,08/11/21 12:15:00,28.742,,,,,
12211,08/11/21 12:30:00,28.742,,,,,
12212,08/11/21 12:45:00,28.742,,,,,
12213,08/11/21 13:00:00,28.742,,,,,
12214,08/11/21 13:15:00,28.742,,,,,
12215,08/11/21 13:30:00,28.742,,,,,
12216,08/11/21 13:45:00,28.742,,,,,
12217,08/11/21 14:00:00,28.791,,,,,
12218,08/11/21 14:15:00,28.766,,,,,
12219,08/11/21 14:30:00,28.791,,,,,
12220,08/11/21 14:45:00,28.791,,,,,
12221,08/11/21 15:00:00,28.791,,,,,
12222,08/11/21 15:15:00,28.816,,,,,
12223,08/11/21 15:30:00,28.816,,,,,
12224,08/11/21 15:45:00,28.816,,,,,
12225,08/11/21 16:00:00,28.841,,,,,
12226,08/11/21 16:15:00,28.841,,,,,
12227,08/11/21 16:30:00,28.866,,,,,
12228,08/11/21 16:45:00,28.891,,,,,
12229,08/11/21 17:00:00,28.916,,,,,
12230,08/11/21 17:15:00,28.941,,,,,
12231,08/11/21 17:30:00,28.916,,,,,
12232,08/11/21 17:45:00,28.916,,,,,
12233,08/11/21 18:00:00,28.891,,,,,
12234,08/11/21 18:15:00,28.916,,,,,
12235,08/11/21 18:30:00,28.916,,,,,
12236,08/11/21 18:45:00,28.916,,,,,
12237,08/11/21 19:00:00,28.941,,,,,
12238,08/11/21 19:15:00,28.916,,,,,
12239,08/11/21 19:30:00,28.916,,,,,
12240,08/11/21 19:45:00,28.891,,,,,
12241,08/11/21 20:00:00,28.891,,,,,
12242,08/11/21 20:15:00,28.916,,,,,
12243,08/11/21 20:30:00,28.667,,,,,
12244,08/11/21 20:45:00,28.692,,,,,
12245,08/11/21 21:00:00,28.816,,,,,
12246,08/11/21 21:15:00,28.866,,,,,
12247,08/11/21 21:30:00,28.841,,,,,
12248,08/11/21 21:45:00,28.841,,,,,
12249,08/11/21 22:00:00,28.816,,,,,
12250,08/11/21 22:15:00,28.816,,,,,
12251,08/11/21 22:30:00,28.692,,,,,
12252,08/11/21 22:45:00,28.642,,,,,
12253,08/11/21 23:00:00,28.742,,,,,
12254,08/11/21 23:15:00,28.791,,,,,
12255,08/11/21 23:30:00,28.766,,,,,
12256,08/11/21 23:45:00,28.766,,,,,
12257,08/12/21 00:00:00,28.766,,,,,
12258,08/12/21 00:15:00,28.766,,,,,
12259,08/12/21 00:30:00,28.221,,,,,
12260,08/12/21 00:45:00,28.196,,,,,
12261,08/12/21 01:00:00,28.196,,,,,
12262,08/12/21 01:15:00,28.345,,,,,
12263,08/12/21 01:30:00,28.122,,,,,
12264,08/12/21 01:45:00,28.048,,,,,
12265,08/12/21 02:00:00,28.147,,,,,
12266,08/12/21 02:15:00,27.801,,,,,
12267,08/12/21 02:30:00,28.122,,,,,
12268,08/12/21 02:45:00,28.196,,,,,
12269,08/12/21 03:00:00,28.196,,,,,
12270,08/12/21 03:15:00,28.320,,,,,
12271,08/12/21 03:30:00,28.221,,,,,
12272,08/12/21 03:45:00,28.122,,,,,
12273,08/12/21 04:00:00,28.122,,,,,
12274,08/12/21 04:15:00,27.924,,,,,
12275,08/12/21 04:30:00,27.924,,,,,
12276,08/12/21 04:45:00,27.998,,,,,
12277,08/12/21 05:00:00,27.875,,,,,
12278,08/12/21 05:15:00,27.875,,,,,
12279,08/12/21 05:30:00,27.727,,,,,
12280,08/12/21 05:45:00,27.505,,,,,
12281,08/12/21 06:00:00,27.899,,,,,
12282,08/12/21 06:15:00,28.270,,,,,
12283,08/12/21 06:30:00,28.394,,,,,
12284,08/12/21 06:45:00,28.320,,,,,
12285,08/12/21 07:00:00,28.369,,,,,
12286,08/12/21 07:15:00,28.518,,,,,
12287,08/12/21 07:30:00,28.444,,,,,
12288,08/12/21 07:45:00,28.270,,,,,
12289,08/12/21 08:00:00,28.196,,,,,
12290,08/12/21 08:15:00,28.048,,,,,
12291,08/12/21 08:30:00,27.949,,,,,
12292,08/12/21 08:45:00,27.974,,,,,
12293,08/12/21 09:00:00,27.998,,,,,
12294,08/12/21 09:15:00,27.875,,,,,
12295,08/12/21 09:30:00,27.801,,,,,
12296,08/12/21 09:45:00,27.579,,,,,
12297,08/12/21 10:00:00,27.776,,,,,
12298,08/12/21 10:15:00,27.677,,,,,
12299,08/12/21 10:30:00,27.727,,,,,
12300,08/12/21 10:45:00,27.653,,,,,
12301,08/12/21 11:00:00,27.677,,,,,
12302,08/12/21 11:15:00,27.628,,,,,
12303,08/12/21 11:30:00,27.727,,,,,
12304,08/12/21 11:45:00,27.702,,,,,
12305,08/12/21 12:00:00,27.530,,,,,
12306,08/12/21 12:15:00,27.407,,,,,
12307,08/12/21 12:30:00,27.505,,,,,
12308,08/12/21 12:45:00,27.554,,,,,
12309,08/12/21 13:00:00,27.358,,,,,
12310,08/12/21 13:15:00,27.407,,,,,
12311,08/12/21 13:30:00,27.308,,,,,
12312,08/12/21 13:45:00,27.308,,,,,
12313,08/12/21 14:00:00,27.407,,,,,
12314,08/12/21 14:15:00,27.259,,,,,
12315,08/12/21 14:30:00,27.235,,,,,
12316,08/12/21 14:45:00,27.235,,,,,
12317,08/12/21 15:00:00,27.284,,,,,
12318,08/12/21 15:15:00,27.087,,,,,
12319,08/12/21 15:30:00,26.989,,,,,
12320,08/12/21 15:45:00,26.965,,,,,
12321,08/12/21 16:00:00,27.038,,,,,
12322,08/12/21 16:15:00,27.014,,,,,
12323,08/12/21 16:30:00,26.940,,,,,
12324,08/12/21 16:45:00,27.014,,,,,
12325,08/12/21 17:00:00,27.038,,,,,
12326,08/12/21 17:15:00,27.038,,,,,
12327,08/12/21 17:30:00,27.087,,,,,
12328,08/12/21 17:45:00,27.210,,,,,
12329,08/12/21 18:00:00,27.284,,,,,
12330,08/12/21 18:15:00,27.407,,,,,
12331,08/12/21 18:30:00,27.579,,,,,
12332,08/12/21 18:45:00,27.505,,,,,
12333,08/12/21 19:00:00,27.554,,,,,
12334,08/12/21 19:15:00,27.358,,,,,
12335,08/12/21 19:30:00,27.431,,,,,
12336,08/12/21 19:45:00,27.727,,,,,
12337,08/12/21 20:00:00,27.801,,,,,
12338,08/12/21 20:15:00,28.023,,,,,
12339,08/12/21 20:30:00,28.048,,,,,
12340,08/12/21 20:45:00,28.122,,,,,
12341,08/12/21 21:00:00,28.221,,,,,
12342,08/12/21 21:15:00,28.320,,,,,
12343,08/12/21 21:30:00,28.419,,,,,
12344,08/12/21 21:45:00,28.345,,,,,
12345,08/12/21 22:00:00,28.419,,,,,
12346,08/12/21 22:15:00,28.419,,,,,
12347,08/12/21 22:30:00,28.419,,,,,
12348,08/12/21 22:45:00,28.419,,,,,
12349,08/12/21 23:00:00,28.444,,,,,
12350,08/12/21 23:15:00,28.444,,,,,
12351,08/12/21 23:30:00,28.444,,,,,
12352,08/12/21 23:45:00,28.444,,,,,
12353,08/13/21 00:00:00,28.147,,,,,
12354,08/13/21 00:15:00,27.875,,,,,
12355,08/13/21 00:30:00,27.825,,,,,
12356,08/13/21 00:45:00,27.751,,,,,
12357,08/13/21 01:00:00,27.751,,,,,
12358,08/13/21 01:15:00,27.751,,,,,
12359,08/13/21 01:30:00,27.776,,,,,
12360,08/13/21 01:45:00,27.751,,,,,
12361,08/13/21 02:00:00,27.801,,,,,
12362,08/13/21 02:15:00,27.825,,,,,
12363,08/13/21 02:30:00,27.998,,,,,
12364,08/13/21 02:45:00,27.875,,,,,
12365,08/13/21 03:00:00,27.899,,,,,
12366,08/13/21 03:15:00,27.949,,,,,
12367,08/13/21 03:30:00,28.245,,,,,
12368,08/13/21 03:45:00,28.320,,,,,
12369,08/13/21 04:00:00,28.023,,,,,
12370,08/13/21 04:15:00,27.899,,,,,
12371,08/13/21 04:30:00,28.221,,,,,
12372,08/13/21 04:45:00,28.493,,,,,
12373,08/13/21 05:00:00,28.543,,,,,
12374,08/13/21 05:15:00,28.593,,,,,
12375,08/13/21 05:30:00,28.642,,,,,
12376,08/13/21 05:45:00,28.642,,,,,
12377,08/13/21 06:00:00,28.642,,,,,
12378,08/13/21 06:15:00,28.642,,,,,
12379,08/13/21 06:30:00,28.642,,,,,
12380,08/13/21 06:45:00,28.593,,,,,
12381,08/13/21 07:00:00,28.097,,,,,
12382,08/13/21 07:15:00,27.875,,,,,
12383,08/13/21 07:30:00,27.949,,,,,
12384,08/13/21 07:45:00,28.171,,,,,
12385,08/13/21 08:00:00,28.568,,,,,
12386,08/13/21 08:15:00,28.593,,,,,
12387,08/13/21 08:30:00,28.593,,,,,
12388,08/13/21 08:45:00,28.617,,,,,
12389,08/13/21 09:00:00,28.642,,,,,
12390,08/13/21 09:15:00,28.642,,,,,
12391,08/13/21 09:30:00,28.667,,,,,
12392,08/13/21 09:45:00,28.642,,,,,
12393,08/13/21 10:00:00,28.642,,,,,
12394,08/13/21 10:15:00,28.642,,,,,
12395,08/13/21 10:30:00,28.667,,,,,
12396,08/13/21 10:45:00,28.667,,,,,
12397,08/13/21 11:00:00,28.667,,,,,
12398,08/13/21 11:15:00,28.667,,,,,
12399,08/13/21 11:30:00,28.692,,,,,
12400,08/13/21 11:45:00,28.742,,,,,
12401,08/13/21 12:00:00,28.742,,,,,
12402,08/13/21 12:15:00,28.742,,,,,
12403,08/13/21 12:30:00,28.667,,,,,
12404,08/13/21 12:45:00,28.667,,,,,
12405,08/13/21 13:00:00,28.667,,,,,
12406,08/13/21 13:15:00,28.617,,,,,
12407,08/13/21 13:30:00,28.617,,,,,
12408,08/13/21 13:45:00,28.518,,,,,
12409,08/13/21 14:00:00,28.493,,,,,
12410,08/13/21 14:15:00,28.072,,,,,
12411,08/13/21 14:30:00,27.825,,,,,
12412,08/13/21 14:45:00,27.825,,,,,
12413,08/13/21 15:00:00,27.875,,,,,
12414,08/13/21 15:15:00,28.171,,,,,
12415,08/13/21 15:30:00,28.593,,,,,
12416,08/13/21 15:45:00,28.642,,,,,
12417,08/13/21 16:00:00,28.667,,,,,
12418,08/13/21 16:15:00,28.667,,,,,
12419,08/13/21 16:30:00,28.667,,,,,
12420,08/13/21 16:45:00,28.369,,,,,
12421,08/13/21 17:00:00,28.369,,,,,
12422,08/13/21 17:15:00,28.196,,,,,
12423,08/13/21 17:30:00,28.270,,,,,
12424,08/13/21 17:45:00,28.221,,,,,
12425,08/13/21 18:00:00,28.394,,,,,
12426,08/13/21 18:15:00,28.295,,,,,
12427,08/13/21 18:30:00,28.419,,,,,
12428,08/13/21 18:45:00,28.419,,,,,
12429,08/13/21 19:00:00,28.320,,,,,
12430,08/13/21 19:15:00,28.245,,,,,
12431,08/13/21 19:30:00,28.221,,,,,
12432,08/13/21 19:45:00,28.320,,,,,
12433,08/13/21 20:00:00,28.245,,,,,
12434,08/13/21 20:15:00,28.320,,,,,
12435,08/13/21 20:30:00,28.221,,,,,
12436,08/13/21 20:45:00,28.245,,,,,
12437,08/13/21 21:00:00,28.171,,,,,
12438,08/13/21 21:15:00,28.147,,,,,
12439,08/13/21 21:30:00,28.171,,,,,
12440,08/13/21 21:45:00,28.122,,,,,
12441,08/13/21 22:00:00,28.171,,,,,
12442,08/13/21 22:15:00,28.245,,,,,
12443,08/13/21 22:30:00,28.320,,,,,
12444,08/13/21 22:45:00,28.369,,,,,
12445,08/13/21 23:00:00,28.345,,,,,
12446,08/13/21 23:15:00,28.345,,,,,
12447,08/13/21 23:30:00,28.444,,,,,
12448,08/13/21 23:45:00,28.320,,,,,
12449,08/14/21 00:00:00,28.320,,,,,
12450,08/14/21 00:15:00,28.419,,,,,
12451,08/14/21 00:30:00,28.444,,,,,
12452,08/14/21 00:45:00,28.468,,,,,
12453,08/14/21 01:00:00,28.493,,,,,
12454,08/14/21 01:15:00,28.493,,,,,
12455,08/14/21 01:30:00,28.444,,,,,
12456,08/14/21 01:45:00,28.394,,,,,
12457,08/14/21 02:00:00,28.468,,,,,
12458,08/14/21 02:15:00,28.444,,,,,
12459,08/14/21 02:30:00,28.245,,,,,
12460,08/14/21 02:45:00,28.345,,,,,
12461,08/14/21 03:00:00,28.171,,,,,
12462,08/14/21 03:15:00,28.023,,,,,
12463,08/14/21 03:30:00,27.875,,,,,
12464,08/14/21 03:45:00,27.850,,,,,
12465,08/14/21 04:00:00,27.924,,,,,
12466,08/14/21 04:15:00,27.924,,,,,
12467,08/14/21 04:30:00,27.899,,,,,
12468,08/14/21 04:45:00,27.875,,,,,
12469,08/14/21 05:00:00,27.702,,,,,
12470,08/14/21 05:15:00,27.677,,,,,
12471,08/14/21 05:30:00,27.974,,,,,
12472,08/14/21 05:45:00,28.048,,,,,
12473,08/14/21 06:00:00,27.924,,,,,
12474,08/14/21 06:15:00,27.825,,,,,
12475,08/14/21 06:30:00,27.924,,,,,
12476,08/14/21 06:45:00,27.924,,,,,
12477,08/14/21 07:00:00,27.850,,,,,
12478,08/14/21 07:15:00,27.727,,,,,
12479,08/14/21 07:30:00,27.579,,,,,
12480,08/14/21 07:45:00,27.628,,,,,
12481,08/14/21 08:00:00,27.727,,,,,
12482,08/14/21 08:15:00,27.727,,,,,
12483,08/14/21 08:30:00,27.776,,,,,
12484,08/14/21 08:45:00,27.727,,,,,
12485,08/14/21 09:00:00,27.875,,,,,
12486,08/14/21 09:15:00,27.776,,,,,
12487,08/14/21 09:30:00,27.924,,,,,
12488,08/14/21 09:45:00,27.998,,,,,
12489,08/14/21 10:00:00,27.998,,,,,
12490,08/14/21 10:15:00,28.023,,,,,
12491,08/14/21 10:30:00,28.221,,,,,
12492,08/14/21 10:45:00,28.245,,,,,
12493,08/14/21 11:00:00,28.270,,,,,
12494,08/14/21 11:15:00,28.171,,,,,
12495,08/14/21 11:30:00,28.221,,,,,
12496,08/14/21 11:45:00,28.345,,,,,
12497,08/14/21 12:00:00,28.245,,,,,
12498,08/14/21 12:15:00,28.171,,,,,
12499,08/14/21 12:30:00,28.072,,,,,
12500,08/14/21 12:45:00,27.998,,,,,
12501,08/14/21 13:00:00,28.097,,,,,
12502,08/14/21 13:15:00,28.122,,,,,
12503,08/14/21 13:30:00,28.097,,,,,
12504,08/14/21 13:45:00,28.122,,,,,
12505,08/14/21 14:00:00,28.122,,,,,
12506,08/14/21 14:15:00,28.122,,,,,
12507,08/14/21 14:30:00,28.122,,,,,
12508,08/14/21 14:45:00,28.147,,,,,
12509,08/14/21 15:00:00,28.072,,,,,
12510,08/14/21 15:15:00,28.147,,,,,
12511,08/14/21 15:30:00,28.171,,,,,
12512,08/14/21 15:45:00,28.295,,,,,
12513,08/14/21 16:00:00,28.369,,,,,
12514,08/14/21 16:15:00,28.444,,,,,
12515,08/14/21 16:30:00,28.345,,,,,
12516,08/14/21 16:45:00,28.295,,,,,
12517,08/14/21 17:00:00,28.245,,,,,
12518,08/14/21 17:15:00,28.097,,,,,
12519,08/14/21 17:30:00,28.270,,,,,
12520,08/14/21 17:45:00,28.122,,,,,
12521,08/14/21 18:00:00,27.825,,,,,
12522,08/14/21 18:15:00,27.702,,,,,
12523,08/14/21 18:30:00,27.727,,,,,
12524,08/14/21 18:45:00,27.702,,,,,
12525,08/14/21 19:00:00,28.097,,,,,
12526,08/14/21 19:15:00,28.221,,,,,
12527,08/14/21 19:30:00,27.899,,,,,
12528,08/14/21 19:45:00,28.072,,,,,
12529,08/14/21 20:00:00,28.196,,,,,
12530,08/14/21 20:15:00,28.270,,,,,
12531,08/14/21 20:30:00,28.270,,,,,
12532,08/14/21 20:45:00,28.295,,,,,
12533,08/14/21 21:00:00,28.345,,,,,
12534,08/14/21 21:15:00,28.593,,,,,
12535,08/14/21 21:30:00,28.766,,,,,
12536,08/14/21 21:45:00,28.766,,,,,
12537,08/14/21 22:00:00,28.742,,,,,
12538,08/14/21 22:15:00,28.543,,,,,
12539,08/14/21 22:30:00,28.518,,,,,
12540,08/14/21 22:45:00,28.518,,,,,
12541,08/14/21 23:00:00,28.518,,,,,
12542,08/14/21 23:15:00,28.568,,,,,
12543,08/14/21 23:30:00,28.593,,,,,
12544,08/14/21 23:45:00,28.493,,,,,
12545,08/15/21 00:00:00,28.493,,,,,
12546,08/15/21 00:15:00,28.568,,,,,
12547,08/15/21 00:30:00,28.766,,,,,
12548,08/15/21 00:45:00,28.891,,,,,
12549,08/15/21 01:00:00,28.891,,,,,
12550,08/15/21 01:15:00,28.642,,,,,
12551,08/15/21 01:30:00,28.617,,,,,
12552,08/15/21 01:45:00,28.642,,,,,
12553,08/15/21 02:00:00,28.642,,,,,
12554,08/15/21 02:15:00,28.667,,,,,
12555,08/15/21 02:30:00,28.617,,,,,
12556,08/15/21 02:45:00,28.667,,,,,
12557,08/15/21 03:00:00,28.543,,,,,
12558,08/15/21 03:15:00,28.593,,,,,
12559,08/15/21 03:30:00,28.617,,,,,
12560,08/15/21 03:45:00,28.593,,,,,
12561,08/15/21 04:00:00,28.642,,,,,
12562,08/15/21 04:15:00,28.617,,,,,
12563,08/15/21 04:30:00,28.617,,,,,
12564,08/15/21 04:45:00,28.518,,,,,
12565,08/15/21 05:00:00,28.543,,,,,
12566,08/15/21 05:15:00,28.568,,,,,
12567,08/15/21 05:30:00,28.345,,,,,
12568,08/15/21 05:45:00,28.568,,,,,
12569,08/15/21 06:00:00,28.593,,,,,
12570,08/15/21 06:15:00,28.122,,,,,
12571,08/15/21 06:30:00,28.320,,,,,
12572,08/15/21 06:45:00,28.518,,,,,
12573,08/15/21 07:00:00,28.369,,,,,
12574,08/15/21 07:15:00,28.543,,,,,
12575,08/15/21 07:30:00,28.543,,,,,
12576,08/15/21 07:45:00,28.568,,,,,
12577,08/15/21 08:00:00,28.394,,,,,
12578,08/15/21 08:15:00,28.543,,,,,
12579,08/15/21 08:30:00,28.369,,,,,
12580,08/15/21 08:45:00,28.369,,,,,
12581,08/15/21 09:00:00,28.493,,,,,
12582,08/15/21 09:15:00,28.369,,,,,
12583,08/15/21 09:30:00,28.196,,,,,
12584,08/15/21 09:45:00,28.023,,,,,
12585,08/15/21 10:00:00,28.023,,,,,
12586,08/15/21 10:15:00,28.023,,,,,
12587,08/15/21 10:30:00,27.899,,,,,
12588,08/15/21 10:45:00,27.875,,,,,
12589,08/15/21 11:00:00,27.850,,,,,
12590,08/15/21 11:15:00,27.850,,,,,
12591,08/15/21 11:30:00,27.924,,,,,
12592,08/15/21 11:45:00,27.875,,,,,
12593,08/15/21 12:00:00,27.875,,,,,
12594,08/15/21 12:15:00,27.875,,,,,
12595,08/15/21 12:30:00,27.899,,,,,
12596,08/15/21 12:45:00,27.924,,,,,
12597,08/15/21 13:00:00,27.924,,,,,
12598,08/15/21 13:15:00,27.949,,,,,
12599,08/15/21 13:30:00,27.949,,,,,
12600,08/15/21 13:45:00,27.974,,,,,
12601,08/15/21 14:00:00,27.998,,,,,
12602,08/15/21 14:15:00,28.023,,,,,
12603,08/15/21 14:30:00,27.505,,,,,
12604,08/15/21 14:45:00,27.284,,,,,
12605,08/15/21 15:00:00,27.308,,,,,
12606,08/15/21 15:15:00,27.308,,,,,
12607,08/15/21 15:30:00,27.333,,,,,
12608,08/15/21 15:45:00,27.431,,,,,
12609,08/15/21 16:00:00,27.210,,,,,
12610,08/15/21 16:15:00,27.210,,,,,
12611,08/15/21 16:30:00,27.284,,,,,
12612,08/15/21 16:45:00,27.308,,,,,
12613,08/15/21 17:00:00,27.161,,,,,
12614,08/15/21 17:15:00,27.161,,,,,
12615,08/15/21 17:30:00,27.161,,,,,
12616,08/15/21 17:45:00,27.308,,,,,
12617,08/15/21 18:00:00,27.333,,,,,
12618,08/15/21 18:15:00,27.358,,,,,
12619,08/15/21 18:30:00,27.481,,,,,
12620,08/15/21 18:45:00,27.554,,,,,
12621,08/15/21 19:00:00,27.554,,,,,
12622,08/15/21 19:15:00,27.481,,,,,
12623,08/15/21 19:30:00,27.505,,,,,
12624,08/15/21 19:45:00,27.505,,,,,
12625,08/15/21 20:00:00,27.481,,,,,
12626,08/15/21 20:15:00,27.456,,,,,
12627,08/15/21 20:30:00,27.456,,,,,
12628,08/15/21 20:45:00,27.505,,,,,
12629,08/15/21 21:00:00,27.530,,,,,
12630,08/15/21 21:15:00,27.554,,,,,
12631,08/15/21 21:30:00,27.481,,,,,
12632,08/15/21 21:45:00,27.456,,,,,
12633,08/15/21 22:00:00,27.456,,,,,
12634,08/15/21 22:15:00,27.604,,,,,
12635,08/15/21 22:30:00,27.677,,,,,
12636,08/15/21 22:45:00,27.727,,,,,
12637,08/15/21 23:00:00,27.875,,,,,
12638,08/15/21 23:15:00,27.875,,,,,
12639,08/15/21 23:30:00,27.924,,,,,
12640,08/15/21 23:45:00,28.468,,,,,
12641,08/16/21 00:00:00,28.518,,,,,
12642,08/16/21 00:15:00,28.518,,,,,
12643,08/16/21 00:30:00,28.568,,,,,
12644,08/16/21 00:45:00,28.642,,,,,
12645,08/16/21 01:00:00,28.642,,,,,
12646,08/16/21 01:15:00,28.667,,,,,
12647,08/16/21 01:30:00,28.667,,,,,
12648,08/16/21 01:45:00,28.667,,,,,
12649,08/16/21 02:00:00,28.667,,,,,
12650,08/16/21 02:15:00,28.617,,,,,
12651,08/16/21 02:30:00,28.568,,,,,
12652,08/16/21 02:45:00,28.543,,,,,
12653,08/16/21 03:00:00,28.518,,,,,
12654,08/16/21 03:15:00,28.568,,,,,
12655,08/16/21 03:30:00,28.543,,,,,
12656,08/16/21 03:45:00,28.543,,,,,
12657,08/16/21 04:00:00,28.543,,,,,
12658,08/16/21 04:15:00,28.617,,,,,
12659,08/16/21 04:30:00,28.642,,,,,
12660,08/16/21 04:45:00,28.667,,,,,
12661,08/16/21 05:00:00,28.692,,,,,
12662,08/16/21 05:15:00,28.692,,,,,
12663,08/16/21 05:30:00,28.692,,,,,
12664,08/16/21 05:45:00,28.717,,,,,
12665,08/16/21 06:00:00,28.717,,,,,
12666,08/16/21 06:15:00,28.717,,,,,
12667,08/16/21 06:30:00,28.717,,,,,
12668,08/16/21 06:45:00,28.717,,,,,
12669,08/16/21 07:00:00,28.717,,,,,
12670,08/16/21 07:15:00,28.742,,,,,
12671,08/16/21 07:30:00,28.742,,,,,
12672,08/16/21 07:45:00,28.742,,,,,
12673,08/16/21 08:00:00,28.742,,,,,
12674,08/16/21 08:15:00,28.742,,,,,
12675,08/16/21 08:30:00,28.742,,,,,
12676,08/16/21 08:45:00,28.742,,,,,
12677,08/16/21 09:00:00,28.742,,,,,
12678,08/16/21 09:15:00,28.766,,,,,
12679,08/16/21 09:30:00,28.766,,,,,
12680,08/16/21 09:45:00,28.717,,,,,
12681,08/16/21 10:00:00,28.742,,,,,
12682,08/16/21 10:15:00,28.742,,,,,
12683,08/16/21 10:30:00,28.766,,,,,
12684,08/16/21 10:45:00,28.766,,,,,
12685,08/16/21 11:00:00,28.766,,,,,
12686,08/16/21 11:15:00,28.766,,,,,
12687,08/16/21 11:30:00,28.766,,,,,
12688,08/16/21 11:45:00,28.766,,,,,
12689,08/16/21 12:00:00,28.717,,,,,
12690,08/16/21 12:15:00,28.717,,,,,
12691,08/16/21 12:30:00,28.742,,,,,
12692,08/16/21 12:45:00,28.742,,,,,
12693,08/16/21 13:00:00,28.766,,,,,
12694,08/16/21 13:15:00,28.766,,,,,
12695,08/16/21 13:30:00,28.766,,,,,
12696,08/16/21 13:45:00,28.766,,,,,
12697,08/16/21 14:00:00,28.816,,,,,
12698,08/16/21 14:15:00,28.816,,,,,
12699,08/16/21 14:30:00,28.816,,,,,
12700,08/16/21 14:45:00,28.742,,,,,
12701,08/16/21 15:00:00,28.642,,,,,
12702,08/16/21 15:15:00,28.742,,,,,
12703,08/16/21 15:30:00,28.816,,,,,
12704,08/16/21 15:45:00,28.816,,,,,
12705,08/16/21 16:00:00,28.841,,,,,
12706,08/16/21 16:15:00,28.841,,,,,
12707,08/16/21 16:30:00,28.841,,,,,
12708,08/16/21 16:45:00,28.816,,,,,
12709,08/16/21 17:00:00,28.816,,,,,
12710,08/16/21 17:15:00,28.791,,,,,
12711,08/16/21 17:30:00,28.766,,,,,
12712,08/16/21 17:45:00,28.766,,,,,
12713,08/16/21 18:00:00,28.791,,,,,
12714,08/16/21 18:15:00,28.791,,,,,
12715,08/16/21 18:30:00,28.791,,,,,
12716,08/16/21 18:45:00,28.791,,,,,
12717,08/16/21 19:00:00,28.791,,,,,
12718,08/16/21 19:15:00,28.766,,,,,
12719,08/16/21 19:30:00,28.642,,,,,
12720,08/16/21 19:45:00,28.493,,,,,
12721,08/16/21 20:00:00,28.692,,,,,
12722,08/16/21 20:15:00,28.568,,,,,
12723,08/16/21 20:30:00,27.850,,,,,
12724,08/16/21 20:45:00,27.530,,,,,
12725,08/16/21 21:00:00,27.136,,,,,
12726,08/16/21 21:15:00,27.063,,,,,
12727,08/16/21 21:30:00,26.965,,,,,
12728,08/16/21 21:45:00,26.940,,,,,
12729,08/16/21 22:00:00,27.014,,,,,
12730,08/16/21 22:15:00,26.916,,,,,
12731,08/16/21 22:30:00,27.014,,,,,
12732,08/16/21 22:45:00,27.087,,,,,
12733,08/16/21 23:00:00,27.063,,,,,
12734,08/16/21 23:15:00,27.186,,,,,
12735,08/16/21 23:30:00,27.186,,,,,
12736,08/16/21 23:45:00,27.136,,,,,
12737,08/17/21 00:00:00,27.186,,,,,
12738,08/17/21 00:15:00,27.284,,,,,
12739,08/17/21 00:30:00,27.431,,,,,
12740,08/17/21 00:45:00,27.284,,,,,
12741,08/17/21 01:00:00,27.259,,,,,
12742,08/17/21 01:15:00,27.259,,,,,
12743,08/17/21 01:30:00,27.235,,,,,
12744,08/17/21 01:45:00,27.259,,,,,
12745,08/17/21 02:00:00,27.259,,,,,
12746,08/17/21 02:15:00,27.333,,,,,
12747,08/17/21 02:30:00,27.358,,,,,
12748,08/17/21 02:45:00,27.456,,,,,
12749,08/17/21 03:00:00,27.481,,,,,
12750,08/17/21 03:15:00,27.333,,,,,
12751,08/17/21 03:30:00,27.333,,,,,
12752,08/17/21 03:45:00,27.284,,,,,
12753,08/17/21 04:00:00,27.628,,,,,
12754,08/17/21 04:15:00,27.407,,,,,
12755,08/17/21 04:30:00,27.456,,,,,
12756,08/17/21 04:45:00,27.456,,,,,
12757,08/17/21 05:00:00,27.481,,,,,
12758,08/17/21 05:15:00,27.431,,,,,
12759,08/17/21 05:30:00,27.431,,,,,
12760,08/17/21 05:45:00,27.456,,,,,
12761,08/17/21 06:00:00,27.505,,,,,
12762,08/17/21 06:15:00,27.776,,,,,
12763,08/17/21 06:30:00,27.825,,,,,
12764,08/17/21 06:45:00,27.776,,,,,
12765,08/17/21 07:00:00,27.875,,,,,
12766,08/17/21 07:15:00,27.949,,,,,
12767,08/17/21 07:30:00,27.899,,,,,
12768,08/17/21 07:45:00,27.949,,,,,
12769,08/17/21 08:00:00,27.825,,,,,
12770,08/17/21 08:15:00,27.924,,,,,
12771,08/17/21 08:30:00,27.825,,,,,
12772,08/17/21 08:45:00,27.801,,,,,
12773,08/17/21 09:00:00,27.825,,,,,
12774,08/17/21 09:15:00,27.825,,,,,
12775,08/17/21 09:30:00,27.776,,,,,
12776,08/17/21 09:45:00,27.776,,,,,
12777,08/17/21 10:00:00,27.628,,,,,
12778,08/17/21 10:15:00,27.530,,,,,
12779,08/17/21 10:30:00,27.382,,,,,
12780,08/17/21 10:45:00,27.431,,,,,
12781,08/17/21 11:00:00,27.407,,,,,
12782,08/17/21 11:15:00,27.308,,,,,
12783,08/17/21 11:30:00,27.333,,,,,
12784,08/17/21 11:45:00,27.358,,,,,
12785,08/17/21 12:00:00,27.530,,,,,
12786,08/17/21 12:15:00,27.530,,,,,
12787,08/17/21 12:30:00,27.358,,,,,
12788,08/17/21 12:45:00,27.333,,,,,
12789,08/17/21 13:00:00,27.358,,,,,
12790,08/17/21 13:15:00,27.407,,,,,
12791,08/17/21 13:30:00,27.875,,,,,
12792,08/17/21 13:45:00,28.345,,,,,
12793,08/17/21 14:00:00,28.345,,,,,
12794,08/17/21 14:15:00,28.345,,,,,
12795,08/17/21 14:30:00,28.245,,,,,
12796,08/17/21 14:45:00,28.221,,,,,
12797,08/17/21 15:00:00,28.270,,,,,
12798,08/17/21 15:15:00,28.345,,,,,
12799,08/17/21 15:30:00,28.171,,,,,
12800,08/17/21 15:45:00,28.122,,,,,
12801,08/17/21 16:00:00,27.850,,,,,
12802,08/17/21 16:15:00,27.801,,,,,
12803,08/17/21 16:30:00,27.875,,,,,
12804,08/17/21 16:45:00,27.998,,,,,
12805,08/17/21 17:00:00,27.924,,,,,
12806,08/17/21 17:15:00,27.801,,,,,
12807,08/17/21 17:30:00,27.899,,,,,
12808,08/17/21 17:45:00,27.801,,,,,
12809,08/17/21 18:00:00,28.221,,,,,
12810,08/17/21 18:15:00,28.196,,,,,
12811,08/17/21 18:30:00,27.974,,,,,
12812,08/17/21 18:45:00,27.974,,,,,
12813,08/17/21 19:00:00,28.245,,,,,
12814,08/17/21 19:15:00,28.270,,,,,
12815,08/17/21 19:30:00,28.221,,,,,
12816,08/17/21 19:45:00,28.196,,,,,
12817,08/17/21 20:00:00,28.171,,,,,
12818,08/17/21 20:15:00,27.974,,,,,
12819,08/17/21 20:30:00,28.147,,,,,
12820,08/17/21 20:45:00,28.270,,,,,
12821,08/17/21 21:00:00,28.171,,,,,
12822,08/17/21 21:15:00,28.369,,,,,
12823,08/17/21 21:30:00,28.493,,,,,
12824,08/17/21 21:45:00,28.444,,,,,
12825,08/17/21 22:00:00,28.419,,,,,
12826,08/17/21 22:15:00,28.369,,,,,
12827,08/17/21 22:30:00,28.320,,,,,
12828,08/17/21 22:45:00,28.394,,,,,
12829,08/17/21 23:00:00,28.468,,,,,
12830,08/17/21 23:15:00,28.593,,,,,
12831,08/17/21 23:30:00,28.642,,,,,
12832,08/17/21 23:45:00,28.742,,,,,
12833,08/18/21 00:00:00,28.742,,,,,
12834,08/18/21 00:15:00,28.766,,,,,
12835,08/18/21 00:30:00,28.766,,,,,
12836,08/18/21 00:45:00,28.791,,,,,
12837,08/18/21 01:00:00,28.816,,,,,
12838,08/18/21 01:15:00,28.816,,,,,
12839,08/18/21 01:30:00,28.816,,,,,
12840,08/18/21 01:45:00,28.816,,,,,
12841,08/18/21 02:00:00,28.816,,,,,
12842,08/18/21 02:15:00,28.816,,,,,
12843,08/18/21 02:30:00,28.841,,,,,
12844,08/18/21 02:45:00,28.841,,,,,
12845,08/18/21 03:00:00,28.841,,,,,
12846,08/18/21 03:15:00,28.866,,,,,
12847,08/18/21 03:30:00,28.866,,,,,
12848,08/18/21 03:45:00,28.866,,,,,
12849,08/18/21 04:00:00,28.841,,,,,
12850,08/18/21 04:15:00,28.841,,,,,
12851,08/18/21 04:30:00,28.841,,,,,
12852,08/18/21 04:45:00,28.866,,,,,
12853,08/18/21 05:00:00,28.866,,,,,
12854,08/18/21 05:15:00,28.841,,,,,
12855,08/18/21 05:30:00,28.841,,,,,
12856,08/18/21 05:45:00,28.816,,,,,
12857,08/18/21 06:00:00,28.816,,,,,
12858,08/18/21 06:15:00,28.841,,,,,
12859,08/18/21 06:30:00,28.841,,,,,
12860,08/18/21 06:45:00,28.841,,,,,
12861,08/18/21 07:00:00,28.841,,,,,
12862,08/18/21 07:15:00,28.841,,,,,
12863,08/18/21 07:30:00,28.841,,,,,
12864,08/18/21 07:45:00,28.866,,,,,
12865,08/18/21 08:00:00,28.866,,,,,
12866,08/18/21 08:15:00,28.891,,,,,
12867,08/18/21 08:30:00,28.891,,,,,
12868,08/18/21 08:45:00,28.866,,,,,
12869,08/18/21 09:00:00,28.891,,,,,
12870,08/18/21 09:15:00,28.891,,,,,
12871,08/18/21 09:30:00,28.841,,,,,
12872,08/18/21 09:45:00,28.816,,,,,
12873,08/18/21 10:00:00,28.816,,,,,
12874,08/18/21 10:15:00,28.841,,,,,
12875,08/18/21 10:30:00,28.866,,,,,
12876,08/18/21 10:45:00,28.866,,,,,
12877,08/18/21 11:00:00,28.841,,,,,
12878,08/18/21 11:15:00,28.841,,,,,
12879,08/18/21 11:30:00,28.841,,,,,
12880,08/18/21 11:45:00,28.841,,,,,
12881,08/18/21 12:00:00,28.841,,,,,
12882,08/18/21 12:15:00,28.816,,,,,
12883,08/18/21 12:30:00,28.816,,,,,
12884,08/18/21 12:45:00,28.816,,,,,
12885,08/18/21 13:00:00,28.816,,,,,
12886,08/18/21 13:15:00,28.766,,,,,
12887,08/18/21 13:30:00,28.568,,,,,
12888,08/18/21 13:45:00,28.369,,,,,
12889,08/18/21 14:00:00,28.345,,,,,
12890,08/18/21 14:15:00,28.394,,,,,
12891,08/18/21 14:30:00,28.444,,,,,
12892,08/18/21 14:45:00,28.468,,,,,
12893,08/18/21 15:00:00,28.518,,,,,
12894,08/18/21 15:15:00,27.899,,,,,
12895,08/18/21 15:30:00,28.245,,,,,
12896,08/18/21 15:45:00,28.345,,,,,
12897,08/18/21 16:00:00,28.518,,,,,
12898,08/18/21 16:15:00,28.593,,,,,
12899,08/18/21 16:30:00,28.617,,,,,
12900,08/18/21 16:45:00,28.320,,,,,
12901,08/18/21 17:00:00,28.493,,,,,
12902,08/18/21 17:15:00,28.543,,,,,
12903,08/18/21 17:30:00,28.543,,,,,
12904,08/18/21 17:45:00,27.776,,,,,
12905,08/18/21 18:00:00,27.505,,,,,
12906,08/18/21 18:15:00,27.382,,,,,
12907,08/18/21 18:30:00,27.579,,,,,
12908,08/18/21 18:45:00,27.481,,,,,
12909,08/18/21 19:00:00,27.407,,,,,
12910,08/18/21 19:15:00,27.333,,,,,
12911,08/18/21 19:30:00,27.308,,,,,
12912,08/18/21 19:45:00,27.210,,,,,
12913,08/18/21 20:00:00,27.235,,,,,
12914,08/18/21 20:15:00,27.186,,,,,
12915,08/18/21 20:30:00,27.186,,,,,
12916,08/18/21 20:45:00,27.161,,,,,
12917,08/18/21 21:00:00,27.308,,,,,
12918,08/18/21 21:15:00,27.235,,,,,
12919,08/18/21 21:30:00,27.407,,,,,
12920,08/18/21 21:45:00,27.530,,,,,
12921,08/18/21 22:00:00,27.875,,,,,
12922,08/18/21 22:15:00,27.677,,,,,
12923,08/18/21 22:30:00,27.579,,,,,
12924,08/18/21 22:45:00,27.579,,,,,
12925,08/18/21 23:00:00,27.727,,,,,
12926,08/18/21 23:15:00,27.702,,,,,
12927,08/18/21 23:30:00,27.530,,,,,
12928,08/18/21 23:45:00,27.628,,,,,
12929,08/19/21 00:00:00,27.677,,,,,
12930,08/19/21 00:15:00,27.702,,,,,
12931,08/19/21 00:30:00,27.579,,,,,
12932,08/19/21 00:45:00,27.554,,,,,
12933,08/19/21 01:00:00,27.579,,,,,
12934,08/19/21 01:15:00,27.579,,,,,
12935,08/19/21 01:30:00,27.579,,,,,
12936,08/19/21 01:45:00,27.554,,,,,
12937,08/19/21 02:00:00,27.456,,,,,
12938,08/19/21 02:15:00,27.481,,,,,
12939,08/19/21 02:30:00,27.407,,,,,
12940,08/19/21 02:45:00,27.358,,,,,
12941,08/19/21 03:00:00,27.333,,,,,
12942,08/19/21 03:15:00,27.308,,,,,
12943,08/19/21 03:30:00,27.284,,,,,
12944,08/19/21 03:45:00,27.579,,,,,
12945,08/19/21 04:00:00,27.801,,,,,
12946,08/19/21 04:15:00,27.751,,,,,
12947,08/19/21 04:30:00,27.776,,,,,
12948,08/19/21 04:45:00,27.776,,,,,
12949,08/19/21 05:00:00,28.072,,,,,
12950,08/19/21 05:15:00,28.072,,,,,
12951,08/19/21 05:30:00,27.949,,,,,
12952,08/19/21 05:45:00,27.899,,,,,
12953,08/19/21 06:00:00,27.875,,,,,
12954,08/19/21 06:15:00,27.776,,,,,
12955,08/19/21 06:30:00,27.727,,,,,
12956,08/19/21 06:45:00,27.702,,,,,
12957,08/19/21 07:00:00,27.677,,,,,
12958,08/19/21 07:15:00,27.702,,,,,
12959,08/19/21 07:30:00,27.702,,,,,
12960,08/19/21 07:45:00,28.097,,,,,
12961,08/19/21 08:00:00,28.493,,,,,
12962,08/19/21 08:15:00,28.518,,,,,
12963,08/19/21 08:30:00,28.468,,,,,
12964,08/19/21 08:45:00,28.518,,,,,
12965,08/19/21 09:00:00,28.568,,,,,
12966,08/19/21 09:15:00,28.568,,,,,
12967,08/19/21 09:30:00,28.468,,,,,
12968,08/19/21 09:45:00,28.468,,,,,
12969,08/19/21 10:00:00,28.419,,,,,
12970,08/19/21 10:15:00,28.320,,,,,
12971,08/19/21 10:30:00,28.320,,,,,
12972,08/19/21 10:45:00,28.345,,,,,
12973,08/19/21 11:00:00,28.345,,,,,
12974,08/19/21 11:15:00,28.295,,,,,
12975,08/19/21 11:30:00,28.369,,,,,
12976,08/19/21 11:45:00,28.419,,,,,
12977,08/19/21 12:00:00,28.345,,,,,
12978,08/19/21 12:15:00,28.468,,,,,
12979,08/19/21 12:30:00,28.122,,,,,
12980,08/19/21 12:45:00,28.295,,,,,
12981,08/19/21 13:00:00,28.717,,,,,
12982,08/19/21 13:15:00,28.717,,,,,
12983,08/19/21 13:30:00,28.742,,,,,
12984,08/19/21 13:45:00,28.791,,,,,
12985,08/19/21 14:00:00,28.791,,,,,
12986,08/19/21 14:15:00,28.816,,,,,
12987,08/19/21 14:30:00,28.841,,,,,
12988,08/19/21 14:45:00,28.891,,,,,
12989,08/19/21 15:00:00,28.941,,,,,
12990,08/19/21 15:15:00,28.990,,,,,
12991,08/19/21 15:30:00,29.065,,,,,
12992,08/19/21 15:45:00,29.065,,,,,
12993,08/19/21 16:00:00,29.015,,,,,
12994,08/19/21 16:15:00,29.040,,,,,
12995,08/19/21 16:30:00,29.015,,,,,
12996,08/19/21 16:45:00,28.990,,,,,
12997,08/19/21 17:00:00,28.990,,,,,
12998,08/19/21 17:15:00,28.990,,,,,
12999,08/19/21 17:30:00,29.015,,,,,
13000,08/19/21 17:45:00,28.891,,,,,
13001,08/19/21 18:00:00,28.866,,,,,
13002,08/19/21 18:15:00,28.866,,,,,
13003,08/19/21 18:30:00,28.493,,,,,
13004,08/19/21 18:45:00,28.543,,,,,
13005,08/19/21 19:00:00,28.270,,,,,
13006,08/19/21 19:15:00,28.147,,,,,
13007,08/19/21 19:30:00,28.493,,,,,
13008,08/19/21 19:45:00,28.419,,,,,
13009,08/19/21 20:00:00,28.518,,,,,
13010,08/19/21 20:15:00,28.667,,,,,
13011,08/19/21 20:30:00,28.742,,,,,
13012,08/19/21 20:45:00,28.667,,,,,
13013,08/19/21 21:00:00,28.717,,,,,
13014,08/19/21 21:15:00,28.816,,,,,
13015,08/19/21 21:30:00,28.419,,,,,
13016,08/19/21 21:45:00,27.850,,,,,
13017,08/19/21 22:00:00,27.751,,,,,
13018,08/19/21 22:15:00,27.727,,,,,
13019,08/19/21 22:30:00,27.431,,,,,
13020,08/19/21 22:45:00,27.505,,,,,
13021,08/19/21 23:00:00,27.850,,,,,
13022,08/19/21 23:15:00,27.899,,,,,
13023,08/19/21 23:30:00,28.196,,,,,
13024,08/19/21 23:45:00,28.419,,,,,
13025,08/20/21 00:00:00,28.270,,,,,
13026,08/20/21 00:15:00,28.270,,,,,
13027,08/20/21 00:30:00,28.023,,,,,
13028,08/20/21 00:45:00,28.642,,,,,
13029,08/20/21 01:00:00,28.518,,,,,
13030,08/20/21 01:15:00,28.717,,,,,
13031,08/20/21 01:30:00,28.990,,,,,
13032,08/20/21 01:45:00,28.916,,,,,
13033,08/20/21 02:00:00,28.841,,,,,
13034,08/20/21 02:15:00,28.791,,,,,
13035,08/20/21 02:30:00,28.642,,,,,
13036,08/20/21 02:45:00,28.122,,,,,
13037,08/20/21 03:00:00,27.776,,,,,
13038,08/20/21 03:15:00,27.653,,,,,
13039,08/20/21 03:30:00,27.702,,,,,
13040,08/20/21 03:45:00,27.751,,,,,
13041,08/20/21 04:00:00,27.875,,,,,
13042,08/20/21 04:15:00,28.097,,,,,
13043,08/20/21 04:30:00,28.048,,,,,
13044,08/20/21 04:45:00,27.875,,,,,
13045,08/20/21 05:00:00,27.801,,,,,
13046,08/20/21 05:15:00,27.998,,,,,
13047,08/20/21 05:30:00,28.147,,,,,
13048,08/20/21 05:45:00,28.048,,,,,
13049,08/20/21 06:00:00,27.677,,,,,
13050,08/20/21 06:15:00,27.825,,,,,
13051,08/20/21 06:30:00,27.579,,,,,
13052,08/20/21 06:45:00,27.554,,,,,
13053,08/20/21 07:00:00,27.530,,,,,
13054,08/20/21 07:15:00,27.431,,,,,
13055,08/20/21 07:30:00,27.333,,,,,
13056,08/20/21 07:45:00,27.382,,,,,
13057,08/20/21 08:00:00,27.358,,,,,
13058,08/20/21 08:15:00,27.210,,,,,
13059,08/20/21 08:30:00,27.136,,,,,
13060,08/20/21 08:45:00,27.161,,,,,
13061,08/20/21 09:00:00,27.333,,,,,
13062,08/20/21 09:15:00,27.407,,,,,
13063,08/20/21 09:30:00,27.579,,,,,
13064,08/20/21 09:45:00,27.850,,,,,
13065,08/20/21 10:00:00,27.998,,,,,
13066,08/20/21 10:15:00,28.221,,,,,
13067,08/20/21 10:30:00,28.048,,,,,
13068,08/20/21 10:45:00,27.751,,,,,
13069,08/20/21 11:00:00,27.751,,,,,
13070,08/20/21 11:15:00,28.245,,,,,
13071,08/20/21 11:30:00,28.147,,,,,
13072,08/20/21 11:45:00,28.147,,,,,
13073,08/20/21 12:00:00,28.221,,,,,
13074,08/20/21 12:15:00,28.122,,,,,
13075,08/20/21 12:30:00,28.072,,,,,
13076,08/20/21 12:45:00,28.147,,,,,
13077,08/20/21 13:00:00,27.998,,,,,
13078,08/20/21 13:15:00,27.949,,,,,
13079,08/20/21 13:30:00,27.924,,,,,
13080,08/20/21 13:45:00,27.825,,,,,
13081,08/20/21 14:00:00,27.801,,,,,
13082,08/20/21 14:15:00,27.653,,,,,
13083,08/20/21 14:30:00,27.653,,,,,
13084,08/20/21 14:45:00,27.751,,,,,
13085,08/20/21 15:00:00,28.295,,,,,
13086,08/20/21 15:15:00,28.568,,,,,
13087,08/20/21 15:30:00,28.270,,,,,
13088,08/20/21 15:45:00,28.147,,,,,
13089,08/20/21 16:00:00,27.628,,,,,
13090,08/20/21 16:15:00,27.456,,,,,
13091,08/20/21 16:30:00,27.677,,,,,
13092,08/20/21 16:45:00,27.924,,,,,
13093,08/20/21 17:00:00,27.776,,,,,
13094,08/20/21 17:15:00,27.825,,,,,
13095,08/20/21 17:30:00,27.801,,,,,
13096,08/20/21 17:45:00,27.875,,,,,
13097,08/20/21 18:00:00,27.949,,,,,
13098,08/20/21 18:15:00,27.998,,,,,
13099,08/20/21 18:30:00,28.196,,,,,
13100,08/20/21 18:45:00,28.196,,,,,
13101,08/20/21 19:00:00,28.221,,,,,
13102,08/20/21 19:15:00,28.270,,,,,
13103,08/20/21 19:30:00,28.245,,,,,
13104,08/20/21 19:45:00,28.147,,,,,
13105,08/20/21 20:00:00,28.320,,,,,
13106,08/20/21 20:15:00,28.394,,,,,
13107,08/20/21 20:30:00,28.320,,,,,
13108,08/20/21 20:45:00,28.295,,,,,
13109,08/20/21 21:00:00,28.270,,,,,
13110,08/20/21 21:15:00,28.320,,,,,
13111,08/20/21 21:30:00,28.270,,,,,
13112,08/20/21 21:45:00,28.468,,,,,
13113,08/20/21 22:00:00,28.394,,,,,
13114,08/20/21 22:15:00,28.568,,,,,
13115,08/20/21 22:30:00,28.667,,,,,
13116,08/20/21 22:45:00,28.667,,,,,
13117,08/20/21 23:00:00,28.717,,,,,
13118,08/20/21 23:15:00,28.717,,,,,
13119,08/20/21 23:30:00,28.717,,,,,
13120,08/20/21 23:45:00,28.717,,,,,
13121,08/21/21 00:00:00,28.742,,,,,
13122,08/21/21 00:15:00,28.766,,,,,
13123,08/21/21 00:30:00,28.766,,,,,
13124,08/21/21 00:45:00,28.791,,,,,
13125,08/21/21 01:00:00,28.816,,,,,
13126,08/21/21 01:15:00,28.841,,,,,
13127,08/21/21 01:30:00,28.891,,,,,
13128,08/21/21 01:45:00,28.916,,,,,
13129,08/21/21 02:00:00,28.941,,,,,
13130,08/21/21 02:15:00,28.965,,,,,
13131,08/21/21 02:30:00,28.990,,,,,
13132,08/21/21 02:45:00,28.965,,,,,
13133,08/21/21 03:00:00,28.965,,,,,
13134,08/21/21 03:15:00,28.941,,,,,
13135,08/21/21 03:30:00,28.941,,,,,
13136,08/21/21 03:45:00,28.965,,,,,
13137,08/21/21 04:00:00,28.965,,,,,
13138,08/21/21 04:15:00,28.965,,,,,
13139,08/21/21 04:30:00,28.965,,,,,
13140,08/21/21 04:45:00,28.965,,,,,
13141,08/21/21 05:00:00,28.965,,,,,
13142,08/21/21 05:15:00,28.965,,,,,
13143,08/21/21 05:30:00,28.965,,,,,
13144,08/21/21 05:45:00,28.965,,,,,
13145,08/21/21 06:00:00,28.965,,,,,
13146,08/21/21 06:15:00,28.965,,,,,
13147,08/21/21 06:30:00,28.965,,,,,
13148,08/21/21 06:45:00,28.965,,,,,
13149,08/21/21 07:00:00,28.965,,,,,
13150,08/21/21 07:15:00,28.965,,,,,
13151,08/21/21 07:30:00,28.965,,,,,
13152,08/21/21 07:45:00,28.965,,,,,
13153,08/21/21 08:00:00,28.916,,,,,
13154,08/21/21 08:15:00,28.916,,,,,
13155,08/21/21 08:30:00,28.916,,,,,
13156,08/21/21 08:45:00,28.916,,,,,
13157,08/21/21 09:00:00,28.891,,,,,
13158,08/21/21 09:15:00,28.941,,,,,
13159,08/21/21 09:30:00,28.941,,,,,
13160,08/21/21 09:45:00,28.965,,,,,
13161,08/21/21 10:00:00,28.941,,,,,
13162,08/21/21 10:15:00,28.941,,,,,
13163,08/21/21 10:30:00,28.965,,,,,
13164,08/21/21 10:45:00,29.015,,,,,
13165,08/21/21 11:00:00,29.040,,,,,
13166,08/21/21 11:15:00,29.065,,,,,
13167,08/21/21 11:30:00,29.090,,,,,
13168,08/21/21 11:45:00,29.115,,,,,
13169,08/21/21 12:00:00,29.115,,,,,
13170,08/21/21 12:15:00,29.115,,,,,
13171,08/21/21 12:30:00,29.115,,,,,
13172,08/21/21 12:45:00,29.065,,,,,
13173,08/21/21 13:00:00,29.090,,,,,
13174,08/21/21 13:15:00,29.090,,,,,
13175,08/21/21 13:30:00,29.090,,,,,
13176,08/21/21 13:45:00,29.090,,,,,
13177,08/21/21 14:00:00,29.090,,,,,
13178,08/21/21 14:15:00,29.115,,,,,
13179,08/21/21 14:30:00,29.115,,,,,
13180,08/21/21 14:45:00,29.115,,,,,
13181,08/21/21 15:00:00,29.115,,,,,
13182,08/21/21 15:15:00,28.717,,,,,
13183,08/21/21 15:30:00,28.543,,,,,
13184,08/21/21 15:45:00,28.568,,,,,
13185,08/21/21 16:00:00,28.394,,,,,
13186,08/21/21 16:15:00,28.468,,,,,
13187,08/21/21 16:30:00,28.543,,,,,
13188,08/21/21 16:45:00,28.493,,,,,
13189,08/21/21 17:00:00,28.444,,,,,
13190,08/21/21 17:15:00,28.518,,,,,
13191,08/21/21 17:30:00,28.518,,,,,
13192,08/21/21 17:45:00,28.543,,,,,
13193,08/21/21 18:00:00,28.518,,,,,
13194,08/21/21 18:15:00,28.593,,,,,
13195,08/21/21 18:30:00,28.394,,,,,
13196,08/21/21 18:45:00,28.444,,,,,
13197,08/21/21 19:00:00,28.543,,,,,
13198,08/21/21 19:15:00,28.593,,,,,
13199,08/21/21 19:30:00,28.568,,,,,
13200,08/21/21 19:45:00,28.270,,,,,
13201,08/21/21 20:00:00,28.245,,,,,
13202,08/21/21 20:15:00,28.171,,,,,
13203,08/21/21 20:30:00,28.196,,,,,
13204,08/21/21 20:45:00,28.543,,,,,
13205,08/21/21 21:00:00,28.221,,,,,
13206,08/21/21 21:15:00,28.122,,,,,
13207,08/21/21 21:30:00,27.825,,,,,
13208,08/21/21 21:45:00,27.924,,,,,
13209,08/21/21 22:00:00,27.825,,,,,
13210,08/21/21 22:15:00,27.776,,,,,
13211,08/21/21 22:30:00,27.702,,,,,
13212,08/21/21 22:45:00,27.850,,,,,
13213,08/21/21 23:00:00,27.949,,,,,
13214,08/21/21 23:15:00,27.998,,,,,
13215,08/21/21 23:30:00,28.221,,,,,
13216,08/21/21 23:45:00,28.023,,,,,
13217,08/22/21 00:00:00,27.924,,,,,
13218,08/22/21 00:15:00,27.924,,,,,
13219,08/22/21 00:30:00,28.023,,,,,
13220,08/22/21 00:45:00,27.998,,,,,
13221,08/22/21 01:00:00,27.974,,,,,
13222,08/22/21 01:15:00,28.023,,,,,
13223,08/22/21 01:30:00,28.122,,,,,
13224,08/22/21 01:45:00,28.072,,,,,
13225,08/22/21 02:00:00,28.048,,,,,
13226,08/22/21 02:15:00,28.196,,,,,
13227,08/22/21 02:30:00,28.097,,,,,
13228,08/22/21 02:45:00,28.048,,,,,
13229,08/22/21 03:00:00,28.122,,,,,
13230,08/22/21 03:15:00,28.122,,,,,
13231,08/22/21 03:30:00,28.072,,,,,
13232,08/22/21 03:45:00,27.974,,,,,
13233,08/22/21 04:00:00,28.023,,,,,
13234,08/22/21 04:15:00,28.072,,,,,
13235,08/22/21 04:30:00,28.072,,,,,
13236,08/22/21 04:45:00,28.097,,,,,
13237,08/22/21 05:00:00,28.122,,,,,
13238,08/22/21 05:15:00,28.221,,,,,
13239,08/22/21 05:30:00,28.345,,,,,
13240,08/22/21 05:45:00,28.394,,,,,
13241,08/22/21 06:00:00,28.444,,,,,
13242,08/22/21 06:15:00,28.468,,,,,
13243,08/22/21 06:30:00,28.245,,,,,
13244,08/22/21 06:45:00,28.345,,,,,
13245,08/22/21 07:00:00,28.147,,,,,
13246,08/22/21 07:15:00,28.221,,,,,
13247,08/22/21 07:30:00,28.369,,,,,
13248,08/22/21 07:45:00,28.419,,,,,
13249,08/22/21 08:00:00,28.468,,,,,
13250,08/22/21 08:15:00,28.444,,,,,
13251,08/22/21 08:30:00,28.320,,,,,
13252,08/22/21 08:45:00,28.345,,,,,
13253,08/22/21 09:00:00,28.419,,,,,
13254,08/22/21 09:15:00,28.419,,,,,
13255,08/22/21 09:30:00,28.444,,,,,
13256,08/22/21 09:45:00,28.468,,,,,
13257,08/22/21 10:00:00,28.444,,,,,
13258,08/22/21 10:15:00,28.468,,,,,
13259,08/22/21 10:30:00,28.518,,,,,
13260,08/22/21 10:45:00,28.543,,,,,
13261,08/22/21 11:00:00,28.543,,,,,
13262,08/22/21 11:15:00,28.568,,,,,
13263,08/22/21 11:30:00,28.568,,,,,
13264,08/22/21 11:45:00,28.568,,,,,
13265,08/22/21 12:00:00,28.593,,,,,
13266,08/22/21 12:15:00,28.568,,,,,
13267,08/22/21 12:30:00,28.617,,,,,
13268,08/22/21 12:45:00,28.543,,,,,
13269,08/22/21 13:00:00,28.543,,,,,
13270,08/22/21 13:15:00,27.801,,,,,
13271,08/22/21 13:30:00,27.505,,,,,
13272,08/22/21 13:45:00,27.530,,,,,
13273,08/22/21 14:00:00,27.505,,,,,
13274,08/22/21 14:15:00,27.653,,,,,
13275,08/22/21 14:30:00,27.727,,,,,
13276,08/22/21 14:45:00,27.677,,,,,
13277,08/22/21 15:00:00,27.949,,,,,
13278,08/22/21 15:15:00,27.924,,,,,
13279,08/22/21 15:30:00,27.899,,,,,
13280,08/22/21 15:45:00,28.023,,,,,
13281,08/22/21 16:00:00,27.899,,,,,
13282,08/22/21 16:15:00,28.023,,,,,
13283,08/22/21 16:30:00,27.875,,,,,
13284,08/22/21 16:45:00,27.899,,,,,
13285,08/22/21 17:00:00,28.196,,,,,
13286,08/22/21 17:15:00,27.924,,,,,
13287,08/22/21 17:30:00,27.924,,,,,
13288,08/22/21 17:45:00,27.949,,,,,
13289,08/22/21 18:00:00,27.899,,,,,
13290,08/22/21 18:15:00,27.998,,,,,
13291,08/22/21 18:30:00,28.048,,,,,
13292,08/22/21 18:45:00,28.369,,,,,
13293,08/22/21 19:00:00,28.543,,,,,
13294,08/22/21 19:15:00,28.147,,,,,
13295,08/22/21 19:30:00,28.023,,,,,
13296,08/22/21 19:45:00,28.072,,,,,
13297,08/22/21 20:00:00,28.245,,,,,
13298,08/22/21 20:15:00,28.742,,,,,
13299,08/22/21 20:30:00,28.742,,,,,
13300,08/22/21 20:45:00,28.518,,,,,
13301,08/22/21 21:00:00,28.642,,,,,
13302,08/22/21 21:15:00,28.766,,,,,
13303,08/22/21 21:30:00,28.766,,,,,
13304,08/22/21 21:45:00,28.766,,,,,
13305,08/22/21 22:00:00,28.766,,,,,
13306,08/22/21 22:15:00,28.766,,,,,
13307,08/22/21 22:30:00,28.766,,,,,
13308,08/22/21 22:45:00,28.791,,,,,
13309,08/22/21 23:00:00,28.791,,,,,
13310,08/22/21 23:15:00,28.791,,,,,
13311,08/22/21 23:30:00,28.791,,,,,
13312,08/22/21 23:45:00,28.816,,,,,
13313,08/23/21 00:00:00,28.816,,,,,
13314,08/23/21 00:15:00,28.891,,,,,
13315,08/23/21 00:30:00,28.891,,,,,
13316,08/23/21 00:45:00,28.891,,,,,
13317,08/23/21 01:00:00,28.891,,,,,
13318,08/23/21 01:15:00,28.891,,,,,
13319,08/23/21 01:30:00,28.965,,,,,
13320,08/23/21 01:45:00,28.990,,,,,
13321,08/23/21 02:00:00,28.916,,,,,
13322,08/23/21 02:15:00,28.941,,,,,
13323,08/23/21 02:30:00,28.941,,,,,
13324,08/23/21 02:45:00,28.941,,,,,
13325,08/23/21 03:00:00,28.941,,,,,
13326,08/23/21 03:15:00,28.965,,,,,
13327,08/23/21 03:30:00,28.990,,,,,
13328,08/23/21 03:45:00,28.990,,,,,
13329,08/23/21 04:00:00,28.990,,,,,
13330,08/23/21 04:15:00,28.965,,,,,
13331,08/23/21 04:30:00,28.816,,,,,
13332,08/23/21 04:45:00,28.742,,,,,
13333,08/23/21 05:00:00,28.617,,,,,
13334,08/23/21 05:15:00,28.568,,,,,
13335,08/23/21 05:30:00,28.468,,,,,
13336,08/23/21 05:45:00,28.468,,,,,
13337,08/23/21 06:00:00,28.468,,,,,
13338,08/23/21 06:15:00,28.543,,,,,
13339,08/23/21 06:30:00,28.419,,,,,
13340,08/23/21 06:45:00,28.369,,,,,
13341,08/23/21 07:00:00,28.295,,,,,
13342,08/23/21 07:15:00,28.468,,,,,
13343,08/23/21 07:30:00,28.493,,,,,
13344,08/23/21 07:45:00,28.518,,,,,
13345,08/23/21 08:00:00,28.493,,,,,
13346,08/23/21 08:15:00,28.518,,,,,
13347,08/23/21 08:30:00,28.518,,,,,
13348,08/23/21 08:45:00,28.543,,,,,
13349,08/23/21 09:00:00,28.568,,,,,
13350,08/23/21 09:15:00,28.568,,,,,
13351,08/23/21 09:30:00,28.568,,,,,
13352,08/23/21 09:45:00,28.543,,,,,
13353,08/23/21 10:00:00,28.568,,,,,
13354,08/23/21 10:15:00,28.568,,,,,
13355,08/23/21 10:30:00,28.543,,,,,
13356,08/23/21 10:45:00,28.593,,,,,
13357,08/23/21 11:00:00,28.617,,,,,
13358,08/23/21 11:15:00,28.593,,,,,
13359,08/23/21 11:30:00,28.593,,,,,
13360,08/23/21 11:45:00,28.593,,,,,
13361,08/23/21 12:00:00,28.568,,,,,
13362,08/23/21 12:15:00,28.568,,,,,
13363,08/23/21 12:30:00,28.617,,,,,
13364,08/23/21 12:45:00,28.617,,,,,
13365,08/23/21 13:00:00,28.642,,,,,
13366,08/23/21 13:15:00,28.593,,,,,
13367,08/23/21 13:30:00,28.568,,,,,
13368,08/23/21 13:45:00,28.568,,,,,
13369,08/23/21 14:00:00,28.593,,,,,
13370,08/23/21 14:15:00,28.593,,,,,
13371,08/23/21 14:30:00,28.642,,,,,
13372,08/23/21 14:45:00,28.593,,,,,
13373,08/23/21 15:00:00,28.543,,,,,
13374,08/23/21 15:15:00,28.493,,,,,
13375,08/23/21 15:30:00,28.468,,,,,
13376,08/23/21 15:45:00,28.295,,,,,
13377,08/23/21 16:00:00,28.147,,,,,
13378,08/23/21 16:15:00,27.974,,,,,
13379,08/23/21 16:30:00,27.924,,,,,
13380,08/23/21 16:45:00,27.825,,,,,
13381,08/23/21 17:00:00,27.850,,,,,
13382,08/23/21 17:15:00,27.653,,,,,
13383,08/23/21 17:30:00,27.727,,,,,
13384,08/23/21 17:45:00,27.776,,,,,
13385,08/23/21 18:00:00,27.702,,,,,
13386,08/23/21 18:15:00,27.776,,,,,
13387,08/23/21 18:30:00,28.444,,,,,
13388,08/23/21 18:45:00,28.122,,,,,
13389,08/23/21 19:00:00,28.444,,,,,
13390,08/23/21 19:15:00,28.444,,,,,
13391,08/23/21 19:30:00,28.493,,,,,
13392,08/23/21 19:45:00,28.493,,,,,
13393,08/23/21 20:00:00,28.543,,,,,
13394,08/23/21 20:15:00,28.642,,,,,
13395,08/23/21 20:30:00,28.667,,,,,
13396,08/23/21 20:45:00,28.692,,,,,
13397,08/23/21 21:00:00,28.692,,,,,
13398,08/23/21 21:15:00,28.717,,,,,
13399,08/23/21 21:30:00,28.667,,,,,
13400,08/23/21 21:45:00,28.617,,,,,
13401,08/23/21 22:00:00,28.642,,,,,
13402,08/23/21 22:15:00,28.196,,,,,
13403,08/23/21 22:30:00,28.196,,,,,
13404,08/23/21 22:45:00,28.147,,,,,
13405,08/23/21 23:00:00,27.998,,,,,
13406,08/23/21 23:15:00,28.518,,,,,
13407,08/23/21 23:30:00,28.667,,,,,
13408,08/23/21 23:45:00,28.617,,,,,
13409,08/24/21 00:00:00,28.468,,,,,
13410,08/24/21 00:15:00,28.617,,,,,
13411,08/24/21 00:30:00,28.692,,,,,
13412,08/24/21 00:45:00,28.717,,,,,
13413,08/24/21 01:00:00,28.692,,,,,
13414,08/24/21 01:15:00,28.766,,,,,
13415,08/24/21 01:30:00,28.766,,,,,
13416,08/24/21 01:45:00,28.791,,,,,
13417,08/24/21 02:00:00,28.791,,,,,
13418,08/24/21 02:15:00,28.791,,,,,
13419,08/24/21 02:30:00,28.791,,,,,
13420,08/24/21 02:45:00,28.766,,,,,
13421,08/24/21 03:00:00,28.791,,,,,
13422,08/24/21 03:15:00,28.841,,,,,
13423,08/24/21 03:30:00,28.866,,,,,
13424,08/24/21 03:45:00,28.891,,,,,
13425,08/24/21 04:00:00,28.891,,,,,
13426,08/24/21 04:15:00,28.891,,,,,
13427,08/24/21 04:30:00,28.891,,,,,
13428,08/24/21 04:45:00,28.916,,,,,
13429,08/24/21 05:00:00,28.891,,,,,
13430,08/24/21 05:15:00,28.866,,,,,
13431,08/24/21 05:30:00,28.816,,,,,
13432,08/24/21 05:45:00,28.717,,,,,
13433,08/24/21 06:00:00,28.593,,,,,
13434,08/24/21 06:15:00,28.692,,,,,
13435,08/24/21 06:30:00,28.816,,,,,
13436,08/24/21 06:45:00,28.866,,,,,
13437,08/24/21 07:00:00,28.891,,,,,
13438,08/24/21 07:15:00,28.891,,,,,
13439,08/24/21 07:30:00,28.866,,,,,
13440,08/24/21 07:45:00,28.617,,,,,
13441,08/24/21 08:00:00,28.568,,,,,
13442,08/24/21 08:15:00,28.617,,,,,
13443,08/24/21 08:30:00,28.667,,,,,
13444,08/24/21 08:45:00,28.617,,,,,
13445,08/24/21 09:00:00,28.617,,,,,
13446,08/24/21 09:15:00,28.617,,,,,
13447,08/24/21 09:30:00,28.617,,,,,
13448,08/24/21 09:45:00,28.617,,,,,
13449,08/24/21 10:00:00,28.593,,,,,
13450,08/24/21 10:15:00,28.593,,,,,
13451,08/24/21 10:30:00,28.543,,,,,
13452,08/24/21 10:45:00,28.667,,,,,
13453,08/24/21 11:00:00,28.742,,,,,
13454,08/24/21 11:15:00,28.742,,,,,
13455,08/24/21 11:30:00,28.642,,,,,
13456,08/24/21 11:45:00,28.717,,,,,
13457,08/24/21 12:00:00,28.791,,,,,
13458,08/24/21 12:15:00,28.642,,,,,
13459,08/24/21 12:30:00,28.568,,,,,
13460,08/24/21 12:45:00,28.816,,,,,
13461,08/24/21 13:00:00,28.891,,,,,
13462,08/24/21 13:15:00,28.916,,,,,
13463,08/24/21 13:30:00,28.941,,,,,
13464,08/24/21 13:45:00,28.941,,,,,
13465,08/24/21 14:00:00,28.965,,,,,
13466,08/24/21 14:15:00,28.965,,,,,
13467,08/24/21 14:30:00,28.965,,,,,
13468,08/24/21 14:45:00,28.866,,,,,
13469,08/24/21 15:00:00,28.419,,,,,
13470,08/24/21 15:15:00,28.419,,,,,
13471,08/24/21 15:30:00,28.841,,,,,
13472,08/24/21 15:45:00,28.642,,,,,
13473,08/24/21 16:00:00,28.468,,,,,
13474,08/24/21 16:15:00,29.015,,,,,
13475,08/24/21 16:30:00,29.065,,,,,
13476,08/24/21 16:45:00,28.891,,,,,
13477,08/24/21 17:00:00,29.115,,,,,
13478,08/24/21 17:15:00,29.115,,,,,
13479,08/24/21 17:30:00,28.941,,,,,
13480,08/24/21 17:45:00,28.444,,,,,
13481,08/24/21 18:00:00,29.040,,,,,
13482,08/24/21 18:15:00,29.190,,,,,
13483,08/24/21 18:30:00,28.543,,,,,
13484,08/24/21 18:45:00,28.518,,,,,
13485,08/24/21 19:00:00,28.568,,,,,
13486,08/24/21 19:15:00,28.667,,,,,
13487,08/24/21 19:30:00,28.667,,,,,
13488,08/24/21 19:45:00,28.717,,,,,
13489,08/24/21 20:00:00,28.866,,,,,
13490,08/24/21 20:15:00,29.215,,,,,
13491,08/24/21 20:30:00,28.990,,,,,
13492,08/24/21 20:45:00,28.766,,,,,
13493,08/24/21 21:00:00,28.841,,,,,
13494,08/24/21 21:15:00,28.990,,,,,
13495,08/24/21 21:30:00,29.015,,,,,
13496,08/24/21 21:45:00,28.742,,,,,
13497,08/24/21 22:00:00,28.742,,,,,
13498,08/24/21 22:15:00,28.841,,,,,
13499,08/24/21 22:30:00,29.065,,,,,
13500,08/24/21 22:45:00,29.065,,,,,
13501,08/24/21 23:00:00,29.065,,,,,
13502,08/24/21 23:15:00,28.941,,,,,
13503,08/24/21 23:30:00,28.891,,,,,
13504,08/24/21 23:45:00,28.916,,,,,
13505,08/25/21 00:00:00,28.891,,,,,
13506,08/25/21 00:15:00,28.916,,,,,
13507,08/25/21 00:30:00,28.941,,,,,
13508,08/25/21 00:45:00,28.941,,,,,
13509,08/25/21 01:00:00,28.941,,,,,
13510,08/25/21 01:15:00,28.941,,,,,
13511,08/25/21 01:30:00,28.965,,,,,
13512,08/25/21 01:45:00,28.941,,,,,
13513,08/25/21 02:00:00,28.965,,,,,
13514,08/25/21 02:15:00,28.965,,,,,
13515,08/25/21 02:30:00,28.965,,,,,
13516,08/25/21 02:45:00,28.965,,,,,
13517,08/25/21 03:00:00,28.965,,,,,
13518,08/25/21 03:15:00,28.965,,,,,
13519,08/25/21 03:30:00,28.965,,,,,
13520,08/25/21 03:45:00,28.965,,,,,
13521,08/25/21 04:00:00,28.419,,,,,
13522,08/25/21 04:15:00,28.270,,,,,
13523,08/25/21 04:30:00,28.742,,,,,
13524,08/25/21 04:45:00,28.965,,,,,
13525,08/25/21 05:00:00,28.990,,,,,
13526,08/25/21 05:15:00,28.990,,,,,
13527,08/25/21 05:30:00,28.990,,,,,
13528,08/25/21 05:45:00,28.990,,,,,
13529,08/25/21 06:00:00,29.015,,,,,
13530,08/25/21 06:15:00,29.015,,,,,
13531,08/25/21 06:30:00,29.015,,,,,
13532,08/25/21 06:45:00,28.866,,,,,
13533,08/25/21 07:00:00,28.816,,,,,
13534,08/25/21 07:15:00,28.642,,,,,
13535,08/25/21 07:30:00,28.617,,,,,
13536,08/25/21 07:45:00,28.617,,,,,
13537,08/25/21 08:00:00,28.568,,,,,
13538,08/25/21 08:15:00,28.617,,,,,
13539,08/25/21 08:30:00,28.617,,,,,
13540,08/25/21 08:45:00,28.617,,,,,
13541,08/25/21 09:00:00,28.642,,,,,
13542,08/25/21 09:15:00,28.642,,,,,
13543,08/25/21 09:30:00,28.593,,,,,
13544,08/25/21 09:45:00,28.593,,,,,
13545,08/25/21 10:00:00,28.667,,,,,
13546,08/25/21 10:15:00,28.667,,,,,
13547,08/25/21 10:30:00,28.692,,,,,
13548,08/25/21 10:45:00,28.667,,,,,
13549,08/25/21 11:00:00,28.667,,,,,
13550,08/25/21 11:15:00,28.667,,,,,
13551,08/25/21 11:30:00,28.642,,,,,
13552,08/25/21 11:45:00,28.816,,,,,
13553,08/25/21 12:00:00,28.841,,,,,
13554,08/25/21 12:15:00,28.891,,,,,
13555,08/25/21 12:30:00,28.891,,,,,
13556,08/25/21 12:45:00,28.766,,,,,
13557,08/25/21 13:00:00,28.692,,,,,
13558,08/25/21 13:15:00,28.642,,,,,
13559,08/25/21 13:30:00,28.593,,,,,
13560,08/25/21 13:45:00,28.518,,,,,
13561,08/25/21 14:00:00,28.617,,,,,
13562,08/25/21 14:15:00,28.692,,,,,
13563,08/25/21 14:30:00,28.692,,,,,
13564,08/25/21 14:45:00,28.667,,,,,
13565,08/25/21 15:00:00,28.667,,,,,
13566,08/25/21 15:15:00,28.692,,,,,
13567,08/25/21 15:30:00,28.692,,,,,
13568,08/25/21 15:45:00,28.717,,,,,
13569,08/25/21 16:00:00,28.493,,,,,
13570,08/25/21 16:15:00,28.543,,,,,
13571,08/25/21 16:30:00,28.394,,,,,
13572,08/25/21 16:45:00,28.419,,,,,
13573,08/25/21 17:00:00,28.394,,,,,
13574,08/25/21 17:15:00,28.097,,,,,
13575,08/25/21 17:30:00,27.924,,,,,
13576,08/25/21 17:45:00,27.751,,,,,
13577,08/25/21 18:00:00,27.702,,,,,
13578,08/25/21 18:15:00,27.702,,,,,
13579,08/25/21 18:30:00,27.875,,,,,
13580,08/25/21 18:45:00,27.825,,,,,
13581,08/25/21 19:00:00,27.776,,,,,
13582,08/25/21 19:15:00,27.801,,,,,
13583,08/25/21 19:30:00,27.825,,,,,
13584,08/25/21 19:45:00,27.776,,,,,
13585,08/25/21 20:00:00,27.850,,,,,
13586,08/25/21 20:15:00,27.850,,,,,
13587,08/25/21 20:30:00,28.345,,,,,
13588,08/25/21 20:45:00,28.543,,,,,
13589,08/25/21 21:00:00,28.543,,,,,
13590,08/25/21 21:15:00,28.568,,,,,
13591,08/25/21 21:30:00,27.949,,,,,
13592,08/25/21 21:45:00,27.998,,,,,
13593,08/25/21 22:00:00,28.023,,,,,
13594,08/25/21 22:15:00,27.974,,,,,
13595,08/25/21 22:30:00,28.048,,,,,
13596,08/25/21 22:45:00,28.320,,,,,
13597,08/25/21 23:00:00,28.221,,,,,
13598,08/25/21 23:15:00,28.147,,,,,
13599,08/25/21 23:30:00,28.419,,,,,
13600,08/25/21 23:45:00,28.518,,,,,
13601,08/26/21 00:00:00,28.965,,,,,
13602,08/26/21 00:15:00,29.015,,,,,
13603,08/26/21 00:30:00,28.990,,,,,
13604,08/26/21 00:45:00,28.990,,,,,
13605,08/26/21 01:00:00,28.916,,,,,
13606,08/26/21 01:15:00,28.916,,,,,
13607,08/26/21 01:30:00,28.916,,,,,
13608,08/26/21 01:45:00,28.941,,,,,
13609,08/26/21 02:00:00,28.941,,,,,
13610,08/26/21 02:15:00,29.015,,,,,
13611,08/26/21 02:30:00,29.015,,,,,
13612,08/26/21 02:45:00,29.015,,,,,
13613,08/26/21 03:00:00,29.015,,,,,
13614,08/26/21 03:15:00,29.015,,,,,
13615,08/26/21 03:30:00,29.015,,,,,
13616,08/26/21 03:45:00,29.015,,,,,
13617,08/26/21 04:00:00,29.015,,,,,
13618,08/26/21 04:15:00,29.015,,,,,
13619,08/26/21 04:30:00,29.040,,,,,
13620,08/26/21 04:45:00,29.015,,,,,
13621,08/26/21 05:00:00,29.015,,,,,
13622,08/26/21 05:15:00,29.040,,,,,
13623,08/26/21 05:30:00,29.015,,,,,
13624,08/26/21 05:45:00,29.015,,,,,
13625,08/26/21 06:00:00,29.015,,,,,
13626,08/26/21 06:15:00,28.965,,,,,
13627,08/26/21 06:30:00,28.965,,,,,
13628,08/26/21 06:45:00,28.965,,,,,
13629,08/26/21 07:00:00,28.965,,,,,
13630,08/26/21 07:15:00,29.015,,,,,
13631,08/26/21 07:30:00,29.040,,,,,
13632,08/26/21 07:45:00,29.015,,,,,
13633,08/26/21 08:00:00,29.015,,,,,
13634,08/26/21 08:15:00,29.015,,,,,
13635,08/26/21 08:30:00,29.015,,,,,
13636,08/26/21 08:45:00,29.015,,,,,
13637,08/26/21 09:00:00,29.015,,,,,
13638,08/26/21 09:15:00,28.990,,,,,
13639,08/26/21 09:30:00,29.015,,,,,
13640,08/26/21 09:45:00,29.015,,,,,
13641,08/26/21 10:00:00,28.990,,,,,
13642,08/26/21 10:15:00,28.965,,,,,
13643,08/26/21 10:30:00,29.015,,,,,
13644,08/26/21 10:45:00,29.015,,,,,
13645,08/26/21 11:00:00,29.015,,,,,
13646,08/26/21 11:15:00,29.040,,,,,
13647,08/26/21 11:30:00,29.040,,,,,
13648,08/26/21 11:45:00,29.040,,,,,
13649,08/26/21 12:00:00,29.065,,,,,
13650,08/26/21 12:15:00,29.065,,,,,
13651,08/26/21 12:30:00,29.065,,,,,
13652,08/26/21 12:45:00,29.065,,,,,
13653,08/26/21 13:00:00,29.065,,,,,
13654,08/26/21 13:15:00,29.040,,,,,
13655,08/26/21 13:30:00,29.040,,,,,
13656,08/26/21 13:45:00,29.065,,,,,
13657,08/26/21 14:00:00,29.090,,,,,
13658,08/26/21 14:15:00,29.090,,,,,
13659,08/26/21 14:30:00,29.115,,,,,
13660,08/26/21 14:45:00,29.115,,,,,
13661,08/26/21 15:00:00,29.115,,,,,
13662,08/26/21 15:15:00,29.115,,,,,
13663,08/26/21 15:30:00,29.115,,,,,
13664,08/26/21 15:45:00,29.115,,,,,
13665,08/26/21 16:00:00,29.115,,,,,
13666,08/26/21 16:15:00,28.593,,,,,
13667,08/26/21 16:30:00,28.468,,,,,
13668,08/26/21 16:45:00,28.841,,,,,
13669,08/26/21 17:00:00,28.543,,,,,
13670,08/26/21 17:15:00,28.518,,,,,
13671,08/26/21 17:30:00,28.493,,,,,
13672,08/26/21 17:45:00,28.419,,,,,
13673,08/26/21 18:00:00,28.221,,,,,
13674,08/26/21 18:15:00,28.270,,,,,
13675,08/26/21 18:30:00,28.369,,,,,
13676,08/26/21 18:45:00,28.468,,,,,
13677,08/26/21 19:00:00,28.221,,,,,
13678,08/26/21 19:15:00,28.394,,,,,
13679,08/26/21 19:30:00,28.369,,,,,
13680,08/26/21 19:45:00,28.493,,,,,
13681,08/26/21 20:00:00,28.419,,,,,
13682,08/26/21 20:15:00,28.072,,,,,
13683,08/26/21 20:30:00,28.072,,,,,
13684,08/26/21 20:45:00,28.221,,,,,
13685,08/26/21 21:00:00,27.949,,,,,
13686,08/26/21 21:15:00,27.949,,,,,
13687,08/26/21 21:30:00,28.196,,,,,
13688,08/26/21 21:45:00,28.345,,,,,
13689,08/26/21 22:00:00,27.875,,,,,
13690,08/26/21 22:15:00,27.801,,,,,
13691,08/26/21 22:30:00,27.924,,,,,
13692,08/26/21 22:45:00,27.949,,,,,
13693,08/26/21 23:00:00,28.072,,,,,
13694,08/26/21 23:15:00,28.072,,,,,
13695,08/26/21 23:30:00,27.924,,,,,
13696,08/26/21 23:45:00,27.850,,,,,
13697,08/27/21 00:00:00,28.369,,,,,
13698,08/27/21 00:15:00,28.419,,,,,
13699,08/27/21 00:30:00,28.270,,,,,
13700,08/27/21 00:45:00,28.245,,,,,
13701,08/27/21 01:00:00,28.419,,,,,
13702,08/27/21 01:15:00,28.295,,,,,
13703,08/27/21 01:30:00,28.419,,,,,
13704,08/27/21 01:45:00,28.419,,,,,
13705,08/27/21 02:00:00,28.444,,,,,
13706,08/27/21 02:15:00,28.568,,,,,
13707,08/27/21 02:30:00,28.444,,,,,
13708,08/27/21 02:45:00,28.518,,,,,
13709,08/27/21 03:00:00,28.543,,,,,
13710,08/27/21 03:15:00,28.518,,,,,
13711,08/27/21 03:30:00,28.518,,,,,
13712,08/27/21 03:45:00,28.742,,,,,
13713,08/27/21 04:00:00,28.667,,,,,
13714,08/27/21 04:15:00,28.568,,,,,
13715,08/27/21 04:30:00,28.468,,,,,
13716,08/27/21 04:45:00,28.468,,,,,
13717,08/27/21 05:00:00,28.518,,,,,
13718,08/27/21 05:15:00,28.543,,,,,
13719,08/27/21 05:30:00,28.493,,,,,
13720,08/27/21 05:45:00,28.468,,,,,
13721,08/27/21 06:00:00,28.518,,,,,
13722,08/27/21 06:15:00,28.568,,,,,
13723,08/27/21 06:30:00,28.766,,,,,
13724,08/27/21 06:45:00,28.841,,,,,
13725,08/27/21 07:00:00,28.816,,,,,
13726,08/27/21 07:15:00,28.766,,,,,
13727,08/27/21 07:30:00,28.816,,,,,
13728,08/27/21 07:45:00,28.791,,,,,
13729,08/27/21 08:00:00,28.916,,,,,
13730,08/27/21 08:15:00,28.841,,,,,
13731,08/27/21 08:30:00,28.270,,,,,
13732,08/27/21 08:45:00,27.974,,,,,
13733,08/27/21 09:00:00,28.196,,,,,
13734,08/27/21 09:15:00,28.320,,,,,
13735,08/27/21 09:30:00,27.949,,,,,
13736,08/27/21 09:45:00,27.579,,,,,
13737,08/27/21 10:00:00,27.604,,,,,
13738,08/27/21 10:15:00,27.628,,,,,
13739,08/27/21 10:30:00,27.604,,,,,
13740,08/27/21 10:45:00,27.628,,,,,
13741,08/27/21 11:00:00,27.628,,,,,
13742,08/27/21 11:15:00,27.653,,,,,
13743,08/27/21 11:30:00,27.776,,,,,
13744,08/27/21 11:45:00,27.702,,,,,
13745,08/27/21 12:00:00,27.998,,,,,
13746,08/27/21 12:15:00,27.875,,,,,
13747,08/27/21 12:30:00,27.825,,,,,
13748,08/27/21 12:45:00,27.924,,,,,
13749,08/27/21 13:00:00,27.974,,,,,
13750,08/27/21 13:15:00,28.171,,,,,
13751,08/27/21 13:30:00,28.072,,,,,
13752,08/27/21 13:45:00,28.196,,,,,
13753,08/27/21 14:00:00,28.147,,,,,
13754,08/27/21 14:15:00,28.122,,,,,
13755,08/27/21 14:30:00,28.221,,,,,
13756,08/27/21 14:45:00,28.717,,,,,
13757,08/27/21 15:00:00,28.816,,,,,
13758,08/27/21 15:15:00,28.816,,,,,
13759,08/27/21 15:30:00,28.791,,,,,
13760,08/27/21 15:45:00,28.791,,,,,
13761,08/27/21 16:00:00,28.742,,,,,
13762,08/27/21 16:15:00,28.766,,,,,
13763,08/27/21 16:30:00,28.791,,,,,
13764,08/27/21 16:45:00,28.717,,,,,
13765,08/27/21 17:00:00,28.667,,,,,
13766,08/27/21 17:15:00,28.766,,,,,
13767,08/27/21 17:30:00,28.866,,,,,
13768,08/27/21 17:45:00,28.941,,,,,
13769,08/27/21 18:00:00,28.941,,,,,
13770,08/27/21 18:15:00,28.990,,,,,
13771,08/27/21 18:30:00,28.965,,,,,
13772,08/27/21 18:45:00,28.916,,,,,
13773,08/27/21 19:00:00,28.841,,,,,
13774,08/27/21 19:15:00,28.866,,,,,
13775,08/27/21 19:30:00,28.916,,,,,
13776,08/27/21 19:45:00,28.891,,,,,
13777,08/27/21 20:00:00,28.866,,,,,
13778,08/27/21 20:15:00,28.891,,,,,
13779,08/27/21 20:30:00,28.866,,,,,
13780,08/27/21 20:45:00,28.866,,,,,
13781,08/27/21 21:00:00,28.891,,,,,
13782,08/27/21 21:15:00,28.866,,,,,
13783,08/27/21 21:30:00,28.941,,,,,
13784,08/27/21 21:45:00,28.965,,,,,
13785,08/27/21 22:00:00,29.015,,,,,
13786,08/27/21 22:15:00,29.040,,,,,
13787,08/27/21 22:30:00,29.065,,,,,
13788,08/27/21 22:45:00,29.015,,,,,
13789,08/27/21 23:00:00,28.941,,,,,
13790,08/27/21 23:15:00,28.841,,,,,
13791,08/27/21 23:30:00,28.791,,,,,
13792,08/27/21 23:45:00,28.791,,,,,
13793,08/28/21 00:00:00,28.816,,,,,
13794,08/28/21 00:15:00,28.816,,,,,
13795,08/28/21 00:30:00,28.791,,,,,
13796,08/28/21 00:45:00,28.791,,,,,
13797,08/28/21 01:00:00,28.791,,,,,
13798,08/28/21 01:15:00,28.816,,,,,
13799,08/28/21 01:30:00,29.015,,,,,
13800,08/28/21 01:45:00,29.065,,,,,
13801,08/28/21 02:00:00,29.065,,,,,
13802,08/28/21 02:15:00,29.065,,,,,
13803,08/28/21 02:30:00,29.040,,,,,
13804,08/28/21 02:45:00,28.841,,,,,
13805,08/28/21 03:00:00,28.866,,,,,
13806,08/28/21 03:15:00,28.791,,,,,
13807,08/28/21 03:30:00,28.965,,,,,
13808,08/28/21 03:45:00,28.990,,,,,
13809,08/28/21 04:00:00,29.015,,,,,
13810,08/28/21 04:15:00,28.965,,,,,
13811,08/28/21 04:30:00,28.841,,,,,
13812,08/28/21 04:45:00,28.766,,,,,
13813,08/28/21 05:00:00,28.990,,,,,
13814,08/28/21 05:15:00,29.015,,,,,
13815,08/28/21 05:30:00,29.040,,,,,
13816,08/28/21 05:45:00,29.065,,,,,
13817,08/28/21 06:00:00,29.065,,,,,
13818,08/28/21 06:15:00,29.065,,,,,
13819,08/28/21 06:30:00,29.040,,,,,
13820,08/28/21 06:45:00,29.065,,,,,
13821,08/28/21 07:00:00,29.065,,,,,
13822,08/28/21 07:15:00,28.891,,,,,
13823,08/28/21 07:30:00,28.717,,,,,
13824,08/28/21 07:45:00,28.667,,,,,
13825,08/28/21 08:00:00,28.593,,,,,
13826,08/28/21 08:15:00,28.568,,,,,
13827,08/28/21 08:30:00,28.543,,,,,
13828,08/28/21 08:45:00,28.568,,,,,
13829,08/28/21 09:00:00,28.916,,,,,
13830,08/28/21 09:15:00,28.941,,,,,
13831,08/28/21 09:30:00,28.444,,,,,
13832,08/28/21 09:45:00,28.394,,,,,
13833,08/28/21 10:00:00,28.295,,,,,
13834,08/28/21 10:15:00,28.468,,,,,
13835,08/28/21 10:30:00,28.444,,,,,
13836,08/28/21 10:45:00,28.345,,,,,
13837,08/28/21 11:00:00,28.270,,,,,
13838,08/28/21 11:15:00,28.122,,,,,
13839,08/28/21 11:30:00,28.023,,,,,
13840,08/28/21 11:45:00,28.245,,,,,
13841,08/28/21 12:00:00,28.147,,,,,
13842,08/28/21 12:15:00,28.023,,,,,
13843,08/28/21 12:30:00,28.072,,,,,
13844,08/28/21 12:45:00,28.023,,,,,
13845,08/28/21 13:00:00,28.048,,,,,
13846,08/28/21 13:15:00,28.023,,,,,
13847,08/28/21 13:30:00,27.949,,,,,
13848,08/28/21 13:45:00,28.072,,,,,
13849,08/28/21 14:00:00,28.147,,,,,
13850,08/28/21 14:15:00,28.196,,,,,
13851,08/28/21 14:30:00,28.221,,,,,
13852,08/28/21 14:45:00,28.394,,,,,
13853,08/28/21 15:00:00,28.568,,,,,
13854,08/28/21 15:15:00,28.270,,,,,
13855,08/28/21 15:30:00,28.147,,,,,
13856,08/28/21 15:45:00,28.147,,,,,
13857,08/28/21 16:00:00,28.072,,,,,
13858,08/28/21 16:15:00,28.196,,,,,
13859,08/28/21 16:30:00,28.097,,,,,
13860,08/28/21 16:45:00,28.048,,,,,
13861,08/28/21 17:00:00,28.023,,,,,
13862,08/28/21 17:15:00,27.974,,,,,
13863,08/28/21 17:30:00,27.949,,,,,
13864,08/28/21 17:45:00,27.998,,,,,
13865,08/28/21 18:00:00,28.345,,,,,
13866,08/28/21 18:15:00,28.667,,,,,
13867,08/28/21 18:30:00,28.916,,,,,
13868,08/28/21 18:45:00,28.692,,,,,
13869,08/28/21 19:00:00,29.040,,,,,
13870,08/28/21 19:15:00,29.065,,,,,
13871,08/28/21 19:30:00,28.766,,,,,
13872,08/28/21 19:45:00,28.419,,,,,
13873,08/28/21 20:00:00,29.015,,,,,
13874,08/28/21 20:15:00,29.065,,,,,
13875,08/28/21 20:30:00,29.065,,,,,
13876,08/28/21 20:45:00,29.065,,,,,
13877,08/28/21 21:00:00,29.065,,,,,
13878,08/28/21 21:15:00,29.065,,,,,
13879,08/28/21 21:30:00,29.065,,,,,
13880,08/28/21 21:45:00,28.122,,,,,
13881,08/28/21 22:00:00,27.875,,,,,
13882,08/28/21 22:15:00,27.850,,,,,
13883,08/28/21 22:30:00,27.850,,,,,
13884,08/28/21 22:45:00,27.924,,,,,
13885,08/28/21 23:00:00,28.270,,,,,
13886,08/28/21 23:15:00,28.717,,,,,
13887,08/28/21 23:30:00,28.394,,,,,
13888,08/28/21 23:45:00,28.345,,,,,
13889,08/29/21 00:00:00,28.147,,,,,
13890,08/29/21 00:15:00,28.097,,,,,
13891,08/29/21 00:30:00,28.196,,,,,
13892,08/29/21 00:45:00,28.221,,,,,
13893,08/29/21 01:00:00,28.295,,,,,
13894,08/29/21 01:15:00,28.147,,,,,
13895,08/29/21 01:30:00,28.147,,,,,
13896,08/29/21 01:45:00,28.122,,,,,
13897,08/29/21 02:00:00,28.221,,,,,
13898,08/29/21 02:15:00,28.617,,,,,
13899,08/29/21 02:30:00,28.419,,,,,
13900,08/29/21 02:45:00,28.891,,,,,
13901,08/29/21 03:00:00,28.916,,,,,
13902,08/29/21 03:15:00,28.990,,,,,
13903,08/29/21 03:30:00,28.965,,,,,
13904,08/29/21 03:45:00,28.941,,,,,
13905,08/29/21 04:00:00,28.941,,,,,
13906,08/29/21 04:15:00,29.015,,,,,
13907,08/29/21 04:30:00,28.941,,,,,
13908,08/29/21 04:45:00,28.965,,,,,
13909,08/29/21 05:00:00,28.990,,,,,
13910,08/29/21 05:15:00,28.916,,,,,
13911,08/29/21 05:30:00,28.916,,,,,
13912,08/29/21 05:45:00,28.891,,,,,
13913,08/29/21 06:00:00,28.916,,,,,
13914,08/29/21 06:15:00,28.816,,,,,
13915,08/29/21 06:30:00,28.543,,,,,
13916,08/29/21 06:45:00,28.717,,,,,
13917,08/29/21 07:00:00,28.444,,,,,
13918,08/29/21 07:15:00,28.742,,,,,
13919,08/29/21 07:30:00,28.667,,,,,
13920,08/29/21 07:45:00,28.766,,,,,
13921,08/29/21 08:00:00,28.916,,,,,
13922,08/29/21 08:15:00,28.916,,,,,
13923,08/29/21 08:30:00,28.965,,,,,
13924,08/29/21 08:45:00,28.941,,,,,
13925,08/29/21 09:00:00,28.965,,,,,
13926,08/29/21 09:15:00,28.941,,,,,
13927,08/29/21 09:30:00,28.990,,,,,
13928,08/29/21 09:45:00,28.941,,,,,
13929,08/29/21 10:00:00,28.941,,,,,
13930,08/29/21 10:15:00,28.941,,,,,
13931,08/29/21 10:30:00,28.891,,,,,
13932,08/29/21 10:45:00,28.941,,,,,
13933,08/29/21 11:00:00,28.916,,,,,
13934,08/29/21 11:15:00,28.965,,,,,
13935,08/29/21 11:30:00,28.965,,,,,
13936,08/29/21 11:45:00,28.965,,,,,
13937,08/29/21 12:00:00,28.866,,,,,
13938,08/29/21 12:15:00,28.692,,,,,
13939,08/29/21 12:30:00,28.667,,,,,
13940,08/29/21 12:45:00,28.543,,,,,
13941,08/29/21 13:00:00,28.419,,,,,
13942,08/29/21 13:15:00,28.568,,,,,
13943,08/29/21 13:30:00,28.593,,,,,
13944,08/29/21 13:45:00,28.717,,,,,
13945,08/29/21 14:00:00,28.692,,,,,
13946,08/29/21 14:15:00,28.518,,,,,
13947,08/29/21 14:30:00,28.468,,,,,
13948,08/29/21 14:45:00,28.444,,,,,
13949,08/29/21 15:00:00,28.097,,,,,
13950,08/29/21 15:15:00,28.023,,,,,
13951,08/29/21 15:30:00,28.048,,,,,
13952,08/29/21 15:45:00,28.196,,,,,
13953,08/29/21 16:00:00,28.468,,,,,
13954,08/29/21 16:15:00,28.617,,,,,
13955,08/29/21 16:30:00,28.816,,,,,
13956,08/29/21 16:45:00,28.841,,,,,
13957,08/29/21 17:00:00,28.916,,,,,
13958,08/29/21 17:15:00,28.916,,,,,
13959,08/29/21 17:30:00,28.766,,,,,
13960,08/29/21 17:45:00,28.742,,,,,
13961,08/29/21 18:00:00,28.791,,,,,
13962,08/29/21 18:15:00,28.891,,,,,
13963,08/29/21 18:30:00,28.916,,,,,
13964,08/29/21 18:45:00,28.841,,,,,
13965,08/29/21 19:00:00,28.791,,,,,
13966,08/29/21 19:15:00,28.791,,,,,
13967,08/29/21 19:30:00,28.816,,,,,
13968,08/29/21 19:45:00,28.543,,,,,
13969,08/29/21 20:00:00,28.766,,,,,
13970,08/29/21 20:15:00,28.791,,,,,
13971,08/29/21 20:30:00,28.742,,,,,
13972,08/29/21 20:45:00,28.742,,,,,
13973,08/29/21 21:00:00,28.742,,,,,
13974,08/29/21 21:15:00,28.791,,,,,
13975,08/29/21 21:30:00,28.816,,,,,
13976,08/29/21 21:45:00,28.990,,,,,
13977,08/29/21 22:00:00,29.065,,,,,
13978,08/29/21 22:15:00,29.065,,,,,
13979,08/29/21 22:30:00,29.040,,,,,
13980,08/29/21 22:45:00,28.841,,,,,
13981,08/29/21 23:00:00,28.816,,,,,
13982,08/29/21 23:15:00,28.717,,,,,
13983,08/29/21 23:30:00,28.891,,,,,
13984,08/29/21 23:45:00,29.040,,,,,
13985,08/30/21 00:00:00,29.065,,,,,
13986,08/30/21 00:15:00,29.065,,,,,
13987,08/30/21 00:30:00,29.065,,,,,
13988,08/30/21 00:45:00,29.065,,,,,
13989,08/30/21 01:00:00,28.990,,,,,
13990,08/30/21 01:15:00,28.568,,,,,
13991,08/30/21 01:30:00,28.766,,,,,
13992,08/30/21 01:45:00,28.270,,,,,
13993,08/30/21 02:00:00,28.345,,,,,
13994,08/30/21 02:15:00,28.916,,,,,
13995,08/30/21 02:30:00,29.065,,,,,
13996,08/30/21 02:45:00,29.090,,,,,
13997,08/30/21 03:00:00,29.090,,,,,
13998,08/30/21 03:15:00,29.090,,,,,
13999,08/30/21 03:30:00,29.065,,,,,
14000,08/30/21 03:45:00,29.065,,,,,
14001,08/30/21 04:00:00,29.065,,,,,
14002,08/30/21 04:15:00,29.065,,,,,
14003,08/30/21 04:30:00,29.040,,,,,
14004,08/30/21 04:45:00,29.040,,,,,
14005,08/30/21 05:00:00,29.040,,,,,
14006,08/30/21 05:15:00,29.065,,,,,
14007,08/30/21 05:30:00,29.090,,,,,
14008,08/30/21 05:45:00,29.090,,,,,
14009,08/30/21 06:00:00,29.090,,,,,
14010,08/30/21 06:15:00,29.065,,,,,
14011,08/30/21 06:30:00,29.065,,,,,
14012,08/30/21 06:45:00,29.065,,,,,
14013,08/30/21 07:00:00,28.990,,,,,
14014,08/30/21 07:15:00,28.941,,,,,
14015,08/30/21 07:30:00,28.916,,,,,
14016,08/30/21 07:45:00,29.065,,,,,
14017,08/30/21 08:00:00,29.090,,,,,
14018,08/30/21 08:15:00,29.065,,,,,
14019,08/30/21 08:30:00,28.990,,,,,
14020,08/30/21 08:45:00,29.090,,,,,
14021,08/30/21 09:00:00,29.090,,,,,
14022,08/30/21 09:15:00,29.090,,,,,
14023,08/30/21 09:30:00,29.090,,,,,
14024,08/30/21 09:45:00,29.040,,,,,
14025,08/30/21 10:00:00,29.065,,,,,
14026,08/30/21 10:15:00,29.065,,,,,
14027,08/30/21 10:30:00,29.090,,,,,
14028,08/30/21 10:45:00,29.115,,,,,
14029,08/30/21 11:00:00,29.140,,,,,
14030,08/30/21 11:15:00,29.140,,,,,
14031,08/30/21 11:30:00,29.140,,,,,
14032,08/30/21 11:45:00,28.667,,,,,
14033,08/30/21 12:00:00,28.593,,,,,
14034,08/30/21 12:15:00,28.617,,,,,
14035,08/30/21 12:30:00,28.394,,,,,
14036,08/30/21 12:45:00,28.295,,,,,
14037,08/30/21 13:00:00,28.171,,,,,
14038,08/30/21 13:15:00,28.171,,,,,
14039,08/30/21 13:30:00,28.369,,,,,
14040,08/30/21 13:45:00,27.850,,,,,
14041,08/30/21 14:00:00,27.751,,,,,
14042,08/30/21 14:15:00,27.801,,,,,
14043,08/30/21 14:30:00,27.974,,,,,
14044,08/30/21 14:45:00,28.023,,,,,
14045,08/30/21 15:00:00,28.023,,,,,
14046,08/30/21 15:15:00,28.394,,,,,
14047,08/30/21 15:30:00,28.692,,,,,
14048,08/30/21 15:45:00,28.568,,,,,
14049,08/30/21 16:00:00,28.692,,,,,
14050,08/30/21 16:15:00,28.841,,,,,
14051,08/30/21 16:30:00,28.866,,,,,
14052,08/30/21 16:45:00,28.866,,,,,
14053,08/30/21 17:00:00,28.196,,,,,
14054,08/30/21 17:15:00,28.072,,,,,
14055,08/30/21 17:30:00,28.048,,,,,
14056,08/30/21 17:45:00,28.196,,,,,
14057,08/30/21 18:00:00,28.048,,,,,
14058,08/30/21 18:15:00,28.295,,,,,
14059,08/30/21 18:30:00,28.072,,,,,
14060,08/30/21 18:45:00,28.270,,,,,
14061,08/30/21 19:00:00,28.742,,,,,
14062,08/30/21 19:15:00,28.891,,,,,
14063,08/30/21 19:30:00,28.245,,,,,
14064,08/30/21 19:45:00,28.196,,,,,
14065,08/30/21 20:00:00,28.221,,,,,
14066,08/30/21 20:15:00,28.221,,,,,
14067,08/30/21 20:30:00,28.295,,,,,
14068,08/30/21 20:45:00,28.345,,,,,
14069,08/30/21 21:00:00,28.270,,,,,
14070,08/30/21 21:15:00,28.295,,,,,
14071,08/30/21 21:30:00,28.270,,,,,
14072,08/30/21 21:45:00,28.394,,,,,
14073,08/30/21 22:00:00,28.667,,,,,
14074,08/30/21 22:15:00,28.766,,,,,
14075,08/30/21 22:30:00,28.766,,,,,
14076,08/30/21 22:45:00,29.090,,,,,
14077,08/30/21 23:00:00,29.065,,,,,
14078,08/30/21 23:15:00,28.667,,,,,
14079,08/30/21 23:30:00,28.568,,,,,
14080,08/30/21 23:45:00,28.593,,,,,
14081,08/31/21 00:00:00,28.692,,,,,
14082,08/31/21 00:15:00,28.568,,,,,
14083,08/31/21 00:30:00,28.369,,,,,
14084,08/31/21 00:45:00,28.295,,,,,
14085,08/31/21 01:00:00,28.122,,,,,
14086,08/31/21 01:15:00,28.593,,,,,
14087,08/31/21 01:30:00,28.568,,,,,
14088,08/31/21 01:45:00,28.593,,,,,
14089,08/31/21 02:00:00,28.568,,,,,
14090,08/31/21 02:15:00,28.617,,,,,
14091,08/31/21 02:30:00,28.791,,,,,
14092,08/31/21 02:45:00,29.065,,,,,
14093,08/31/21 03:00:00,28.965,,,,,
14094,08/31/21 03:15:00,28.642,,,,,
14095,08/31/21 03:30:00,28.816,,,,,
14096,08/31/21 03:45:00,28.717,,,,,
14097,08/31/21 04:00:00,28.941,,,,,
14098,08/31/21 04:15:00,29.065,,,,,
14099,08/31/21 04:30:00,29.015,,,,,
14100,08/31/21 04:45:00,29.040,,,,,
14101,08/31/21 05:00:00,29.065,,,,,
14102,08/31/21 05:15:00,29.065,,,,,
14103,08/31/21 05:30:00,29.065,,,,,
14104,08/31/21 05:45:00,29.090,,,,,
14105,08/31/21 06:00:00,28.990,,,,,
14106,08/31/21 06:15:00,28.941,,,,,
14107,08/31/21 06:30:00,29.065,,,,,
14108,08/31/21 06:45:00,29.115,,,,,
14109,08/31/21 07:00:00,29.115,,,,,
14110,08/31/21 07:15:00,29.090,,,,,
14111,08/31/21 07:30:00,28.518,,,,,
14112,08/31/21 07:45:00,28.048,,,,,
14113,08/31/21 08:00:00,28.048,,,,,
14114,08/31/21 08:15:00,27.998,,,,,
14115,08/31/21 08:30:00,27.998,,,,,
14116,08/31/21 08:45:00,27.949,,,,,
14117,08/31/21 09:00:00,27.825,,,,,
14118,08/31/21 09:15:00,27.875,,,,,
14119,08/31/21 09:30:00,27.604,,,,,
14120,08/31/21 09:45:00,27.727,,,,,
14121,08/31/21 10:00:00,27.850,,,,,
14122,08/31/21 10:15:00,28.320,,,,,
14123,08/31/21 10:30:00,28.791,,,,,
14124,08/31/21 10:45:00,28.642,,,,,
14125,08/31/21 11:00:00,28.394,,,,,
14126,08/31/21 11:15:00,29.090,,,,,
14127,08/31/21 11:30:00,29.140,,,,,
14128,08/31/21 11:45:00,29.165,,,,,
14129,08/31/21 12:00:00,29.165,,,,,
14130,08/31/21 12:15:00,29.165,,,,,
14131,08/31/21 12:30:00,29.190,,,,,
14132,08/31/21 12:45:00,29.190,,,,,
14133,08/31/21 13:00:00,29.165,,,,,
14134,08/31/21 13:15:00,28.965,,,,,
14135,08/31/21 13:30:00,29.015,,,,,
14136,08/31/21 13:45:00,28.642,,,,,
14137,08/31/21 14:00:00,28.270,,,,,
14138,08/31/21 14:15:00,28.245,,,,,
14139,08/31/21 14:30:00,28.245,,,,,
14140,08/31/21 14:45:00,28.270,,,,,
14141,08/31/21 15:00:00,28.345,,,,,
14142,08/31/21 15:15:00,28.270,,,,,
14143,08/31/21 15:30:00,28.345,,,,,
14144,08/31/21 15:45:00,28.369,,,,,
14145,08/31/21 16:00:00,28.419,,,,,
14146,08/31/21 16:15:00,28.518,,,,,
14147,08/31/21 16:30:00,28.345,,,,,
14148,08/31/21 16:45:00,28.493,,,,,
14149,08/31/21 17:00:00,28.543,,,,,
14150,08/31/21 17:15:00,28.667,,,,,
14151,08/31/21 17:30:00,28.866,,,,,
14152,08/31/21 17:45:00,28.891,,,,,
14153,08/31/21 18:00:00,28.642,,,,,
14154,08/31/21 18:15:00,28.593,,,,,
14155,08/31/21 18:30:00,28.493,,,,,
14156,08/31/21 18:45:00,28.369,,,,,
14157,08/31/21 19:00:00,28.221,,,,,
14158,08/31/21 19:15:00,28.171,,,,,
14159,08/31/21 19:30:00,28.221,,,,,
14160,08/31/21 19:45:00,28.270,,,,,
14161,08/31/21 20:00:00,28.221,,,,,
14162,08/31/21 20:15:00,28.171,,,,,
14163,08/31/21 20:30:00,27.949,,,,,
14164,08/31/21 20:45:00,27.924,,,,,
14165,08/31/21 21:00:00,28.023,,,,,
14166,08/31/21 21:15:00,28.023,,,,,
14167,08/31/21 21:30:00,27.949,,,,,
14168,08/31/21 21:45:00,27.949,,,,,
14169,08/31/21 22:00:00,27.924,,,,,
14170,08/31/21 22:15:00,27.974,,,,,
14171,08/31/21 22:30:00,27.949,,,,,
14172,08/31/21 22:45:00,27.924,,,,,
14173,08/31/21 23:00:00,27.899,,,,,
14174,08/31/21 23:15:00,27.924,,,,,
14175,08/31/21 23:30:00,27.924,,,,,
14176,08/31/21 23:45:00,28.245,,,,,
14177,09/01/21 00:00:00,28.122,,,,,
14178,09/01/21 00:15:00,27.949,,,,,
14179,09/01/21 00:30:00,28.766,,,,,
14180,09/01/21 00:45:00,28.320,,,,,
14181,09/01/21 01:00:00,27.825,,,,,
14182,09/01/21 01:15:00,27.974,,,,,
14183,09/01/21 01:30:00,27.899,,,,,
14184,09/01/21 01:45:00,27.850,,,,,
14185,09/01/21 02:00:00,27.924,,,,,
14186,09/01/21 02:15:00,27.825,,,,,
14187,09/01/21 02:30:00,28.742,,,,,
14188,09/01/21 02:45:00,28.270,,,,,
14189,09/01/21 03:00:00,27.653,,,,,
14190,09/01/21 03:15:00,27.653,,,,,
14191,09/01/21 03:30:00,27.727,,,,,
14192,09/01/21 03:45:00,28.147,,,,,
14193,09/01/21 04:00:00,28.369,,,,,
14194,09/01/21 04:15:00,29.040,,,,,
14195,09/01/21 04:30:00,29.040,,,,,
14196,09/01/21 04:45:00,29.215,,,,,
14197,09/01/21 05:00:00,29.240,,,,,
14198,09/01/21 05:15:00,29.240,,,,,
14199,09/01/21 05:30:00,29.265,,,,,
14200,09/01/21 05:45:00,29.265,,,,,
14201,09/01/21 06:00:00,29.265,,,,,
14202,09/01/21 06:15:00,29.265,,,,,
14203,09/01/21 06:30:00,29.165,,,,,
14204,09/01/21 06:45:00,28.543,,,,,
14205,09/01/21 07:00:00,28.023,,,,,
14206,09/01/21 07:15:00,28.048,,,,,
14207,09/01/21 07:30:00,28.493,,,,,
14208,09/01/21 07:45:00,28.270,,,,,
14209,09/01/21 08:00:00,28.048,,,,,
14210,09/01/21 08:15:00,27.974,,,,,
14211,09/01/21 08:30:00,27.949,,,,,
14212,09/01/21 08:45:00,27.899,,,,,
14213,09/01/21 09:00:00,27.949,,,,,
14214,09/01/21 09:15:00,27.899,,,,,
14215,09/01/21 09:30:00,28.518,,,,,
14216,09/01/21 09:45:00,29.140,,,,,
14217,09/01/21 10:00:00,29.190,,,,,
14218,09/01/21 10:15:00,29.190,,,,,
14219,09/01/21 10:30:00,29.165,,,,,
14220,09/01/21 10:45:00,28.990,,,,,
14221,09/01/21 11:00:00,29.140,,,,,
14222,09/01/21 11:15:00,28.717,,,,,
14223,09/01/21 11:30:00,28.692,,,,,
14224,09/01/21 11:45:00,28.916,,,,,
14225,09/01/21 12:00:00,28.617,,,,,
14226,09/01/21 12:15:00,28.270,,,,,
14227,09/01/21 12:30:00,28.147,,,,,
14228,09/01/21 12:45:00,28.122,,,,,
14229,09/01/21 13:00:00,28.171,,,,,
14230,09/01/21 13:15:00,28.072,,,,,
14231,09/01/21 13:30:00,28.196,,,,,
14232,09/01/21 13:45:00,28.122,,,,,
14233,09/01/21 14:00:00,28.072,,,,,
14234,09/01/21 14:15:00,28.072,,,,,
14235,09/01/21 14:30:00,27.974,,,,,
14236,09/01/21 14:45:00,27.875,,,,,
14237,09/01/21 15:00:00,27.653,,,,,
14238,09/01/21 15:15:00,28.048,,,,,
14239,09/01/21 15:30:00,28.171,,,,,
14240,09/01/21 15:45:00,28.023,,,,,
14241,09/01/21 16:00:00,28.072,,,,,
14242,09/01/21 16:15:00,28.196,,,,,
14243,09/01/21 16:30:00,28.048,,,,,
14244,09/01/21 16:45:00,27.998,,,,,
14245,09/01/21 17:00:00,27.899,,,,,
14246,09/01/21 17:15:00,27.974,,,,,
14247,09/01/21 17:30:00,27.998,,,,,
14248,09/01/21 17:45:00,28.816,,,,,
14249,09/01/21 18:00:00,28.171,,,,,
14250,09/01/21 18:15:00,28.097,,,,,
14251,09/01/21 18:30:00,28.072,,,,,
14252,09/01/21 18:45:00,28.270,,,,,
14253,09/01/21 19:00:00,28.122,,,,,
14254,09/01/21 19:15:00,27.949,,,,,
14255,09/01/21 19:30:00,27.924,,,,,
14256,09/01/21 19:45:00,27.949,,,,,
14257,09/01/21 20:00:00,27.974,,,,,
14258,09/01/21 20:15:00,27.974,,,,,
14259,09/01/21 20:30:00,27.998,,,,,
14260,09/01/21 20:45:00,27.974,,,,,
14261,09/01/21 21:00:00,28.171,,,,,
14262,09/01/21 21:15:00,28.221,,,,,
14263,09/01/21 21:30:00,28.147,,,,,
14264,09/01/21 21:45:00,28.419,,,,,
14265,09/01/21 22:00:00,28.419,,,,,
14266,09/01/21 22:15:00,28.493,,,,,
14267,09/01/21 22:30:00,28.692,,,,,
14268,09/01/21 22:45:00,28.816,,,,,
14269,09/01/21 23:00:00,28.518,,,,,
14270,09/01/21 23:15:00,28.444,,,,,
14271,09/01/21 23:30:00,28.667,,,,,
14272,09/01/21 23:45:00,28.742,,,,,
14273,09/02/21 00:00:00,29.015,,,,,
14274,09/02/21 00:15:00,28.667,,,,,
14275,09/02/21 00:30:00,28.692,,,,,
14276,09/02/21 00:45:00,28.642,,,,,
14277,09/02/21 01:00:00,28.742,,,,,
14278,09/02/21 01:15:00,28.692,,,,,
14279,09/02/21 01:30:00,28.692,,,,,
14280,09/02/21 01:45:00,28.617,,,,,
14281,09/02/21 02:00:00,28.468,,,,,
14282,09/02/21 02:15:00,28.196,,,,,
14283,09/02/21 02:30:00,28.221,,,,,
14284,09/02/21 02:45:00,28.196,,,,,
14285,09/02/21 03:00:00,28.097,,,,,
14286,09/02/21 03:15:00,28.122,,,,,
14287,09/02/21 03:30:00,28.072,,,,,
14288,09/02/21 03:45:00,28.147,,,,,
14289,09/02/21 04:00:00,28.147,,,,,
14290,09/02/21 04:15:00,28.147,,,,,
14291,09/02/21 04:30:00,28.941,,,,,
14292,09/02/21 04:45:00,29.140,,,,,
14293,09/02/21 05:00:00,29.190,,,,,
14294,09/02/21 05:15:00,29.165,,,,,
14295,09/02/21 05:30:00,29.165,,,,,
14296,09/02/21 05:45:00,29.215,,,,,
14297,09/02/21 06:00:00,29.215,,,,,
14298,09/02/21 06:15:00,29.215,,,,,
14299,09/02/21 06:30:00,29.215,,,,,
14300,09/02/21 06:45:00,29.165,,,,,
14301,09/02/21 07:00:00,29.115,,,,,
14302,09/02/21 07:15:00,29.165,,,,,
14303,09/02/21 07:30:00,29.190,,,,,
14304,09/02/21 07:45:00,29.190,,,,,
14305,09/02/21 08:00:00,29.265,,,,,
14306,09/02/21 08:15:00,28.990,,,,,
14307,09/02/21 08:30:00,28.444,,,,,
14308,09/02/21 08:45:00,28.543,,,,,
14309,09/02/21 09:00:00,28.444,,,,,
14310,09/02/21 09:15:00,28.097,,,,,
14311,09/02/21 09:30:00,28.048,,,,,
14312,09/02/21 09:45:00,28.048,,,,,
14313,09/02/21 10:00:00,28.023,,,,,
14314,09/02/21 10:15:00,27.998,,,,,
14315,09/02/21 10:30:00,28.097,,,,,
14316,09/02/21 10:45:00,28.097,,,,,
14317,09/02/21 11:00:00,28.221,,,,,
14318,09/02/21 11:15:00,28.320,,,,,
14319,09/02/21 11:30:00,28.270,,,,,
14320,09/02/21 11:45:00,28.369,,,,,
14321,09/02/21 12:00:00,28.394,,,,,
14322,09/02/21 12:15:00,28.394,,,,,
14323,09/02/21 12:30:00,28.345,,,,,
14324,09/02/21 12:45:00,28.320,,,,,
14325,09/02/21 13:00:00,28.320,,,,,
14326,09/02/21 13:15:00,28.295,,,,,
14327,09/02/21 13:30:00,28.245,,,,,
14328,09/02/21 13:45:00,28.221,,,,,
14329,09/02/21 14:00:00,28.245,,,,,
14330,09/02/21 14:15:00,28.245,,,,,
14331,09/02/21 14:30:00,28.221,,,,,
14332,09/02/21 14:45:00,28.147,,,,,
14333,09/02/21 15:00:00,28.048,,,,,
14334,09/02/21 15:15:00,28.147,,,,,
14335,09/02/21 15:30:00,27.998,,,,,
14336,09/02/21 15:45:00,27.776,,,,,
14337,09/02/21 16:00:00,27.825,,,,,
14338,09/02/21 16:15:00,27.801,,,,,
14339,09/02/21 16:30:00,27.727,,,,,
14340,09/02/21 16:45:00,27.604,,,,,
14341,09/02/21 17:00:00,27.554,,,,,
14342,09/02/21 17:15:00,27.554,,,,,
14343,09/02/21 17:30:00,27.899,,,,,
14344,09/02/21 17:45:00,27.899,,,,,
14345,09/02/21 18:00:00,27.974,,,,,
14346,09/02/21 18:15:00,27.974,,,,,
14347,09/02/21 18:30:00,28.147,,,,,
14348,09/02/21 18:45:00,28.171,,,,,
14349,09/02/21 19:00:00,28.171,,,,,
14350,09/02/21 19:15:00,28.221,,,,,
14351,09/02/21 19:30:00,28.196,,,,,
14352,09/02/21 19:45:00,28.171,,,,,
14353,09/02/21 20:00:00,28.147,,,,,
14354,09/02/21 20:15:00,28.221,,,,,
14355,09/02/21 20:30:00,28.245,,,,,
14356,09/02/21 20:45:00,28.221,,,,,
14357,09/02/21 21:00:00,28.221,,,,,
14358,09/02/21 21:15:00,28.245,,,,,
14359,09/02/21 21:30:00,28.221,,,,,
14360,09/02/21 21:45:00,28.245,,,,,
14361,09/02/21 22:00:00,28.221,,,,,
14362,09/02/21 22:15:00,28.221,,,,,
14363,09/02/21 22:30:00,28.196,,,,,
14364,09/02/21 22:45:00,28.245,,,,,
14365,09/02/21 23:00:00,28.245,,,,,
14366,09/02/21 23:15:00,28.270,,,,,
14367,09/02/21 23:30:00,28.245,,,,,
14368,09/02/21 23:45:00,28.270,,,,,
14369,09/03/21 00:00:00,28.345,,,,,
14370,09/03/21 00:15:00,28.468,,,,,
14371,09/03/21 00:30:00,28.493,,,,,
14372,09/03/21 00:45:00,28.468,,,,,
14373,09/03/21 01:00:00,28.518,,,,,
14374,09/03/21 01:15:00,28.493,,,,,
14375,09/03/21 01:30:00,28.518,,,,,
14376,09/03/21 01:45:00,28.468,,,,,
14377,09/03/21 02:00:00,28.617,,,,,
14378,09/03/21 02:15:00,28.667,,,,,
14379,09/03/21 02:30:00,28.667,,,,,
14380,09/03/21 02:45:00,28.667,,,,,
14381,09/03/21 03:00:00,28.717,,,,,
14382,09/03/21 03:15:00,28.742,,,,,
14383,09/03/21 03:30:00,28.692,,,,,
14384,09/03/21 03:45:00,28.717,,,,,
14385,09/03/21 04:00:00,28.742,,,,,
14386,09/03/21 04:15:00,28.766,,,,,
14387,09/03/21 04:30:00,28.766,,,,,
14388,09/03/21 04:45:00,28.742,,,,,
14389,09/03/21 05:00:00,28.766,,,,,
14390,09/03/21 05:15:00,28.866,,,,,
14391,09/03/21 05:30:00,28.891,,,,,
14392,09/03/21 05:45:00,28.916,,,,,
14393,09/03/21 06:00:00,28.866,,,,,
14394,09/03/21 06:15:00,28.841,,,,,
14395,09/03/21 06:30:00,28.866,,,,,
14396,09/03/21 06:45:00,28.816,,,,,
14397,09/03/21 07:00:00,28.816,,,,,
14398,09/03/21 07:15:00,28.791,,,,,
14399,09/03/21 07:30:00,28.916,,,,,
14400,09/03/21 07:45:00,28.941,,,,,
14401,09/03/21 08:00:00,28.941,,,,,
14402,09/03/21 08:15:00,28.941,,,,,
14403,09/03/21 08:30:00,28.941,,,,,
14404,09/03/21 08:45:00,28.891,,,,,
14405,09/03/21 09:00:00,28.717,,,,,
14406,09/03/21 09:15:00,28.518,,,,,
14407,09/03/21 09:30:00,28.245,,,,,
14408,09/03/21 09:45:00,28.147,,,,,
14409,09/03/21 10:00:00,28.245,,,,,
14410,09/03/21 10:15:00,28.245,,,,,
14411,09/03/21 10:30:00,28.270,,,,,
14412,09/03/21 10:45:00,28.072,,,,,
14413,09/03/21 11:00:00,28.122,,,,,
14414,09/03/21 11:15:00,27.998,,,,,
14415,09/03/21 11:30:00,28.023,,,,,
14416,09/03/21 11:45:00,28.171,,,,,
14417,09/03/21 12:00:00,28.245,,,,,
14418,09/03/21 12:15:00,28.270,,,,,
14419,09/03/21 12:30:00,28.295,,,,,
14420,09/03/21 12:45:00,28.320,,,,,
14421,09/03/21 13:00:00,28.345,,,,,
14422,09/03/21 13:15:00,28.369,,,,,
14423,09/03/21 13:30:00,28.345,,,,,
14424,09/03/21 13:45:00,28.295,,,,,
14425,09/03/21 14:00:00,28.345,,,,,
14426,09/03/21 14:15:00,28.369,,,,,
14427,09/03/21 14:30:00,28.617,,,,,
14428,09/03/21 14:45:00,28.518,,,,,
14429,09/03/21 15:00:00,28.369,,,,,
14430,09/03/21 15:15:00,28.345,,,,,
14431,09/03/21 15:30:00,28.345,,,,,
14432,09/03/21 15:45:00,28.394,,,,,
14433,09/03/21 16:00:00,28.295,,,,,
14434,09/03/21 16:15:00,28.245,,,,,
14435,09/03/21 16:30:00,28.320,,,,,
14436,09/03/21 16:45:00,28.320,,,,,
14437,09/03/21 17:00:00,28.270,,,,,
14438,09/03/21 17:15:00,28.245,,,,,
14439,09/03/21 17:30:00,28.295,,,,,
14440,09/03/21 17:45:00,28.221,,,,,
14441,09/03/21 18:00:00,28.196,,,,,
14442,09/03/21 18:15:00,28.221,,,,,
14443,09/03/21 18:30:00,28.221,,,,,
14444,09/03/21 18:45:00,28.221,,,,,
14445,09/03/21 19:00:00,28.221,,,,,
14446,09/03/21 19:15:00,28.245,,,,,
14447,09/03/21 19:30:00,28.295,,,,,
14448,09/03/21 19:45:00,28.295,,,,,
14449,09/03/21 20:00:00,28.295,,,,,
14450,09/03/21 20:15:00,28.642,,,,,
14451,09/03/21 20:30:00,28.891,,,,,
14452,09/03/21 20:45:00,29.015,,,,,
14453,09/03/21 21:00:00,28.990,,,,,
14454,09/03/21 21:15:00,29.065,,,,,
14455,09/03/21 21:30:00,29.090,,,,,
14456,09/03/21 21:45:00,29.115,,,,,
14457,09/03/21 22:00:00,29.115,,,,,
14458,09/03/21 22:15:00,29.115,,,,,
14459,09/03/21 22:30:00,29.140,,,,,
14460,09/03/21 22:45:00,29.140,,,,,
14461,09/03/21 23:00:00,29.115,,,,,
14462,09/03/21 23:15:00,29.165,,,,,
14463,09/03/21 23:30:00,29.115,,,,,
14464,09/03/21 23:45:00,29.165,,,,,
14465,09/04/21 00:00:00,29.190,,,,,
14466,09/04/21 00:15:00,29.190,,,,,
14467,09/04/21 00:30:00,29.215,,,,,
14468,09/04/21 00:45:00,29.140,,,,,
14469,09/04/21 01:00:00,29.090,,,,,
14470,09/04/21 01:15:00,28.419,,,,,
14471,09/04/21 01:30:00,28.295,,,,,
14472,09/04/21 01:45:00,28.766,,,,,
14473,09/04/21 02:00:00,29.140,,,,,
14474,09/04/21 02:15:00,29.165,,,,,
14475,09/04/21 02:30:00,29.190,,,,,
14476,09/04/21 02:45:00,29.215,,,,,
14477,09/04/21 03:00:00,29.040,,,,,
14478,09/04/21 03:15:00,28.444,,,,,
14479,09/04/21 03:30:00,28.345,,,,,
14480,09/04/21 03:45:00,28.369,,,,,
14481,09/04/21 04:00:00,28.245,,,,,
14482,09/04/21 04:15:00,28.196,,,,,
14483,09/04/21 04:30:00,28.369,,,,,
14484,09/04/21 04:45:00,28.444,,,,,
14485,09/04/21 05:00:00,28.692,,,,,
14486,09/04/21 05:15:00,28.642,,,,,
14487,09/04/21 05:30:00,28.667,,,,,
14488,09/04/21 05:45:00,28.617,,,,,
14489,09/04/21 06:00:00,28.692,,,,,
14490,09/04/21 06:15:00,28.742,,,,,
14491,09/04/21 06:30:00,28.866,,,,,
14492,09/04/21 06:45:00,28.941,,,,,
14493,09/04/21 07:00:00,28.965,,,,,
14494,09/04/21 07:15:00,28.941,,,,,
14495,09/04/21 07:30:00,28.965,,,,,
14496,09/04/21 07:45:00,28.965,,,,,
14497,09/04/21 08:00:00,28.941,,,,,
14498,09/04/21 08:15:00,28.916,,,,,
14499,09/04/21 08:30:00,28.866,,,,,
14500,09/04/21 08:45:00,28.891,,,,,
14501,09/04/21 09:00:00,28.866,,,,,
14502,09/04/21 09:15:00,28.891,,,,,
14503,09/04/21 09:30:00,28.866,,,,,
14504,09/04/21 09:45:00,28.891,,,,,
14505,09/04/21 10:00:00,28.866,,,,,
14506,09/04/21 10:15:00,28.990,,,,,
14507,09/04/21 10:30:00,28.816,,,,,
14508,09/04/21 10:45:00,28.766,,,,,
14509,09/04/21 11:00:00,28.742,,,,,
14510,09/04/21 11:15:00,28.766,,,,,
14511,09/04/21 11:30:00,28.766,,,,,
14512,09/04/21 11:45:00,28.717,,,,,
14513,09/04/21 12:00:00,28.593,,,,,
14514,09/04/21 12:15:00,28.270,,,,,
14515,09/04/21 12:30:00,28.122,,,,,
14516,09/04/21 12:45:00,28.270,,,,,
14517,09/04/21 13:00:00,28.320,,,,,
14518,09/04/21 13:15:00,28.171,,,,,
14519,09/04/21 13:30:00,28.518,,,,,
14520,09/04/21 13:45:00,28.543,,,,,
14521,09/04/21 14:00:00,28.369,,,,,
14522,09/04/21 14:15:00,28.320,,,,,
14523,09/04/21 14:30:00,28.270,,,,,
14524,09/04/21 14:45:00,28.419,,,,,
14525,09/04/21 15:00:00,28.518,,,,,
14526,09/04/21 15:15:00,28.394,,,,,
14527,09/04/21 15:30:00,28.419,,,,,
14528,09/04/21 15:45:00,28.394,,,,,
14529,09/04/21 16:00:00,28.468,,,,,
14530,09/04/21 16:15:00,28.444,,,,,
14531,09/04/21 16:30:00,28.444,,,,,
14532,09/04/21 16:45:00,28.295,,,,,
14533,09/04/21 17:00:00,28.345,,,,,
14534,09/04/21 17:15:00,28.419,,,,,
14535,09/04/21 17:30:00,28.419,,,,,
14536,09/04/21 17:45:00,28.394,,,,,
14537,09/04/21 18:00:00,28.097,,,,,
14538,09/04/21 18:15:00,28.072,,,,,
14539,09/04/21 18:30:00,28.518,,,,,
14540,09/04/21 18:45:00,28.568,,,,,
14541,09/04/21 19:00:00,28.692,,,,,
14542,09/04/21 19:15:00,28.841,,,,,
14543,09/04/21 19:30:00,29.015,,,,,
14544,09/04/21 19:45:00,29.165,,,,,
14545,09/04/21 20:00:00,29.115,,,,,
14546,09/04/21 20:15:00,29.090,,,,,
14547,09/04/21 20:30:00,29.065,,,,,
14548,09/04/21 20:45:00,29.115,,,,,
14549,09/04/21 21:00:00,29.315,,,,,
14550,09/04/21 21:15:00,29.315,,,,,
14551,09/04/21 21:30:00,29.290,,,,,
14552,09/04/21 21:45:00,29.290,,,,,
14553,09/04/21 22:00:00,29.190,,,,,
14554,09/04/21 22:15:00,29.265,,,,,
14555,09/04/21 22:30:00,29.265,,,,,
14556,09/04/21 22:45:00,29.265,,,,,
14557,09/04/21 23:00:00,29.265,,,,,
14558,09/04/21 23:15:00,29.090,,,,,
14559,09/04/21 23:30:00,29.040,,,,,
14560,09/04/21 23:45:00,29.290,,,,,
14561,09/05/21 00:00:00,29.240,,,,,
14562,09/05/21 00:15:00,29.140,,,,,
14563,09/05/21 00:30:00,29.040,,,,,
14564,09/05/21 00:45:00,29.090,,,,,
14565,09/05/21 01:00:00,29.215,,,,,
14566,09/05/21 01:15:00,29.265,,,,,
14567,09/05/21 01:30:00,29.315,,,,,
14568,09/05/21 01:45:00,29.340,,,,,
14569,09/05/21 02:00:00,29.315,,,,,
14570,09/05/21 02:15:00,28.766,,,,,
14571,09/05/21 02:30:00,29.190,,,,,
14572,09/05/21 02:45:00,29.315,,,,,
14573,09/05/21 03:00:00,29.315,,,,,
14574,09/05/21 03:15:00,29.340,,,,,
14575,09/05/21 03:30:00,29.340,,,,,
14576,09/05/21 03:45:00,29.340,,,,,
14577,09/05/21 04:00:00,29.340,,,,,
14578,09/05/21 04:15:00,29.365,,,,,
14579,09/05/21 04:30:00,29.389,,,,,
14580,09/05/21 04:45:00,29.389,,,,,
14581,09/05/21 05:00:00,29.365,,,,,
14582,09/05/21 05:15:00,29.439,,,,,
14583,09/05/21 05:30:00,29.439,,,,,
14584,09/05/21 05:45:00,29.464,,,,,
14585,09/05/21 06:00:00,29.515,,,,,
14586,09/05/21 06:15:00,29.515,,,,,
14587,09/05/21 06:30:00,29.490,,,,,
14588,09/05/21 06:45:00,29.464,,,,,
14589,09/05/21 07:00:00,29.464,,,,,
14590,09/05/21 07:15:00,29.464,,,,,
14591,09/05/21 07:30:00,29.439,,,,,
14592,09/05/21 07:45:00,29.439,,,,,
14593,09/05/21 08:00:00,29.439,,,,,
14594,09/05/21 08:15:00,29.414,,,,,
14595,09/05/21 08:30:00,29.439,,,,,
14596,09/05/21 08:45:00,29.414,,,,,
14597,09/05/21 09:00:00,29.414,,,,,
14598,09/05/21 09:15:00,29.414,,,,,
14599,09/05/21 09:30:00,29.389,,,,,
14600,09/05/21 09:45:00,29.389,,,,,
14601,09/05/21 10:00:00,29.365,,,,,
14602,09/05/21 10:15:00,29.215,,,,,
14603,09/05/21 10:30:00,29.090,,,,,
14604,09/05/21 10:45:00,29.015,,,,,
14605,09/05/21 11:00:00,29.215,,,,,
14606,09/05/21 11:15:00,29.140,,,,,
14607,09/05/21 11:30:00,28.866,,,,,
14608,09/05/21 11:45:00,28.642,,,,,
14609,09/05/21 12:00:00,29.115,,,,,
14610,09/05/21 12:15:00,29.315,,,,,
14611,09/05/21 12:30:00,29.090,,,,,
14612,09/05/21 12:45:00,28.493,,,,,
14613,09/05/21 13:00:00,28.320,,,,,
14614,09/05/21 13:15:00,28.270,,,,,
14615,09/05/21 13:30:00,28.295,,,,,
14616,09/05/21 13:45:00,28.394,,,,,
14617,09/05/21 14:00:00,28.444,,,,,
14618,09/05/21 14:15:00,29.015,,,,,
14619,09/05/21 14:30:00,28.965,,,,,
14620,09/05/21 14:45:00,28.493,,,,,
14621,09/05/21 15:00:00,28.568,,,,,
14622,09/05/21 15:15:00,28.518,,,,,
14623,09/05/21 15:30:00,28.444,,,,,
14624,09/05/21 15:45:00,28.295,,,,,
14625,09/05/21 16:00:00,28.196,,,,,
14626,09/05/21 16:15:00,28.245,,,,,
14627,09/05/21 16:30:00,28.295,,,,,
14628,09/05/21 16:45:00,28.518,,,,,
14629,09/05/21 17:00:00,28.568,,,,,
14630,09/05/21 17:15:00,28.717,,,,,
14631,09/05/21 17:30:00,28.791,,,,,
14632,09/05/21 17:45:00,28.791,,,,,
14633,09/05/21 18:00:00,28.791,,,,,
14634,09/05/21 18:15:00,28.568,,,,,
14635,09/05/21 18:30:00,28.419,,,,,
14636,09/05/21 18:45:00,28.419,,,,,
14637,09/05/21 19:00:00,28.617,,,,,
14638,09/05/21 19:15:00,28.791,,,,,
14639,09/05/21 19:30:00,28.866,,,,,
14640,09/05/21 19:45:00,28.866,,,,,
14641,09/05/21 20:00:00,29.090,,,,,
14642,09/05/21 20:15:00,29.165,,,,,
14643,09/05/21 20:30:00,29.165,,,,,
14644,09/05/21 20:45:00,29.165,,,,,
14645,09/05/21 21:00:00,29.165,,,,,
14646,09/05/21 21:15:00,29.190,,,,,
14647,09/05/21 21:30:00,29.190,,,,,
14648,09/05/21 21:45:00,29.215,,,,,
14649,09/05/21 22:00:00,29.215,,,,,
14650,09/05/21 22:15:00,29.215,,,,,
14651,09/05/21 22:30:00,29.215,,,,,
14652,09/05/21 22:45:00,29.215,,,,,
14653,09/05/21 23:00:00,29.190,,,,,
14654,09/05/21 23:15:00,29.190,,,,,
14655,09/05/21 23:30:00,29.215,,,,,
14656,09/05/21 23:45:00,29.215,,,,,
14657,09/06/21 00:00:00,29.240,,,,,
14658,09/06/21 00:15:00,29.265,,,,,
14659,09/06/21 00:30:00,29.240,,,,,
14660,09/06/21 00:45:00,29.215,,,,,
14661,09/06/21 01:00:00,29.215,,,,,
14662,09/06/21 01:15:00,29.290,,,,,
14663,09/06/21 01:30:00,29.365,,,,,
14664,09/06/21 01:45:00,29.315,,,,,
14665,09/06/21 02:00:00,29.315,,,,,
14666,09/06/21 02:15:00,29.515,,,,,
14667,09/06/21 02:30:00,29.439,,,,,
14668,09/06/21 02:45:00,29.565,,,,,
14669,09/06/21 03:00:00,29.414,,,,,
14670,09/06/21 03:15:00,29.439,,,,,
14671,09/06/21 03:30:00,29.515,,,,,
14672,09/06/21 03:45:00,29.490,,,,,
14673,09/06/21 04:00:00,29.464,,,,,
14674,09/06/21 04:15:00,29.439,,,,,
14675,09/06/21 04:30:00,29.389,,,,,
14676,09/06/21 04:45:00,29.365,,,,,
14677,09/06/21 05:00:00,29.315,,,,,
14678,09/06/21 05:15:00,29.340,,,,,
14679,09/06/21 05:30:00,29.315,,,,,
14680,09/06/21 05:45:00,29.340,,,,,
14681,09/06/21 06:00:00,29.340,,,,,
14682,09/06/21 06:15:00,29.340,,,,,
14683,09/06/21 06:30:00,29.340,,,,,
14684,09/06/21 06:45:00,29.340,,,,,
14685,09/06/21 07:00:00,29.365,,,,,
14686,09/06/21 07:15:00,29.365,,,,,
14687,09/06/21 07:30:00,29.365,,,,,
14688,09/06/21 07:45:00,29.389,,,,,
14689,09/06/21 08:00:00,29.389,,,,,
14690,09/06/21 08:15:00,29.365,,,,,
14691,09/06/21 08:30:00,29.389,,,,,
14692,09/06/21 08:45:00,29.414,,,,,
14693,09/06/21 09:00:00,29.414,,,,,
14694,09/06/21 09:15:00,29.365,,,,,
14695,09/06/21 09:30:00,29.365,,,,,
14696,09/06/21 09:45:00,29.365,,,,,
14697,09/06/21 10:00:00,29.389,,,,,
14698,09/06/21 10:15:00,29.365,,,,,
14699,09/06/21 10:30:00,29.365,,,,,
14700,09/06/21 10:45:00,29.140,,,,,
14701,09/06/21 11:00:00,29.090,,,,,
14702,09/06/21 11:15:00,29.065,,,,,
14703,09/06/21 11:30:00,29.015,,,,,
14704,09/06/21 11:45:00,29.140,,,,,
14705,09/06/21 12:00:00,28.965,,,,,
14706,09/06/21 12:15:00,28.965,,,,,
14707,09/06/21 12:30:00,28.891,,,,,
14708,09/06/21 12:45:00,28.941,,,,,
14709,09/06/21 13:00:00,29.040,,,,,
14710,09/06/21 13:15:00,29.015,,,,,
14711,09/06/21 13:30:00,28.617,,,,,
14712,09/06/21 13:45:00,28.617,,,,,
14713,09/06/21 14:00:00,28.320,,,,,
14714,09/06/21 14:15:00,28.394,,,,,
14715,09/06/21 14:30:00,28.320,,,,,
14716,09/06/21 14:45:00,28.122,,,,,
14717,09/06/21 15:00:00,28.097,,,,,
14718,09/06/21 15:15:00,27.998,,,,,
14719,09/06/21 15:30:00,27.875,,,,,
14720,09/06/21 15:45:00,27.875,,,,,
14721,09/06/21 16:00:00,28.072,,,,,
14722,09/06/21 16:15:00,28.122,,,,,
14723,09/06/21 16:30:00,28.048,,,,,
14724,09/06/21 16:45:00,28.048,,,,,
14725,09/06/21 17:00:00,28.122,,,,,
14726,09/06/21 17:15:00,28.221,,,,,
14727,09/06/21 17:30:00,28.171,,,,,
14728,09/06/21 17:45:00,28.122,,,,,
14729,09/06/21 18:00:00,28.245,,,,,
14730,09/06/21 18:15:00,28.221,,,,,
14731,09/06/21 18:30:00,28.245,,,,,
14732,09/06/21 18:45:00,28.245,,,,,
14733,09/06/21 19:00:00,28.245,,,,,
14734,09/06/21 19:15:00,28.270,,,,,
14735,09/06/21 19:30:00,28.345,,,,,
14736,09/06/21 19:45:00,28.493,,,,,
14737,09/06/21 20:00:00,28.295,,,,,
14738,09/06/21 20:15:00,28.320,,,,,
14739,09/06/21 20:30:00,28.369,,,,,
14740,09/06/21 20:45:00,28.295,,,,,
14741,09/06/21 21:00:00,28.345,,,,,
14742,09/06/21 21:15:00,28.493,,,,,
14743,09/06/21 21:30:00,28.444,,,,,
14744,09/06/21 21:45:00,28.518,,,,,
14745,09/06/21 22:00:00,28.543,,,,,
14746,09/06/21 22:15:00,28.617,,,,,
14747,09/06/21 22:30:00,28.593,,,,,
14748,09/06/21 22:45:00,28.593,,,,,
14749,09/06/21 23:00:00,28.667,,,,,
14750,09/06/21 23:15:00,28.667,,,,,
14751,09/06/21 23:30:00,28.742,,,,,
14752,09/06/21 23:45:00,28.766,,,,,
14753,09/07/21 00:00:00,28.791,,,,,
14754,09/07/21 00:15:00,28.891,,,,,
14755,09/07/21 00:30:00,28.941,,,,,
14756,09/07/21 00:45:00,28.990,,,,,
14757,09/07/21 01:00:00,28.990,,,,,
14758,09/07/21 01:15:00,28.990,,,,,
14759,09/07/21 01:30:00,29.015,,,,,
14760,09/07/21 01:45:00,29.015,,,,,
14761,09/07/21 02:00:00,29.015,,,,,
14762,09/07/21 02:15:00,29.040,,,,,
14763,09/07/21 02:30:00,29.015,,,,,
14764,09/07/21 02:45:00,29.040,,,,,
14765,09/07/21 03:00:00,29.065,,,,,
14766,09/07/21 03:15:00,29.065,,,,,
14767,09/07/21 03:30:00,29.065,,,,,
14768,09/07/21 03:45:00,29.090,,,,,
14769,09/07/21 04:00:00,29.090,,,,,
14770,09/07/21 04:15:00,29.090,,,,,
14771,09/07/21 04:30:00,29.090,,,,,
14772,09/07/21 04:45:00,29.115,,,,,
14773,09/07/21 05:00:00,29.115,,,,,
14774,09/07/21 05:15:00,29.115,,,,,
14775,09/07/21 05:30:00,29.115,,,,,
14776,09/07/21 05:45:00,29.140,,,,,
14777,09/07/21 06:00:00,29.140,,,,,
14778,09/07/21 06:15:00,29.165,,,,,
14779,09/07/21 06:30:00,29.165,,,,,
14780,09/07/21 06:45:00,29.165,,,,,
14781,09/07/21 07:00:00,29.165,,,,,
14782,09/07/21 07:15:00,29.190,,,,,
14783,09/07/21 07:30:00,29.190,,,,,
14784,09/07/21 07:45:00,29.190,,,,,
14785,09/07/21 08:00:00,29.190,,,,,
14786,09/07/21 08:15:00,29.215,,,,,
14787,09/07/21 08:30:00,29.215,,,,,
14788,09/07/21 08:45:00,29.240,,,,,
14789,09/07/21 09:00:00,29.240,,,,,
14790,09/07/21 09:15:00,29.215,,,,,
14791,09/07/21 09:30:00,29.215,,,,,
14792,09/07/21 09:45:00,29.240,,,,,
14793,09/07/21 10:00:00,29.240,,,,,
14794,09/07/21 10:15:00,29.240,,,,,
14795,09/07/21 10:30:00,29.315,,,,,
14796,09/07/21 10:45:00,29.340,,,,,
14797,09/07/21 11:00:00,29.389,,,,,
14798,09/07/21 11:15:00,29.414,,,,,
14799,09/07/21 11:30:00,29.414,,,,,
14800,09/07/21 11:45:00,29.414,,,,,
14801,09/07/21 12:00:00,29.439,,,,,
14802,09/07/21 12:15:00,29.439,,,,,
14803,09/07/21 12:30:00,29.464,,,,,
14804,09/07/21 12:45:00,29.464,,,,,
14805,09/07/21 13:00:00,29.464,,,,,
14806,09/07/21 13:15:00,29.439,,,,,
14807,09/07/21 13:30:00,29.439,,,,,
14808,09/07/21 13:45:00,29.439,,,,,
14809,09/07/21 14:00:00,29.439,,,,,
14810,09/07/21 14:15:00,29.439,,,,,
14811,09/07/21 14:30:00,29.439,,,,,
14812,09/07/21 14:45:00,29.439,,,,,
14813,09/07/21 15:00:00,29.464,,,,,
14814,09/07/21 15:15:00,29.515,,,,,
14815,09/07/21 15:30:00,29.590,,,,,
14816,09/07/21 15:45:00,29.515,,,,,
14817,09/07/21 16:00:00,29.490,,,,,
14818,09/07/21 16:15:00,29.490,,,,,
14819,09/07/21 16:30:00,29.490,,,,,
14820,09/07/21 16:45:00,29.490,,,,,
14821,09/07/21 17:00:00,29.490,,,,,
14822,09/07/21 17:15:00,29.464,,,,,
14823,09/07/21 17:30:00,29.439,,,,,
14824,09/07/21 17:45:00,29.414,,,,,
14825,09/07/21 18:00:00,29.389,,,,,
14826,09/07/21 18:15:00,29.165,,,,,
14827,09/07/21 18:30:00,29.365,,,,,
14828,09/07/21 18:45:00,29.414,,,,,
14829,09/07/21 19:00:00,29.190,,,,,
14830,09/07/21 19:15:00,29.140,,,,,
14831,09/07/21 19:30:00,29.115,,,,,
14832,09/07/21 19:45:00,29.090,,,,,
14833,09/07/21 20:00:00,29.115,,,,,
14834,09/07/21 20:15:00,29.040,,,,,
14835,09/07/21 20:30:00,29.065,,,,,
14836,09/07/21 20:45:00,29.215,,,,,
14837,09/07/21 21:00:00,29.315,,,,,
14838,09/07/21 21:15:00,29.365,,,,,
14839,09/07/21 21:30:00,29.240,,,,,
14840,09/07/21 21:45:00,29.265,,,,,
14841,09/07/21 22:00:00,29.315,,,,,
14842,09/07/21 22:15:00,29.340,,,,,
14843,09/07/21 22:30:00,29.315,,,,,
14844,09/07/21 22:45:00,29.290,,,,,
14845,09/07/21 23:00:00,29.290,,,,,
14846,09/07/21 23:15:00,29.165,,,,,
14847,09/07/21 23:30:00,29.215,,,,,
14848,09/07/21 23:45:00,29.290,,,,,
14849,09/08/21 00:00:00,29.389,,,,,
14850,09/08/21 00:15:00,29.414,,,,,
14851,09/08/21 00:30:00,29.439,,,,,
14852,09/08/21 00:45:00,29.414,,,,,
14853,09/08/21 01:00:00,29.414,,,,,
14854,09/08/21 01:15:00,29.414,,,,,
14855,09/08/21 01:30:00,29.414,,,,,
14856,09/08/21 01:45:00,29.439,,,,,
14857,09/08/21 02:00:00,29.439,,,,,
14858,09/08/21 02:15:00,29.414,,,,,
14859,09/08/21 02:30:00,29.090,,,,,
14860,09/08/21 02:45:00,29.215,,,,,
14861,09/08/21 03:00:00,28.941,,,,,
14862,09/08/21 03:15:00,28.990,,,,,
14863,09/08/21 03:30:00,29.340,,,,,
14864,09/08/21 03:45:00,29.414,,,,,
14865,09/08/21 04:00:00,29.414,,,,,
14866,09/08/21 04:15:00,29.140,,,,,
14867,09/08/21 04:30:00,29.315,,,,,
14868,09/08/21 04:45:00,29.340,,,,,
14869,09/08/21 05:00:00,29.190,,,,,
14870,09/08/21 05:15:00,29.240,,,,,
14871,09/08/21 05:30:00,29.265,,,,,
14872,09/08/21 05:45:00,29.290,,,,,
14873,09/08/21 06:00:00,29.140,,,,,
14874,09/08/21 06:15:00,29.165,,,,,
14875,09/08/21 06:30:00,29.140,,,,,
14876,09/08/21 06:45:00,29.115,,,,,
14877,09/08/21 07:00:00,29.090,,,,,
14878,09/08/21 07:15:00,29.115,,,,,
14879,09/08/21 07:30:00,29.190,,,,,
14880,09/08/21 07:45:00,29.240,,,,,
14881,09/08/21 08:00:00,29.365,,,,,
14882,09/08/21 08:15:00,29.240,,,,,
14883,09/08/21 08:30:00,29.165,,,,,
14884,09/08/21 08:45:00,29.090,,,,,
14885,09/08/21 09:00:00,29.215,,,,,
14886,09/08/21 09:15:00,29.190,,,,,
14887,09/08/21 09:30:00,29.215,,,,,
14888,09/08/21 09:45:00,29.240,,,,,
14889,09/08/21 10:00:00,29.290,,,,,
14890,09/08/21 10:15:00,29.315,,,,,
14891,09/08/21 10:30:00,29.340,,,,,
14892,09/08/21 10:45:00,29.315,,,,,
14893,09/08/21 11:00:00,29.290,,,,,
14894,09/08/21 11:15:00,29.340,,,,,
14895,09/08/21 11:30:00,29.265,,,,,
14896,09/08/21 11:45:00,29.365,,,,,
14897,09/08/21 12:00:00,29.389,,,,,
14898,09/08/21 12:15:00,29.414,,,,,
14899,09/08/21 12:30:00,29.414,,,,,
14900,09/08/21 12:45:00,29.439,,,,,
14901,09/08/21 13:00:00,29.439,,,,,
14902,09/08/21 13:15:00,29.464,,,,,
14903,09/08/21 13:30:00,29.490,,,,,
14904,09/08/21 13:45:00,29.540,,,,,
14905,09/08/21 14:00:00,29.515,,,,,
14906,09/08/21 14:15:00,29.540,,,,,
14907,09/08/21 14:30:00,29.515,,,,,
14908,09/08/21 14:45:00,28.965,,,,,
14909,09/08/21 15:00:00,29.215,,,,,
14910,09/08/21 15:15:00,29.540,,,,,
14911,09/08/21 15:30:00,29.464,,,,,
14912,09/08/21 15:45:00,29.365,,,,,
14913,09/08/21 16:00:00,29.490,,,,,
14914,09/08/21 16:15:00,29.540,,,,,
14915,09/08/21 16:30:00,29.540,,,,,
14916,09/08/21 16:45:00,29.540,,,,,
14917,09/08/21 17:00:00,29.565,,,,,
14918,09/08/21 17:15:00,29.115,,,,,
14919,09/08/21 17:30:00,29.365,,,,,
14920,09/08/21 17:45:00,29.565,,,,,
14921,09/08/21 18:00:00,29.515,,,,,
14922,09/08/21 18:15:00,29.464,,,,,
14923,09/08/21 18:30:00,29.590,,,,,
14924,09/08/21 18:45:00,29.590,,,,,
14925,09/08/21 19:00:00,29.615,,,,,
14926,09/08/21 19:15:00,29.590,,,,,
14927,09/08/21 19:30:00,29.115,,,,,
14928,09/08/21 19:45:00,28.543,,,,,
14929,09/08/21 20:00:00,28.841,,,,,
14930,09/08/21 20:15:00,28.791,,,,,
14931,09/08/21 20:30:00,28.642,,,,,
14932,09/08/21 20:45:00,28.692,,,,,
14933,09/08/21 21:00:00,29.315,,,,,
14934,09/08/21 21:15:00,29.464,,,,,
14935,09/08/21 21:30:00,29.115,,,,,
14936,09/08/21 21:45:00,29.165,,,,,
14937,09/08/21 22:00:00,29.365,,,,,
14938,09/08/21 22:15:00,29.490,,,,,
14939,09/08/21 22:30:00,29.515,,,,,
14940,09/08/21 22:45:00,29.515,,,,,
14941,09/08/21 23:00:00,29.340,,,,,
14942,09/08/21 23:15:00,29.515,,,,,
14943,09/08/21 23:30:00,29.565,,,,,
14944,09/08/21 23:45:00,29.590,,,,,
14945,09/09/21 00:00:00,29.290,,,,,
14946,09/09/21 00:15:00,29.439,,,,,
14947,09/09/21 00:30:00,29.464,,,,,
14948,09/09/21 00:45:00,29.515,,,,,
14949,09/09/21 01:00:00,29.615,,,,,
14950,09/09/21 01:15:00,29.540,,,,,
14951,09/09/21 01:30:00,29.615,,,,,
14952,09/09/21 01:45:00,29.540,,,,,
14953,09/09/21 02:00:00,29.515,,,,,
14954,09/09/21 02:15:00,29.640,,,,,
14955,09/09/21 02:30:00,29.615,,,,,
14956,09/09/21 02:45:00,29.565,,,,,
14957,09/09/21 03:00:00,29.665,,,,,
14958,09/09/21 03:15:00,29.665,,,,,
14959,09/09/21 03:30:00,29.515,,,,,
14960,09/09/21 03:45:00,29.490,,,,,
14961,09/09/21 04:00:00,29.490,,,,,
14962,09/09/21 04:15:00,29.065,,,,,
14963,09/09/21 04:30:00,29.115,,,,,
14964,09/09/21 04:45:00,29.015,,,,,
14965,09/09/21 05:00:00,29.190,,,,,
14966,09/09/21 05:15:00,29.240,,,,,
14967,09/09/21 05:30:00,29.540,,,,,
14968,09/09/21 05:45:00,29.590,,,,,
14969,09/09/21 06:00:00,29.640,,,,,
14970,09/09/21 06:15:00,29.565,,,,,
14971,09/09/21 06:30:00,29.540,,,,,
14972,09/09/21 06:45:00,29.565,,,,,
14973,09/09/21 07:00:00,29.565,,,,,
14974,09/09/21 07:15:00,29.615,,,,,
14975,09/09/21 07:30:00,29.615,,,,,
14976,09/09/21 07:45:00,29.615,,,,,
14977,09/09/21 08:00:00,29.540,,,,,
14978,09/09/21 08:15:00,29.540,,,,,
14979,09/09/21 08:30:00,29.565,,,,,
14980,09/09/21 08:45:00,29.540,,,,,
14981,09/09/21 09:00:00,29.565,,,,,
14982,09/09/21 09:15:00,29.389,,,,,
14983,09/09/21 09:30:00,29.464,,,,,
14984,09/09/21 09:45:00,29.515,,,,,
14985,09/09/21 10:00:00,29.515,,,,,
14986,09/09/21 10:15:00,29.565,,,,,
14987,09/09/21 10:30:00,29.590,,,,,
14988,09/09/21 10:45:00,29.590,,,,,
14989,09/09/21 11:00:00,29.464,,,,,
14990,09/09/21 11:15:00,29.464,,,,,
14991,09/09/21 11:30:00,29.414,,,,,
14992,09/09/21 11:45:00,29.490,,,,,
14993,09/09/21 12:00:00,29.265,,,,,
14994,09/09/21 12:15:00,29.490,,,,,
14995,09/09/21 12:30:00,29.515,,,,,
14996,09/09/21 12:45:00,29.515,,,,,
14997,09/09/21 13:00:00,29.540,,,,,
14998,09/09/21 13:15:00,29.540,,,,,
14999,09/09/21 13:30:00,29.540,,,,,
15000,09/09/21 13:45:00,29.565,,,,,
15001,09/09/21 14:00:00,29.615,,,,,
15002,09/09/21 14:15:00,29.590,,,,,
15003,09/09/21 14:30:00,29.565,,,,,
15004,09/09/21 14:45:00,29.565,,,,,
15005,09/09/21 15:00:00,29.590,,,,,
15006,09/09/21 15:15:00,29.040,,,,,
15007,09/09/21 15:30:00,28.941,,,,,
15008,09/09/21 15:45:00,28.941,,,,,
15009,09/09/21 16:00:00,28.916,,,,,
15010,09/09/21 16:15:00,28.916,,,,,
15011,09/09/21 16:30:00,28.941,,,,,
15012,09/09/21 16:45:00,29.090,,,,,
15013,09/09/21 17:00:00,29.340,,,,,
15014,09/09/21 17:15:00,29.165,,,,,
15015,09/09/21 17:30:00,29.015,,,,,
15016,09/09/21 17:45:00,28.990,,,,,
15017,09/09/21 18:00:00,28.866,,,,,
15018,09/09/21 18:15:00,28.295,,,,,
15019,09/09/21 18:30:00,28.593,,,,,
15020,09/09/21 18:45:00,29.090,,,,,
15021,09/09/21 19:00:00,29.115,,,,,
15022,09/09/21 19:15:00,29.115,,,,,
15023,09/09/21 19:30:00,29.115,,,,,
15024,09/09/21 19:45:00,29.115,,,,,
15025,09/09/21 20:00:00,28.866,,,,,
15026,09/09/21 20:15:00,29.115,,,,,
15027,09/09/21 20:30:00,28.891,,,,,
15028,09/09/21 20:45:00,28.667,,,,,
15029,09/09/21 21:00:00,29.215,,,,,
15030,09/09/21 21:15:00,28.965,,,,,
15031,09/09/21 21:30:00,28.543,,,,,
15032,09/09/21 21:45:00,28.394,,,,,
15033,09/09/21 22:00:00,28.791,,,,,
15034,09/09/21 22:15:00,28.617,,,,,
15035,09/09/21 22:30:00,28.444,,,,,
15036,09/09/21 22:45:00,28.543,,,,,
15037,09/09/21 23:00:00,28.444,,,,,
15038,09/09/21 23:15:00,28.518,,,,,
15039,09/09/21 23:30:00,29.290,,,,,
15040,09/09/21 23:45:00,29.315,,,,,
15041,09/10/21 00:00:00,28.543,,,,,
15042,09/10/21 00:15:00,28.394,,,,,
15043,09/10/21 00:30:00,28.394,,,,,
15044,09/10/21 00:45:00,28.468,,,,,
15045,09/10/21 01:00:00,28.593,,,,,
15046,09/10/21 01:15:00,28.990,,,,,
15047,09/10/21 01:30:00,28.891,,,,,
15048,09/10/21 01:45:00,28.791,,,,,
15049,09/10/21 02:00:00,28.791,,,,,
15050,09/10/21 02:15:00,29.115,,,,,
15051,09/10/21 02:30:00,29.015,,,,,
15052,09/10/21 02:45:00,28.965,,,,,
15053,09/10/21 03:00:00,28.816,,,,,
15054,09/10/21 03:15:00,28.717,,,,,
15055,09/10/21 03:30:00,29.015,,,,,
15056,09/10/21 03:45:00,29.290,,,,,
15057,09/10/21 04:00:00,29.065,,,,,
15058,09/10/21 04:15:00,29.065,,,,,
15059,09/10/21 04:30:00,29.165,,,,,
15060,09/10/21 04:45:00,29.340,,,,,
15061,09/10/21 05:00:00,29.365,,,,,
15062,09/10/21 05:15:00,29.290,,,,,
15063,09/10/21 05:30:00,29.315,,,,,
15064,09/10/21 05:45:00,29.315,,,,,
15065,09/10/21 06:00:00,29.540,,,,,
15066,09/10/21 06:15:00,29.389,,,,,
15067,09/10/21 06:30:00,29.190,,,,,
15068,09/10/21 06:45:00,29.140,,,,,
15069,09/10/21 07:00:00,29.115,,,,,
15070,09/10/21 07:15:00,29.065,,,,,
15071,09/10/21 07:30:00,29.015,,,,,
15072,09/10/21 07:45:00,28.965,,,,,
15073,09/10/21 08:00:00,29.090,,,,,
15074,09/10/21 08:15:00,29.190,,,,,
15075,09/10/21 08:30:00,29.190,,,,,
15076,09/10/21 08:45:00,29.265,,,,,
15077,09/10/21 09:00:00,29.165,,,,,
15078,09/10/21 09:15:00,28.891,,,,,
15079,09/10/21 09:30:00,28.543,,,,,
15080,09/10/21 09:45:00,28.468,,,,,
15081,09/10/21 10:00:00,28.468,,,,,
15082,09/10/21 10:15:00,28.593,,,,,
15083,09/10/21 10:30:00,28.593,,,,,
15084,09/10/21 10:45:00,28.493,,,,,
15085,09/10/21 11:00:00,28.593,,,,,
15086,09/10/21 11:15:00,28.568,,,,,
15087,09/10/21 11:30:00,28.791,,,,,
15088,09/10/21 11:45:00,29.215,,,,,
15089,09/10/21 12:00:00,29.340,,,,,
15090,09/10/21 12:15:00,29.340,,,,,
15091,09/10/21 12:30:00,29.315,,,,,
15092,09/10/21 12:45:00,29.365,,,,,
15093,09/10/21 13:00:00,29.389,,,,,
15094,09/10/21 13:15:00,29.290,,,,,
15095,09/10/21 13:30:00,28.965,,,,,
15096,09/10/21 13:45:00,28.891,,,,,
15097,09/10/21 14:00:00,29.365,,,,,
15098,09/10/21 14:15:00,29.040,,,,,
15099,09/10/21 14:30:00,28.667,,,,,
15100,09/10/21 14:45:00,28.617,,,,,
15101,09/10/21 15:00:00,28.568,,,,,
15102,09/10/21 15:15:00,28.742,,,,,
15103,09/10/21 15:30:00,28.766,,,,,
15104,09/10/21 15:45:00,28.642,,,,,
15105,09/10/21 16:00:00,28.891,,,,,
15106,09/10/21 16:15:00,28.965,,,,,
15107,09/10/21 16:30:00,29.040,,,,,
15108,09/10/21 16:45:00,29.140,,,,,
15109,09/10/21 17:00:00,29.215,,,,,
15110,09/10/21 17:15:00,29.215,,,,,
15111,09/10/21 17:30:00,29.115,,,,,
15112,09/10/21 17:45:00,29.165,,,,,
15113,09/10/21 18:00:00,29.165,,,,,
15114,09/10/21 18:15:00,29.140,,,,,
15115,09/10/21 18:30:00,29.065,,,,,
15116,09/10/21 18:45:00,28.717,,,,,
15117,09/10/21 19:00:00,28.667,,,,,
15118,09/10/21 19:15:00,28.766,,,,,
15119,09/10/21 19:30:00,28.791,,,,,
15120,09/10/21 19:45:00,28.692,,,,,
15121,09/10/21 20:00:00,28.617,,,,,
15122,09/10/21 20:15:00,28.816,,,,,
15123,09/10/21 20:30:00,28.916,,,,,
15124,09/10/21 20:45:00,28.791,,,,,
15125,09/10/21 21:00:00,28.742,,,,,
15126,09/10/21 21:15:00,29.389,,,,,
15127,09/10/21 21:30:00,29.439,,,,,
15128,09/10/21 21:45:00,29.490,,,,,
15129,09/10/21 22:00:00,29.389,,,,,
15130,09/10/21 22:15:00,29.365,,,,,
15131,09/10/21 22:30:00,28.692,,,,,
15132,09/10/21 22:45:00,29.115,,,,,
15133,09/10/21 23:00:00,29.240,,,,,
15134,09/10/21 23:15:00,29.389,,,,,
15135,09/10/21 23:30:00,29.365,,,,,
15136,09/10/21 23:45:00,29.065,,,,,
15137,09/11/21 00:00:00,29.115,,,,,
15138,09/11/21 00:15:00,29.115,,,,,
15139,09/11/21 00:30:00,29.190,,,,,
15140,09/11/21 00:45:00,29.290,,,,,
15141,09/11/21 01:00:00,29.315,,,,,
15142,09/11/21 01:15:00,29.365,,,,,
15143,09/11/21 01:30:00,29.414,,,,,
15144,09/11/21 01:45:00,29.340,,,,,
15145,09/11/21 02:00:00,29.290,,,,,
15146,09/11/21 02:15:00,29.290,,,,,
15147,09/11/21 02:30:00,29.439,,,,,
15148,09/11/21 02:45:00,29.414,,,,,
15149,09/11/21 03:00:00,29.439,,,,,
15150,09/11/21 03:15:00,29.490,,,,,
15151,09/11/21 03:30:00,29.365,,,,,
15152,09/11/21 03:45:00,29.439,,,,,
15153,09/11/21 04:00:00,29.439,,,,,
15154,09/11/21 04:15:00,29.365,,,,,
15155,09/11/21 04:30:00,29.389,,,,,
15156,09/11/21 04:45:00,29.414,,,,,
15157,09/11/21 05:00:00,29.439,,,,,
15158,09/11/21 05:15:00,29.414,,,,,
15159,09/11/21 05:30:00,29.389,,,,,
15160,09/11/21 05:45:00,29.389,,,,,
15161,09/11/21 06:00:00,29.389,,,,,
15162,09/11/21 06:15:00,29.389,,,,,
15163,09/11/21 06:30:00,29.365,,,,,
15164,09/11/21 06:45:00,29.265,,,,,
15165,09/11/21 07:00:00,29.165,,,,,
15166,09/11/21 07:15:00,29.340,,,,,
15167,09/11/21 07:30:00,28.692,,,,,
15168,09/11/21 07:45:00,28.642,,,,,
15169,09/11/21 08:00:00,29.190,,,,,
15170,09/11/21 08:15:00,29.190,,,,,
15171,09/11/21 08:30:00,29.190,,,,,
15172,09/11/21 08:45:00,29.015,,,,,
15173,09/11/21 09:00:00,28.916,,,,,
15174,09/11/21 09:15:00,28.642,,,,,
15175,09/11/21 09:30:00,28.543,,,,,
15176,09/11/21 09:45:00,28.543,,,,,
15177,09/11/21 10:00:00,28.667,,,,,
15178,09/11/21 10:15:00,28.419,,,,,
15179,09/11/21 10:30:00,28.394,,,,,
15180,09/11/21 10:45:00,28.394,,,,,
15181,09/11/21 11:00:00,28.394,,,,,
15182,09/11/21 11:15:00,28.369,,,,,
15183,09/11/21 11:30:00,28.369,,,,,
15184,09/11/21 11:45:00,28.394,,,,,
15185,09/11/21 12:00:00,28.419,,,,,
15186,09/11/21 12:15:00,28.766,,,,,
15187,09/11/21 12:30:00,28.791,,,,,
15188,09/11/21 12:45:00,28.816,,,,,
15189,09/11/21 13:00:00,28.916,,,,,
15190,09/11/21 13:15:00,28.916,,,,,
15191,09/11/21 13:30:00,28.816,,,,,
15192,09/11/21 13:45:00,28.916,,,,,
15193,09/11/21 14:00:00,28.891,,,,,
15194,09/11/21 14:15:00,28.841,,,,,
15195,09/11/21 14:30:00,29.090,,,,,
15196,09/11/21 14:45:00,28.941,,,,,
15197,09/11/21 15:00:00,28.941,,,,,
15198,09/11/21 15:15:00,28.965,,,,,
15199,09/11/21 15:30:00,29.015,,,,,
15200,09/11/21 15:45:00,29.015,,,,,
15201,09/11/21 16:00:00,29.065,,,,,
15202,09/11/21 16:15:00,29.040,,,,,
15203,09/11/21 16:30:00,29.065,,,,,
15204,09/11/21 16:45:00,29.065,,,,,
15205,09/11/21 17:00:00,29.065,,,,,
15206,09/11/21 17:15:00,29.015,,,,,
15207,09/11/21 17:30:00,29.040,,,,,
15208,09/11/21 17:45:00,29.140,,,,,
15209,09/11/21 18:00:00,29.165,,,,,
15210,09/11/21 18:15:00,29.265,,,,,
15211,09/11/21 18:30:00,29.340,,,,,
15212,09/11/21 18:45:00,29.315,,,,,
15213,09/11/21 19:00:00,29.315,,,,,
15214,09/11/21 19:15:00,29.290,,,,,
15215,09/11/21 19:30:00,29.115,,,,,
15216,09/11/21 19:45:00,29.090,,,,,
15217,09/11/21 20:00:00,29.115,,,,,
15218,09/11/21 20:15:00,29.090,,,,,
15219,09/11/21 20:30:00,29.015,,,,,
15220,09/11/21 20:45:00,28.941,,,,,
15221,09/11/21 21:00:00,28.692,,,,,
15222,09/11/21 21:15:00,28.965,,,,,
15223,09/11/21 21:30:00,29.015,,,,,
15224,09/11/21 21:45:00,29.040,,,,,
15225,09/11/21 22:00:00,29.040,,,,,
15226,09/11/21 22:15:00,29.065,,,,,
15227,09/11/21 22:30:00,29.065,,,,,
15228,09/11/21 22:45:00,28.941,,,,,
15229,09/11/21 23:00:00,28.916,,,,,
15230,09/11/21 23:15:00,29.165,,,,,
15231,09/11/21 23:30:00,29.115,,,,,
15232,09/11/21 23:45:00,29.165,,,,,
15233,09/12/21 00:00:00,29.290,,,,,
15234,09/12/21 00:15:00,29.315,,,,,
15235,09/12/21 00:30:00,29.340,,,,,
15236,09/12/21 00:45:00,29.340,,,,,
15237,09/12/21 01:00:00,29.340,,,,,
15238,09/12/21 01:15:00,29.365,,,,,
15239,09/12/21 01:30:00,29.365,,,,,
15240,09/12/21 01:45:00,29.389,,,,,
15241,09/12/21 02:00:00,29.389,,,,,
15242,09/12/21 02:15:00,29.389,,,,,
15243,09/12/21 02:30:00,29.414,,,,,
15244,09/12/21 02:45:00,29.414,,,,,
15245,09/12/21 03:00:00,29.340,,,,,
15246,09/12/21 03:15:00,29.340,,,,,
15247,09/12/21 03:30:00,29.215,,,,,
15248,09/12/21 03:45:00,29.340,,,,,
15249,09/12/21 04:00:00,29.389,,,,,
15250,09/12/21 04:15:00,29.389,,,,,
15251,09/12/21 04:30:00,29.340,,,,,
15252,09/12/21 04:45:00,29.315,,,,,
15253,09/12/21 05:00:00,29.365,,,,,
15254,09/12/21 05:15:00,29.389,,,,,
15255,09/12/21 05:30:00,29.389,,,,,
15256,09/12/21 05:45:00,29.315,,,,,
15257,09/12/21 06:00:00,29.215,,,,,
15258,09/12/21 06:15:00,29.315,,,,,
15259,09/12/21 06:30:00,29.340,,,,,
15260,09/12/21 06:45:00,29.365,,,,,
15261,09/12/21 07:00:00,29.315,,,,,
15262,09/12/21 07:15:00,29.190,,,,,
15263,09/12/21 07:30:00,29.090,,,,,
15264,09/12/21 07:45:00,28.891,,,,,
15265,09/12/21 08:00:00,28.841,,,,,
15266,09/12/21 08:15:00,29.015,,,,,
15267,09/12/21 08:30:00,29.065,,,,,
15268,09/12/21 08:45:00,28.916,,,,,
15269,09/12/21 09:00:00,28.941,,,,,
15270,09/12/21 09:15:00,28.791,,,,,
15271,09/12/21 09:30:00,28.841,,,,,
15272,09/12/21 09:45:00,28.965,,,,,
15273,09/12/21 10:00:00,29.040,,,,,
15274,09/12/21 10:15:00,29.040,,,,,
15275,09/12/21 10:30:00,28.642,,,,,
15276,09/12/21 10:45:00,28.617,,,,,
15277,09/12/21 11:00:00,28.568,,,,,
15278,09/12/21 11:15:00,28.543,,,,,
15279,09/12/21 11:30:00,28.568,,,,,
15280,09/12/21 11:45:00,28.617,,,,,
15281,09/12/21 12:00:00,28.642,,,,,
15282,09/12/21 12:15:00,28.717,,,,,
15283,09/12/21 12:30:00,28.692,,,,,
15284,09/12/21 12:45:00,28.593,,,,,
15285,09/12/21 13:00:00,28.692,,,,,
15286,09/12/21 13:15:00,28.841,,,,,
15287,09/12/21 13:30:00,28.916,,,,,
15288,09/12/21 13:45:00,28.990,,,,,
15289,09/12/21 14:00:00,29.115,,,,,
15290,09/12/21 14:15:00,29.090,,,,,
15291,09/12/21 14:30:00,29.190,,,,,
15292,09/12/21 14:45:00,28.916,,,,,
15293,09/12/21 15:00:00,28.990,,,,,
15294,09/12/21 15:15:00,29.090,,,,,
15295,09/12/21 15:30:00,29.190,,,,,
15296,09/12/21 15:45:00,29.290,,,,,
15297,09/12/21 16:00:00,29.315,,,,,
15298,09/12/21 16:15:00,29.340,,,,,
15299,09/12/21 16:30:00,29.315,,,,,
15300,09/12/21 16:45:00,29.290,,,,,
15301,09/12/21 17:00:00,29.315,,,,,
15302,09/12/21 17:15:00,29.290,,,,,
15303,09/12/21 17:30:00,29.290,,,,,
15304,09/12/21 17:45:00,29.365,,,,,
15305,09/12/21 18:00:00,29.389,,,,,
15306,09/12/21 18:15:00,29.439,,,,,
15307,09/12/21 18:30:00,29.414,,,,,
15308,09/12/21 18:45:00,29.490,,,,,
15309,09/12/21 19:00:00,29.515,,,,,
15310,09/12/21 19:15:00,29.540,,,,,
15311,09/12/21 19:30:00,29.565,,,,,
15312,09/12/21 19:45:00,29.540,,,,,
15313,09/12/21 20:00:00,29.515,,,,,
15314,09/12/21 20:15:00,29.540,,,,,
15315,09/12/21 20:30:00,29.540,,,,,
15316,09/12/21 20:45:00,29.439,,,,,
15317,09/12/21 21:00:00,29.340,,,,,
15318,09/12/21 21:15:00,29.340,,,,,
15319,09/12/21 21:30:00,29.340,,,,,
15320,09/12/21 21:45:00,28.990,,,,,
15321,09/12/21 22:00:00,29.365,,,,,
15322,09/12/21 22:15:00,29.490,,,,,
15323,09/12/21 22:30:00,29.464,,,,,
15324,09/12/21 22:45:00,29.389,,,,,
15325,09/12/21 23:00:00,29.389,,,,,
15326,09/12/21 23:15:00,29.414,,,,,
15327,09/12/21 23:30:00,29.464,,,,,
15328,09/12/21 23:45:00,29.640,,,,,
15329,09/13/21 00:00:00,29.490,,,,,
15330,09/13/21 00:15:00,29.590,,,,,
15331,09/13/21 00:30:00,29.615,,,,,
15332,09/13/21 00:45:00,29.590,,,,,
15333,09/13/21 01:00:00,29.615,,,,,
15334,09/13/21 01:15:00,29.565,,,,,
15335,09/13/21 01:30:00,29.565,,,,,
15336,09/13/21 01:45:00,29.565,,,,,
15337,09/13/21 02:00:00,29.590,,,,,
15338,09/13/21 02:15:00,29.590,,,,,
15339,09/13/21 02:30:00,29.590,,,,,
15340,09/13/21 02:45:00,29.565,,,,,
15341,09/13/21 03:00:00,29.565,,,,,
15342,09/13/21 03:15:00,29.590,,,,,
15343,09/13/21 03:30:00,29.565,,,,,
15344,09/13/21 03:45:00,29.540,,,,,
15345,09/13/21 04:00:00,29.515,,,,,
15346,09/13/21 04:15:00,29.540,,,,,
15347,09/13/21 04:30:00,29.540,,,,,
15348,09/13/21 04:45:00,29.515,,,,,
15349,09/13/21 05:00:00,29.515,,,,,
15350,09/13/21 05:15:00,29.515,,,,,
15351,09/13/21 05:30:00,29.490,,,,,
15352,09/13/21 05:45:00,29.490,,,,,
15353,09/13/21 06:00:00,29.490,,,,,
15354,09/13/21 06:15:00,29.490,,,,,
15355,09/13/21 06:30:00,29.490,,,,,
15356,09/13/21 06:45:00,29.490,,,,,
15357,09/13/21 07:00:00,29.490,,,,,
15358,09/13/21 07:15:00,29.490,,,,,
15359,09/13/21 07:30:00,29.490,,,,,
15360,09/13/21 07:45:00,29.490,,,,,
15361,09/13/21 08:00:00,29.490,,,,,
15362,09/13/21 08:15:00,29.490,,,,,
15363,09/13/21 08:30:00,29.490,,,,,
15364,09/13/21 08:45:00,29.490,,,,,
15365,09/13/21 09:00:00,29.464,,,,,
15366,09/13/21 09:15:00,29.115,,,,,
15367,09/13/21 09:30:00,29.090,,,,,
15368,09/13/21 09:45:00,28.990,,,,,
15369,09/13/21 10:00:00,28.816,,,,,
15370,09/13/21 10:15:00,28.941,,,,,
15371,09/13/21 10:30:00,28.965,,,,,
15372,09/13/21 10:45:00,28.841,,,,,
15373,09/13/21 11:00:00,28.766,,,,,
15374,09/13/21 11:15:00,28.766,,,,,
15375,09/13/21 11:30:00,28.791,,,,,
15376,09/13/21 11:45:00,28.692,,,,,
15377,09/13/21 12:00:00,28.642,,,,,
15378,09/13/21 12:15:00,28.617,,,,,
15379,09/13/21 12:30:00,28.667,,,,,
15380,09/13/21 12:45:00,28.617,,,,,
15381,09/13/21 13:00:00,28.717,,,,,
15382,09/13/21 13:15:00,28.692,,,,,
15383,09/13/21 13:30:00,28.617,,,,,
15384,09/13/21 13:45:00,28.642,,,,,
15385,09/13/21 14:00:00,28.791,,,,,
15386,09/13/21 14:15:00,29.015,,,,,
15387,09/13/21 14:30:00,29.290,,,,,
15388,09/13/21 14:45:00,29.290,,,,,
15389,09/13/21 15:00:00,29.015,,,,,
15390,09/13/21 15:15:00,28.965,,,,,
15391,09/13/21 15:30:00,29.215,,,,,
15392,09/13/21 15:45:00,29.315,,,,,
15393,09/13/21 16:00:00,28.891,,,,,
15394,09/13/21 16:15:00,28.642,,,,,
15395,09/13/21 16:30:00,28.617,,,,,
15396,09/13/21 16:45:00,28.543,,,,,
15397,09/13/21 17:00:00,28.667,,,,,
15398,09/13/21 17:15:00,28.816,,,,,
15399,09/13/21 17:30:00,28.816,,,,,
15400,09/13/21 17:45:00,28.941,,,,,
15401,09/13/21 18:00:00,28.941,,,,,
15402,09/13/21 18:15:00,28.916,,,,,
15403,09/13/21 18:30:00,29.115,,,,,
15404,09/13/21 18:45:00,29.065,,,,,
15405,09/13/21 19:00:00,29.015,,,,,
15406,09/13/21 19:15:00,29.215,,,,,
15407,09/13/21 19:30:00,28.916,,,,,
15408,09/13/21 19:45:00,28.916,,,,,
15409,09/13/21 20:00:00,28.941,,,,,
15410,09/13/21 20:15:00,28.916,,,,,
15411,09/13/21 20:30:00,28.990,,,,,
15412,09/13/21 20:45:00,29.015,,,,,
15413,09/13/21 21:00:00,28.916,,,,,
15414,09/13/21 21:15:00,28.841,,,,,
15415,09/13/21 21:30:00,28.916,,,,,
15416,09/13/21 21:45:00,28.941,,,,,
15417,09/13/21 22:00:00,29.015,,,,,
15418,09/13/21 22:15:00,28.816,,,,,
15419,09/13/21 22:30:00,28.990,,,,,
15420,09/13/21 22:45:00,29.140,,,,,
15421,09/13/21 23:00:00,29.115,,,,,
15422,09/13/21 23:15:00,29.140,,,,,
15423,09/13/21 23:30:00,29.290,,,,,
15424,09/13/21 23:45:00,29.464,,,,,
15425,09/14/21 00:00:00,29.389,,,,,
15426,09/14/21 00:15:00,29.340,,,,,
15427,09/14/21 00:30:00,29.414,,,,,
15428,09/14/21 00:45:00,29.414,,,,,
15429,09/14/21 01:00:00,29.414,,,,,
15430,09/14/21 01:15:00,29.414,,,,,
15431,09/14/21 01:30:00,29.439,,,,,
15432,09/14/21 01:45:00,29.439,,,,,
15433,09/14/21 02:00:00,29.464,,,,,
15434,09/14/21 02:15:00,29.490,,,,,
15435,09/14/21 02:30:00,29.490,,,,,
15436,09/14/21 02:45:00,29.515,,,,,
15437,09/14/21 03:00:00,29.515,,,,,
15438,09/14/21 03:15:00,29.540,,,,,
15439,09/14/21 03:30:00,29.515,,,,,
15440,09/14/21 03:45:00,29.515,,,,,
15441,09/14/21 04:00:00,29.490,,,,,
15442,09/14/21 04:15:00,29.490,,,,,
15443,09/14/21 04:30:00,29.490,,,,,
15444,09/14/21 04:45:00,29.464,,,,,
15445,09/14/21 05:00:00,29.414,,,,,
15446,09/14/21 05:15:00,29.414,,,,,
15447,09/14/21 05:30:00,29.464,,,,,
15448,09/14/21 05:45:00,29.515,,,,,
15449,09/14/21 06:00:00,29.515,,,,,
15450,09/14/21 06:15:00,29.540,,,,,
15451,09/14/21 06:30:00,29.540,,,,,
15452,09/14/21 06:45:00,29.540,,,,,
15453,09/14/21 07:00:00,29.565,,,,,
15454,09/14/21 07:15:00,29.565,,,,,
15455,09/14/21 07:30:00,29.565,,,,,
15456,09/14/21 07:45:00,29.565,,,,,
15457,09/14/21 08:00:00,29.590,,,,,
15458,09/14/21 08:15:00,29.590,,,,,
15459,09/14/21 08:30:00,29.540,,,,,
15460,09/14/21 08:45:00,29.140,,,,,
15461,09/14/21 09:00:00,29.340,,,,,
15462,09/14/21 09:15:00,28.916,,,,,
15463,09/14/21 09:30:00,28.742,,,,,
15464,09/14/21 09:45:00,28.518,,,,,
15465,09/14/21 10:00:00,28.543,,,,,
15466,09/14/21 10:15:00,28.568,,,,,
15467,09/14/21 10:30:00,28.468,,,,,
15468,09/14/21 10:45:00,28.518,,,,,
15469,09/14/21 11:00:00,28.468,,,,,
15470,09/14/21 11:15:00,28.568,,,,,
15471,09/14/21 11:30:00,28.667,,,,,
15472,09/14/21 11:45:00,28.667,,,,,
15473,09/14/21 12:00:00,28.816,,,,,
15474,09/14/21 12:15:00,28.816,,,,,
15475,09/14/21 12:30:00,28.866,,,,,
15476,09/14/21 12:45:00,28.866,,,,,
15477,09/14/21 13:00:00,28.866,,,,,
15478,09/14/21 13:15:00,28.891,,,,,
15479,09/14/21 13:30:00,28.891,,,,,
15480,09/14/21 13:45:00,28.841,,,,,
15481,09/14/21 14:00:00,29.040,,,,,
15482,09/14/21 14:15:00,29.290,,,,,
15483,09/14/21 14:30:00,29.365,,,,,
15484,09/14/21 14:45:00,29.389,,,,,
15485,09/14/21 15:00:00,29.414,,,,,
15486,09/14/21 15:15:00,29.439,,,,,
15487,09/14/21 15:30:00,29.540,,,,,
15488,09/14/21 15:45:00,29.515,,,,,
15489,09/14/21 16:00:00,29.414,,,,,
15490,09/14/21 16:15:00,29.340,,,,,
15491,09/14/21 16:30:00,29.414,,,,,
15492,09/14/21 16:45:00,29.414,,,,,
15493,09/14/21 17:00:00,29.365,,,,,
15494,09/14/21 17:15:00,29.240,,,,,
15495,09/14/21 17:30:00,29.265,,,,,
15496,09/14/21 17:45:00,29.389,,,,,
15497,09/14/21 18:00:00,29.464,,,,,
15498,09/14/21 18:15:00,29.464,,,,,
15499,09/14/21 18:30:00,29.439,,,,,
15500,09/14/21 18:45:00,29.439,,,,,
15501,09/14/21 19:00:00,29.540,,,,,
15502,09/14/21 19:15:00,29.540,,,,,
15503,09/14/21 19:30:00,29.565,,,,,
15504,09/14/21 19:45:00,29.590,,,,,
15505,09/14/21 20:00:00,29.590,,,,,
15506,09/14/21 20:15:00,29.590,,,,,
15507,09/14/21 20:30:00,29.590,,,,,
15508,09/14/21 20:45:00,29.515,,,,,
15509,09/14/21 21:00:00,29.565,,,,,
15510,09/14/21 21:15:00,29.540,,,,,
15511,09/14/21 21:30:00,29.290,,,,,
15512,09/14/21 21:45:00,29.315,,,,,
15513,09/14/21 22:00:00,29.565,,,,,
15514,09/14/21 22:15:00,29.615,,,,,
15515,09/14/21 22:30:00,29.615,,,,,
15516,09/14/21 22:45:00,29.590,,,,,
15517,09/14/21 23:00:00,29.590,,,,,
15518,09/14/21 23:15:00,29.615,,,,,
15519,09/14/21 23:30:00,29.615,,,,,
15520,09/14/21 23:45:00,29.490,,,,,
15521,09/15/21 00:00:00,29.540,,,,,
15522,09/15/21 00:15:00,29.190,,,,,
15523,09/15/21 00:30:00,29.439,,,,,
15524,09/15/21 00:45:00,29.490,,,,,
15525,09/15/21 01:00:00,29.540,,,,,
15526,09/15/21 01:15:00,29.540,,,,,
15527,09/15/21 01:30:00,29.565,,,,,
15528,09/15/21 01:45:00,29.590,,,,,
15529,09/15/21 02:00:00,29.615,,,,,
15530,09/15/21 02:15:00,29.615,,,,,
15531,09/15/21 02:30:00,29.640,,,,,
15532,09/15/21 02:45:00,29.640,,,,,
15533,09/15/21 03:00:00,29.640,,,,,
15534,09/15/21 03:15:00,29.615,,,,,
15535,09/15/21 03:30:00,29.640,,,,,
15536,09/15/21 03:45:00,29.665,,,,,
15537,09/15/21 04:00:00,29.665,,,,,
15538,09/15/21 04:15:00,29.615,,,,,
15539,09/15/21 04:30:00,29.665,,,,,
15540,09/15/21 04:45:00,29.540,,,,,
15541,09/15/21 05:00:00,29.565,,,,,
15542,09/15/21 05:15:00,29.590,,,,,
15543,09/15/21 05:30:00,29.565,,,,,
15544,09/15/21 05:45:00,29.590,,,,,
15545,09/15/21 06:00:00,29.565,,,,,
15546,09/15/21 06:15:00,29.565,,,,,
15547,09/15/21 06:30:00,29.565,,,,,
15548,09/15/21 06:45:00,29.565,,,,,
15549,09/15/21 07:00:00,29.590,,,,,
15550,09/15/21 07:15:00,29.590,,,,,
15551,09/15/21 07:30:00,29.590,,,,,
15552,09/15/21 07:45:00,29.590,,,,,
15553,09/15/21 08:00:00,29.590,,,,,
15554,09/15/21 08:15:00,29.615,,,,,
15555,09/15/21 08:30:00,29.490,,,,,
15556,09/15/21 08:45:00,29.540,,,,,
15557,09/15/21 09:00:00,28.816,,,,,
15558,09/15/21 09:15:00,29.115,,,,,
15559,09/15/21 09:30:00,28.742,,,,,
15560,09/15/21 09:45:00,28.518,,,,,
15561,09/15/21 10:00:00,28.468,,,,,
15562,09/15/21 10:15:00,28.468,,,,,
15563,09/15/21 10:30:00,28.320,,,,,
15564,09/15/21 10:45:00,28.196,,,,,
15565,09/15/21 11:00:00,28.122,,,,,
15566,09/15/21 11:15:00,28.196,,,,,
15567,09/15/21 11:30:00,28.493,,,,,
15568,09/15/21 11:45:00,28.493,,,,,
15569,09/15/21 12:00:00,28.518,,,,,
15570,09/15/21 12:15:00,28.568,,,,,
15571,09/15/21 12:30:00,28.617,,,,,
15572,09/15/21 12:45:00,28.468,,,,,
15573,09/15/21 13:00:00,28.419,,,,,
15574,09/15/21 13:15:00,28.468,,,,,
15575,09/15/21 13:30:00,28.345,,,,,
15576,09/15/21 13:45:00,28.295,,,,,
15577,09/15/21 14:00:00,28.345,,,,,
15578,09/15/21 14:15:00,28.245,,,,,
15579,09/15/21 14:30:00,28.221,,,,,
15580,09/15/21 14:45:00,28.245,,,,,
15581,09/15/21 15:00:00,28.543,,,,,
15582,09/15/21 15:15:00,28.468,,,,,
15583,09/15/21 15:30:00,28.990,,,,,
15584,09/15/21 15:45:00,29.315,,,,,
15585,09/15/21 16:00:00,29.365,,,,,
15586,09/15/21 16:15:00,29.240,,,,,
15587,09/15/21 16:30:00,29.265,,,,,
15588,09/15/21 16:45:00,29.115,,,,,
15589,09/15/21 17:00:00,28.916,,,,,
15590,09/15/21 17:15:00,29.315,,,,,
15591,09/15/21 17:30:00,29.590,,,,,
15592,09/15/21 17:45:00,29.590,,,,,
15593,09/15/21 18:00:00,29.315,,,,,
15594,09/15/21 18:15:00,28.791,,,,,
15595,09/15/21 18:30:00,29.165,,,,,
15596,09/15/21 18:45:00,29.490,,,,,
15597,09/15/21 19:00:00,29.615,,,,,
15598,09/15/21 19:15:00,29.640,,,,,
15599,09/15/21 19:30:00,29.640,,,,,
15600,09/15/21 19:45:00,29.640,,,,,
15601,09/15/21 20:00:00,29.640,,,,,
15602,09/15/21 20:15:00,29.665,,,,,
15603,09/15/21 20:30:00,29.665,,,,,
15604,09/15/21 20:45:00,29.665,,,,,
15605,09/15/21 21:00:00,29.665,,,,,
15606,09/15/21 21:15:00,29.615,,,,,
15607,09/15/21 21:30:00,29.490,,,,,
15608,09/15/21 21:45:00,29.615,,,,,
15609,09/15/21 22:00:00,29.615,,,,,
15610,09/15/21 22:15:00,29.414,,,,,
15611,09/15/21 22:30:00,29.315,,,,,
15612,09/15/21 22:45:00,29.040,,,,,
15613,09/15/21 23:00:00,29.414,,,,,
15614,09/15/21 23:15:00,29.540,,,,,
15615,09/15/21 23:30:00,29.414,,,,,
15616,09/15/21 23:45:00,29.590,,,,,
15617,09/16/21 00:00:00,29.590,,,,,
15618,09/16/21 00:15:00,29.615,,,,,
15619,09/16/21 00:30:00,29.640,,,,,
15620,09/16/21 00:45:00,29.615,,,,,
15621,09/16/21 01:00:00,29.615,,,,,
15622,09/16/21 01:15:00,29.640,,,,,
15623,09/16/21 01:30:00,29.340,,,,,
15624,09/16/21 01:45:00,29.365,,,,,
15625,09/16/21 02:00:00,29.365,,,,,
15626,09/16/21 02:15:00,29.240,,,,,
15627,09/16/21 02:30:00,29.315,,,,,
15628,09/16/21 02:45:00,29.215,,,,,
15629,09/16/21 03:00:00,29.140,,,,,
15630,09/16/21 03:15:00,29.340,,,,,
15631,09/16/21 03:30:00,29.464,,,,,
15632,09/16/21 03:45:00,29.365,,,,,
15633,09/16/21 04:00:00,29.540,,,,,
15634,09/16/21 04:15:00,29.565,,,,,
15635,09/16/21 04:30:00,29.565,,,,,
15636,09/16/21 04:45:00,29.565,,,,,
15637,09/16/21 05:00:00,29.540,,,,,
15638,09/16/21 05:15:00,29.540,,,,,
15639,09/16/21 05:30:00,29.515,,,,,
15640,09/16/21 05:45:00,29.515,,,,,
15641,09/16/21 06:00:00,29.464,,,,,
15642,09/16/21 06:15:00,29.515,,,,,
15643,09/16/21 06:30:00,29.490,,,,,
15644,09/16/21 06:45:00,29.490,,,,,
15645,09/16/21 07:00:00,29.490,,,,,
15646,09/16/21 07:15:00,29.389,,,,,
15647,09/16/21 07:30:00,29.464,,,,,
15648,09/16/21 07:45:00,29.540,,,,,
15649,09/16/21 08:00:00,29.515,,,,,
15650,09/16/21 08:15:00,29.515,,,,,
15651,09/16/21 08:30:00,29.515,,,,,
15652,09/16/21 08:45:00,29.515,,,,,
15653,09/16/21 09:00:00,29.515,,,,,
15654,09/16/21 09:15:00,29.490,,,,,
15655,09/16/21 09:30:00,29.365,,,,,
15656,09/16/21 09:45:00,29.365,,,,,
15657,09/16/21 10:00:00,29.115,,,,,
15658,09/16/21 10:15:00,29.140,,,,,
15659,09/16/21 10:30:00,29.115,,,,,
15660,09/16/21 10:45:00,29.090,,,,,
15661,09/16/21 11:00:00,28.891,,,,,
15662,09/16/21 11:15:00,28.841,,,,,
15663,09/16/21 11:30:00,28.841,,,,,
15664,09/16/21 11:45:00,28.866,,,,,
15665,09/16/21 12:00:00,28.593,,,,,
15666,09/16/21 12:15:00,28.593,,,,,
15667,09/16/21 12:30:00,28.493,,,,,
15668,09/16/21 12:45:00,28.493,,,,,
15669,09/16/21 13:00:00,28.171,,,,,
15670,09/16/21 13:15:00,28.221,,,,,
15671,09/16/21 13:30:00,28.270,,,,,
15672,09/16/21 13:45:00,28.295,,,,,
15673,09/16/21 14:00:00,28.295,,,,,
15674,09/16/21 14:15:00,28.270,,,,,
15675,09/16/21 14:30:00,28.320,,,,,
15676,09/16/21 14:45:00,28.345,,,,,
15677,09/16/21 15:00:00,28.345,,,,,
15678,09/16/21 15:15:00,28.345,,,,,
15679,09/16/21 15:30:00,28.369,,,,,
15680,09/16/21 15:45:00,28.593,,,,,
15681,09/16/21 16:00:00,28.742,,,,,
15682,09/16/21 16:15:00,28.791,,,,,
15683,09/16/21 16:30:00,28.816,,,,,
15684,09/16/21 16:45:00,28.742,,,,,
15685,09/16/21 17:00:00,28.692,,,,,
15686,09/16/21 17:15:00,28.617,,,,,
15687,09/16/21 17:30:00,28.593,,,,,
15688,09/16/21 17:45:00,28.593,,,,,
15689,09/16/21 18:00:00,28.543,,,,,
15690,09/16/21 18:15:00,28.493,,,,,
15691,09/16/21 18:30:00,28.444,,,,,
15692,09/16/21 18:45:00,28.518,,,,,
15693,09/16/21 19:00:00,28.543,,,,,
15694,09/16/21 19:15:00,28.568,,,,,
15695,09/16/21 19:30:00,28.568,,,,,
15696,09/16/21 19:45:00,28.593,,,,,
15697,09/16/21 20:00:00,28.667,,,,,
15698,09/16/21 20:15:00,28.916,,,,,
15699,09/16/21 20:30:00,29.240,,,,,
15700,09/16/21 20:45:00,29.290,,,,,
15701,09/16/21 21:00:00,29.265,,,,,
15702,09/16/21 21:15:00,29.290,,,,,
15703,09/16/21 21:30:00,28.816,,,,,
15704,09/16/21 21:45:00,28.692,,,,,
15705,09/16/21 22:00:00,29.090,,,,,
15706,09/16/21 22:15:00,28.791,,,,,
15707,09/16/21 22:30:00,28.667,,,,,
15708,09/16/21 22:45:00,29.290,,,,,
15709,09/16/21 23:00:00,28.816,,,,,
15710,09/16/21 23:15:00,28.667,,,,,
15711,09/16/21 23:30:00,28.791,,,,,
15712,09/16/21 23:45:00,28.791,,,,,
15713,09/17/21 00:00:00,28.841,,,,,
15714,09/17/21 00:15:00,28.866,,,,,
15715,09/17/21 00:30:00,28.916,,,,,
15716,09/17/21 00:45:00,29.340,,,,,
15717,09/17/21 01:00:00,29.590,,,,,
15718,09/17/21 01:15:00,29.590,,,,,
15719,09/17/21 01:30:00,29.590,,,,,
15720,09/17/21 01:45:00,29.590,,,,,
15721,09/17/21 02:00:00,29.590,,,,,
15722,09/17/21 02:15:00,29.590,,,,,
15723,09/17/21 02:30:00,29.590,,,,,
15724,09/17/21 02:45:00,29.615,,,,,
15725,09/17/21 03:00:00,29.590,,,,,
15726,09/17/21 03:15:00,29.590,,,,,
15727,09/17/21 03:30:00,29.590,,,,,
15728,09/17/21 03:45:00,28.990,,,,,
15729,09/17/21 04:00:00,29.490,,,,,
15730,09/17/21 04:15:00,29.590,,,,,
15731,09/17/21 04:30:00,29.590,,,,,
15732,09/17/21 04:45:00,29.615,,,,,
15733,09/17/21 05:00:00,29.590,,,,,
15734,09/17/21 05:15:00,28.990,,,,,
15735,09/17/21 05:30:00,29.414,,,,,
15736,09/17/21 05:45:00,29.565,,,,,
15737,09/17/21 06:00:00,29.490,,,,,
15738,09/17/21 06:15:00,29.540,,,,,
15739,09/17/21 06:30:00,29.290,,,,,
15740,09/17/21 06:45:00,29.215,,,,,
15741,09/17/21 07:00:00,29.015,,,,,
15742,09/17/21 07:15:00,29.540,,,,,
15743,09/17/21 07:30:00,29.615,,,,,
15744,09/17/21 07:45:00,29.615,,,,,
15745,09/17/21 08:00:00,29.615,,,,,
15746,09/17/21 08:15:00,29.615,,,,,
15747,09/17/21 08:30:00,29.565,,,,,
15748,09/17/21 08:45:00,29.590,,,,,
15749,09/17/21 09:00:00,29.215,,,,,
15750,09/17/21 09:15:00,29.215,,,,,
15751,09/17/21 09:30:00,29.389,,,,,
15752,09/17/21 09:45:00,29.190,,,,,
15753,09/17/21 10:00:00,29.190,,,,,
15754,09/17/21 10:15:00,29.165,,,,,
15755,09/17/21 10:30:00,29.140,,,,,
15756,09/17/21 10:45:00,28.941,,,,,
15757,09/17/21 11:00:00,28.791,,,,,
15758,09/17/21 11:15:00,28.717,,,,,
15759,09/17/21 11:30:00,28.742,,,,,
15760,09/17/21 11:45:00,28.518,,,,,
15761,09/17/21 12:00:00,28.419,,,,,
15762,09/17/21 12:15:00,28.345,,,,,
15763,09/17/21 12:30:00,28.444,,,,,
15764,09/17/21 12:45:00,28.419,,,,,
15765,09/17/21 13:00:00,28.419,,,,,
15766,09/17/21 13:15:00,28.468,,,,,
15767,09/17/21 13:30:00,28.518,,,,,
15768,09/17/21 13:45:00,28.568,,,,,
15769,09/17/21 14:00:00,28.543,,,,,
15770,09/17/21 14:15:00,28.543,,,,,
15771,09/17/21 14:30:00,28.568,,,,,
15772,09/17/21 14:45:00,28.493,,,,,
15773,09/17/21 15:00:00,28.468,,,,,
15774,09/17/21 15:15:00,28.444,,,,,
15775,09/17/21 15:30:00,28.468,,,,,
15776,09/17/21 15:45:00,28.493,,,,,
15777,09/17/21 16:00:00,28.593,,,,,
15778,09/17/21 16:15:00,28.667,,,,,
15779,09/17/21 16:30:00,28.617,,,,,
15780,09/17/21 16:45:00,28.692,,,,,
15781,09/17/21 17:00:00,28.617,,,,,
15782,09/17/21 17:15:00,28.568,,,,,
15783,09/17/21 17:30:00,28.617,,,,,
15784,09/17/21 17:45:00,28.642,,,,,
15785,09/17/21 18:00:00,28.667,,,,,
15786,09/17/21 18:15:00,28.692,,,,,
15787,09/17/21 18:30:00,28.692,,,,,
15788,09/17/21 18:45:00,28.717,,,,,
15789,09/17/21 19:00:00,28.717,,,,,
15790,09/17/21 19:15:00,28.742,,,,,
15791,09/17/21 19:30:00,28.742,,,,,
15792,09/17/21 19:45:00,28.742,,,,,
15793,09/17/21 20:00:00,28.742,,,,,
15794,09/17/21 20:15:00,28.791,,,,,
15795,09/17/21 20:30:00,28.866,,,,,
15796,09/17/21 20:45:00,28.816,,,,,
15797,09/17/21 21:00:00,28.941,,,,,
15798,09/17/21 21:15:00,29.040,,,,,
15799,09/17/21 21:30:00,28.965,,,,,
15800,09/17/21 21:45:00,29.290,,,,,
15801,09/17/21 22:00:00,29.340,,,,,
15802,09/17/21 22:15:00,29.389,,,,,
15803,09/17/21 22:30:00,29.389,,,,,
15804,09/17/21 22:45:00,29.464,,,,,
15805,09/17/21 23:00:00,29.414,,,,,
15806,09/17/21 23:15:00,29.439,,,,,
15807,09/17/21 23:30:00,29.439,,,,,
15808,09/17/21 23:45:00,29.565,,,,,
15809,09/18/21 00:00:00,29.439,,,,,
15810,09/18/21 00:15:00,29.414,,,,,
15811,09/18/21 00:30:00,29.315,,,,,
15812,09/18/21 00:45:00,29.365,,,,,
15813,09/18/21 01:00:00,29.490,,,,,
15814,09/18/21 01:15:00,29.565,,,,,
15815,09/18/21 01:30:00,29.515,,,,,
15816,09/18/21 01:45:00,29.540,,,,,
15817,09/18/21 02:00:00,29.590,,,,,
15818,09/18/21 02:15:00,29.590,,,,,
15819,09/18/21 02:30:00,29.590,,,,,
15820,09/18/21 02:45:00,29.565,,,,,
15821,09/18/21 03:00:00,29.439,,,,,
15822,09/18/21 03:15:00,29.340,,,,,
15823,09/18/21 03:30:00,29.340,,,,,
15824,09/18/21 03:45:00,29.290,,,,,
15825,09/18/21 04:00:00,29.414,,,,,
15826,09/18/21 04:15:00,29.515,,,,,
15827,09/18/21 04:30:00,29.615,,,,,
15828,09/18/21 04:45:00,29.540,,,,,
15829,09/18/21 05:00:00,29.365,,,,,
15830,09/18/21 05:15:00,29.490,,,,,
15831,09/18/21 05:30:00,29.540,,,,,
15832,09/18/21 05:45:00,29.540,,,,,
15833,09/18/21 06:00:00,29.540,,,,,
15834,09/18/21 06:15:00,29.365,,,,,
15835,09/18/21 06:30:00,29.165,,,,,
15836,09/18/21 06:45:00,29.315,,,,,
15837,09/18/21 07:00:00,29.190,,,,,
15838,09/18/21 07:15:00,29.315,,,,,
15839,09/18/21 07:30:00,29.340,,,,,
15840,09/18/21 07:45:00,29.065,,,,,
15841,09/18/21 08:00:00,28.965,,,,,
15842,09/18/21 08:15:00,28.916,,,,,
15843,09/18/21 08:30:00,28.990,,,,,
15844,09/18/21 08:45:00,29.090,,,,,
15845,09/18/21 09:00:00,29.165,,,,,
15846,09/18/21 09:15:00,29.265,,,,,
15847,09/18/21 09:30:00,29.240,,,,,
15848,09/18/21 09:45:00,29.365,,,,,
15849,09/18/21 10:00:00,29.414,,,,,
15850,09/18/21 10:15:00,29.365,,,,,
15851,09/18/21 10:30:00,29.365,,,,,
15852,09/18/21 10:45:00,29.340,,,,,
15853,09/18/21 11:00:00,29.165,,,,,
15854,09/18/21 11:15:00,29.040,,,,,
15855,09/18/21 11:30:00,29.190,,,,,
15856,09/18/21 11:45:00,29.265,,,,,
15857,09/18/21 12:00:00,29.165,,,,,
15858,09/18/21 12:15:00,29.140,,,,,
15859,09/18/21 12:30:00,28.916,,,,,
15860,09/18/21 12:45:00,28.891,,,,,
15861,09/18/21 13:00:00,28.766,,,,,
15862,09/18/21 13:15:00,28.667,,,,,
15863,09/18/21 13:30:00,28.642,,,,,
15864,09/18/21 13:45:00,28.667,,,,,
15865,09/18/21 14:00:00,28.791,,,,,
15866,09/18/21 14:15:00,28.692,,,,,
15867,09/18/21 14:30:00,28.568,,,,,
15868,09/18/21 14:45:00,28.394,,,,,
15869,09/18/21 15:00:00,28.196,,,,,
15870,09/18/21 15:15:00,28.171,,,,,
15871,09/18/21 15:30:00,28.147,,,,,
15872,09/18/21 15:45:00,28.221,,,,,
15873,09/18/21 16:00:00,28.245,,,,,
15874,09/18/21 16:15:00,28.369,,,,,
15875,09/18/21 16:30:00,28.221,,,,,
15876,09/18/21 16:45:00,28.617,,,,,
15877,09/18/21 17:00:00,28.766,,,,,
15878,09/18/21 17:15:00,28.816,,,,,
15879,09/18/21 17:30:00,28.816,,,,,
15880,09/18/21 17:45:00,28.791,,,,,
15881,09/18/21 18:00:00,28.766,,,,,
15882,09/18/21 18:15:00,28.742,,,,,
15883,09/18/21 18:30:00,28.766,,,,,
15884,09/18/21 18:45:00,28.766,,,,,
15885,09/18/21 19:00:00,28.791,,,,,
15886,09/18/21 19:15:00,28.593,,,,,
15887,09/18/21 19:30:00,28.593,,,,,
15888,09/18/21 19:45:00,28.667,,,,,
15889,09/18/21 20:00:00,28.692,,,,,
15890,09/18/21 20:15:00,28.791,,,,,
15891,09/18/21 20:30:00,28.866,,,,,
15892,09/18/21 20:45:00,28.816,,,,,
15893,09/18/21 21:00:00,28.841,,,,,
15894,09/18/21 21:15:00,28.766,,,,,
15895,09/18/21 21:30:00,28.841,,,,,
15896,09/18/21 21:45:00,28.990,,,,,
15897,09/18/21 22:00:00,28.916,,,,,
15898,09/18/21 22:15:00,28.816,,,,,
15899,09/18/21 22:30:00,28.791,,,,,
15900,09/18/21 22:45:00,28.766,,,,,
15901,09/18/21 23:00:00,29.165,,,,,
15902,09/18/21 23:15:00,29.464,,,,,
15903,09/18/21 23:30:00,29.615,,,,,
15904,09/18/21 23:45:00,29.590,,,,,
15905,09/19/21 00:00:00,29.240,,,,,
15906,09/19/21 00:15:00,29.190,,,,,
15907,09/19/21 00:30:00,29.365,,,,,
15908,09/19/21 00:45:00,29.540,,,,,
15909,09/19/21 01:00:00,29.665,,,,,
15910,09/19/21 01:15:00,29.690,,,,,
15911,09/19/21 01:30:00,29.715,,,,,
15912,09/19/21 01:45:00,29.715,,,,,
15913,09/19/21 02:00:00,29.715,,,,,
15914,09/19/21 02:15:00,29.590,,,,,
15915,09/19/21 02:30:00,29.464,,,,,
15916,09/19/21 02:45:00,29.340,,,,,
15917,09/19/21 03:00:00,29.439,,,,,
15918,09/19/21 03:15:00,29.240,,,,,
15919,09/19/21 03:30:00,29.590,,,,,
15920,09/19/21 03:45:00,29.665,,,,,
15921,09/19/21 04:00:00,29.665,,,,,
15922,09/19/21 04:15:00,29.540,,,,,
15923,09/19/21 04:30:00,28.965,,,,,
15924,09/19/21 04:45:00,29.015,,,,,
15925,09/19/21 05:00:00,29.040,,,,,
15926,09/19/21 05:15:00,28.965,,,,,
15927,09/19/21 05:30:00,29.040,,,,,
15928,09/19/21 05:45:00,29.414,,,,,
15929,09/19/21 06:00:00,29.414,,,,,
15930,09/19/21 06:15:00,29.265,,,,,
15931,09/19/21 06:30:00,29.290,,,,,
15932,09/19/21 06:45:00,29.240,,,,,
15933,09/19/21 07:00:00,29.065,,,,,
15934,09/19/21 07:15:00,29.015,,,,,
15935,09/19/21 07:30:00,29.065,,,,,
15936,09/19/21 07:45:00,29.240,,,,,
15937,09/19/21 08:00:00,29.439,,,,,
15938,09/19/21 08:15:00,29.464,,,,,
15939,09/19/21 08:30:00,29.414,,,,,
15940,09/19/21 08:45:00,29.240,,,,,
15941,09/19/21 09:00:00,28.990,,,,,
15942,09/19/21 09:15:00,29.090,,,,,
15943,09/19/21 09:30:00,29.365,,,,,
15944,09/19/21 09:45:00,29.365,,,,,
15945,09/19/21 10:00:00,29.090,,,,,
15946,09/19/21 10:15:00,29.065,,,,,
15947,09/19/21 10:30:00,29.265,,,,,
15948,09/19/21 10:45:00,29.365,,,,,
15949,09/19/21 11:00:00,29.439,,,,,
15950,09/19/21 11:15:00,29.490,,,,,
15951,09/19/21 11:30:00,29.515,,,,,
15952,09/19/21 11:45:00,29.464,,,,,
15953,09/19/21 12:00:00,29.490,,,,,
15954,09/19/21 12:15:00,29.515,,,,,
15955,09/19/21 12:30:00,29.565,,,,,
15956,09/19/21 12:45:00,29.565,,,,,
15957,09/19/21 13:00:00,29.439,,,,,
15958,09/19/21 13:15:00,29.015,,,,,
15959,09/19/21 13:30:00,28.742,,,,,
15960,09/19/21 13:45:00,28.816,,,,,
15961,09/19/21 14:00:00,28.742,,,,,
15962,09/19/21 14:15:00,28.742,,,,,
15963,09/19/21 14:30:00,28.742,,,,,
15964,09/19/21 14:45:00,28.717,,,,,
15965,09/19/21 15:00:00,28.617,,,,,
15966,09/19/21 15:15:00,28.717,,,,,
15967,09/19/21 15:30:00,28.791,,,,,
15968,09/19/21 15:45:00,28.816,,,,,
15969,09/19/21 16:00:00,28.717,,,,,
15970,09/19/21 16:15:00,28.717,,,,,
15971,09/19/21 16:30:00,28.891,,,,,
15972,09/19/21 16:45:00,28.990,,,,,
15973,09/19/21 17:00:00,28.965,,,,,
15974,09/19/21 17:15:00,29.015,,,,,
15975,09/19/21 17:30:00,28.990,,,,,
15976,09/19/21 17:45:00,29.115,,,,,
15977,09/19/21 18:00:00,28.941,,,,,
15978,09/19/21 18:15:00,28.965,,,,,
15979,09/19/21 18:30:00,28.791,,,,,
15980,09/19/21 18:45:00,28.791,,,,,
15981,09/19/21 19:00:00,29.065,,,,,
15982,09/19/21 19:15:00,29.315,,,,,
15983,09/19/21 19:30:00,29.414,,,,,
15984,09/19/21 19:45:00,28.841,,,,,
15985,09/19/21 20:00:00,28.667,,,,,
15986,09/19/21 20:15:00,28.841,,,,,
15987,09/19/21 20:30:00,28.692,,,,,
15988,09/19/21 20:45:00,28.642,,,,,
15989,09/19/21 21:00:00,28.642,,,,,
15990,09/19/21 21:15:00,28.667,,,,,
15991,09/19/21 21:30:00,28.742,,,,,
15992,09/19/21 21:45:00,28.816,,,,,
15993,09/19/21 22:00:00,28.965,,,,,
15994,09/19/21 22:15:00,29.215,,,,,
15995,09/19/21 22:30:00,29.490,,,,,
15996,09/19/21 22:45:00,29.640,,,,,
15997,09/19/21 23:00:00,29.665,,,,,
15998,09/19/21 23:15:00,29.690,,,,,
15999,09/19/21 23:30:00,29.690,,,,,
16000,09/19/21 23:45:00,29.690,,,,,
16001,09/20/21 00:00:00,29.615,,,,,
16002,09/20/21 00:15:00,29.615,,,,,
16003,09/20/21 00:30:00,29.665,,,,,
16004,09/20/21 00:45:00,29.690,,,,,
16005,09/20/21 01:00:00,29.815,,,,,
16006,09/20/21 01:15:00,29.840,,,,,
16007,09/20/21 01:30:00,29.540,,,,,
16008,09/20/21 01:45:00,29.690,,,,,
16009,09/20/21 02:00:00,29.815,,,,,
16010,09/20/21 02:15:00,29.815,,,,,
16011,09/20/21 02:30:00,29.715,,,,,
16012,09/20/21 02:45:00,29.740,,,,,
16013,09/20/21 03:00:00,29.815,,,,,
16014,09/20/21 03:15:00,29.439,,,,,
16015,09/20/21 03:30:00,29.090,,,,,
16016,09/20/21 03:45:00,28.990,,,,,
16017,09/20/21 04:00:00,29.190,,,,,
16018,09/20/21 04:15:00,29.715,,,,,
16019,09/20/21 04:30:00,29.715,,,,,
16020,09/20/21 04:45:00,29.515,,,,,
16021,09/20/21 05:00:00,29.414,,,,,
16022,09/20/21 05:15:00,29.590,,,,,
16023,09/20/21 05:30:00,29.565,,,,,
16024,09/20/21 05:45:00,29.540,,,,,
16025,09/20/21 06:00:00,29.365,,,,,
16026,09/20/21 06:15:00,29.140,,,,,
16027,09/20/21 06:30:00,29.315,,,,,
16028,09/20/21 06:45:00,29.439,,,,,
16029,09/20/21 07:00:00,29.439,,,,,
16030,09/20/21 07:15:00,29.565,,,,,
16031,09/20/21 07:30:00,29.540,,,,,
16032,09/20/21 07:45:00,29.515,,,,,
16033,09/20/21 08:00:00,29.590,,,,,
16034,09/20/21 08:15:00,29.414,,,,,
16035,09/20/21 08:30:00,29.490,,,,,
16036,09/20/21 08:45:00,29.515,,,,,
16037,09/20/21 09:00:00,29.389,,,,,
16038,09/20/21 09:15:00,29.414,,,,,
16039,09/20/21 09:30:00,29.115,,,,,
16040,09/20/21 09:45:00,28.990,,,,,
16041,09/20/21 10:00:00,28.965,,,,,
16042,09/20/21 10:15:00,29.165,,,,,
16043,09/20/21 10:30:00,29.165,,,,,
16044,09/20/21 10:45:00,28.990,,,,,
16045,09/20/21 11:00:00,28.990,,,,,
16046,09/20/21 11:15:00,29.115,,,,,
16047,09/20/21 11:30:00,29.165,,,,,
16048,09/20/21 11:45:00,29.040,,,,,
16049,09/20/21 12:00:00,29.090,,,,,
16050,09/20/21 12:15:00,29.140,,,,,
16051,09/20/21 12:30:00,29.265,,,,,
16052,09/20/21 12:45:00,29.315,,,,,
16053,09/20/21 13:00:00,29.240,,,,,
16054,09/20/21 13:15:00,29.115,,,,,
16055,09/20/21 13:30:00,28.990,,,,,
16056,09/20/21 13:45:00,29.040,,,,,
16057,09/20/21 14:00:00,28.866,,,,,
16058,09/20/21 14:15:00,29.015,,,,,
16059,09/20/21 14:30:00,28.941,,,,,
16060,09/20/21 14:45:00,28.742,,,,,
16061,09/20/21 15:00:00,28.568,,,,,
16062,09/20/21 15:15:00,28.593,,,,,
16063,09/20/21 15:30:00,28.617,,,,,
16064,09/20/21 15:45:00,28.667,,,,,
16065,09/20/21 16:00:00,28.568,,,,,
16066,09/20/21 16:15:00,28.518,,,,,
16067,09/20/21 16:30:00,28.593,,,,,
16068,09/20/21 16:45:00,28.593,,,,,
16069,09/20/21 17:00:00,28.642,,,,,
16070,09/20/21 17:15:00,28.617,,,,,
16071,09/20/21 17:30:00,28.593,,,,,
16072,09/20/21 17:45:00,28.617,,,,,
16073,09/20/21 18:00:00,28.593,,,,,
16074,09/20/21 18:15:00,28.717,,,,,
16075,09/20/21 18:30:00,28.791,,,,,
16076,09/20/21 18:45:00,28.717,,,,,
16077,09/20/21 19:00:00,28.791,,,,,
16078,09/20/21 19:15:00,28.816,,,,,
16079,09/20/21 19:30:00,28.816,,,,,
16080,09/20/21 19:45:00,28.692,,,,,
16081,09/20/21 20:00:00,28.742,,,,,
16082,09/20/21 20:15:00,28.816,,,,,
16083,09/20/21 20:30:00,28.791,,,,,
16084,09/20/21 20:45:00,28.866,,,,,
16085,09/20/21 21:00:00,29.190,,,,,
16086,09/20/21 21:15:00,29.265,,,,,
16087,09/20/21 21:30:00,29.215,,,,,
16088,09/20/21 21:45:00,29.090,,,,,
16089,09/20/21 22:00:00,28.866,,,,,
16090,09/20/21 22:15:00,28.816,,,,,
16091,09/20/21 22:30:00,28.841,,,,,
16092,09/20/21 22:45:00,29.090,,,,,
16093,09/20/21 23:00:00,28.941,,,,,
16094,09/20/21 23:15:00,28.916,,,,,
16095,09/20/21 23:30:00,29.015,,,,,
16096,09/20/21 23:45:00,28.941,,,,,
16097,09/21/21 00:00:00,28.990,,,,,
16098,09/21/21 00:15:00,29.290,,,,,
16099,09/21/21 00:30:00,29.315,,,,,
16100,09/21/21 00:45:00,29.340,,,,,
16101,09/21/21 01:00:00,29.290,,,,,
16102,09/21/21 01:15:00,28.891,,,,,
16103,09/21/21 01:30:00,28.891,,,,,
16104,09/21/21 01:45:00,28.941,,,,,
16105,09/21/21 02:00:00,29.065,,,,,
16106,09/21/21 02:15:00,29.540,,,,,
16107,09/21/21 02:30:00,29.490,,,,,
16108,09/21/21 02:45:00,29.565,,,,,
16109,09/21/21 03:00:00,29.565,,,,,
16110,09/21/21 03:15:00,29.615,,,,,
16111,09/21/21 03:30:00,29.690,,,,,
16112,09/21/21 03:45:00,29.615,,,,,
16113,09/21/21 04:00:00,29.439,,,,,
16114,09/21/21 04:15:00,29.389,,,,,
16115,09/21/21 04:30:00,29.165,,,,,
16116,09/21/21 04:45:00,29.040,,,,,
16117,09/21/21 05:00:00,29.115,,,,,
16118,09/21/21 05:15:00,29.240,,,,,
16119,09/21/21 05:30:00,29.240,,,,,
16120,09/21/21 05:45:00,29.515,,,,,
16121,09/21/21 06:00:00,29.690,,,,,
16122,09/21/21 06:15:00,29.414,,,,,
16123,09/21/21 06:30:00,29.165,,,,,
16124,09/21/21 06:45:00,29.140,,,,,
16125,09/21/21 07:00:00,29.165,,,,,
16126,09/21/21 07:15:00,29.215,,,,,
16127,09/21/21 07:30:00,29.265,,,,,
16128,09/21/21 07:45:00,29.265,,,,,
16129,09/21/21 08:00:00,29.340,,,,,
16130,09/21/21 08:15:00,29.490,,,,,
16131,09/21/21 08:30:00,29.540,,,,,
16132,09/21/21 08:45:00,29.665,,,,,
16133,09/21/21 09:00:00,29.464,,,,,
16134,09/21/21 09:15:00,29.365,,,,,
16135,09/21/21 09:30:00,29.365,,,,,
16136,09/21/21 09:45:00,29.365,,,,,
16137,09/21/21 10:00:00,29.240,,,,,
16138,09/21/21 10:15:00,29.215,,,,,
16139,09/21/21 10:30:00,29.240,,,,,
16140,09/21/21 10:45:00,29.265,,,,,
16141,09/21/21 11:00:00,29.365,,,,,
16142,09/21/21 11:15:00,29.365,,,,,
16143,09/21/21 11:30:00,29.365,,,,,
16144,09/21/21 11:45:00,29.389,,,,,
16145,09/21/21 12:00:00,29.464,,,,,
16146,09/21/21 12:15:00,29.389,,,,,
16147,09/21/21 12:30:00,29.439,,,,,
16148,09/21/21 12:45:00,29.490,,,,,
16149,09/21/21 13:00:00,29.490,,,,,
16150,09/21/21 13:15:00,29.464,,,,,
16151,09/21/21 13:30:00,29.315,,,,,
16152,09/21/21 13:45:00,29.240,,,,,
16153,09/21/21 14:00:00,29.240,,,,,
16154,09/21/21 14:15:00,29.090,,,,,
16155,09/21/21 14:30:00,29.190,,,,,
16156,09/21/21 14:45:00,29.215,,,,,
16157,09/21/21 15:00:00,29.240,,,,,
16158,09/21/21 15:15:00,29.240,,,,,
16159,09/21/21 15:30:00,29.090,,,,,
16160,09/21/21 15:45:00,29.215,,,,,
16161,09/21/21 16:00:00,29.065,,,,,
16162,09/21/21 16:15:00,29.165,,,,,
16163,09/21/21 16:30:00,29.240,,,,,
16164,09/21/21 16:45:00,29.065,,,,,
16165,09/21/21 17:00:00,29.340,,,,,
16166,09/21/21 17:15:00,29.464,,,,,
16167,09/21/21 17:30:00,29.464,,,,,
16168,09/21/21 17:45:00,29.365,,,,,
16169,09/21/21 18:00:00,29.565,,,,,
16170,09/21/21 18:15:00,29.540,,,,,
16171,09/21/21 18:30:00,29.115,,,,,
16172,09/21/21 18:45:00,29.115,,,,,
16173,09/21/21 19:00:00,28.916,,,,,
16174,09/21/21 19:15:00,28.841,,,,,
16175,09/21/21 19:30:00,28.766,,,,,
16176,09/21/21 19:45:00,28.841,,,,,
16177,09/21/21 20:00:00,28.816,,,,,
16178,09/21/21 20:15:00,28.841,,,,,
16179,09/21/21 20:30:00,28.916,,,,,
16180,09/21/21 20:45:00,28.916,,,,,
16181,09/21/21 21:00:00,28.990,,,,,
16182,09/21/21 21:15:00,29.240,,,,,
16183,09/21/21 21:30:00,29.240,,,,,
16184,09/21/21 21:45:00,29.015,,,,,
16185,09/21/21 22:00:00,28.965,,,,,
16186,09/21/21 22:15:00,28.990,,,,,
16187,09/21/21 22:30:00,28.941,,,,,
16188,09/21/21 22:45:00,28.965,,,,,
16189,09/21/21 23:00:00,28.891,,,,,
16190,09/21/21 23:15:00,28.891,,,,,
16191,09/21/21 23:30:00,28.841,,,,,
16192,09/21/21 23:45:00,28.916,,,,,
16193,09/22/21 00:00:00,29.065,,,,,
16194,09/22/21 00:15:00,29.464,,,,,
16195,09/22/21 00:30:00,29.615,,,,,
16196,09/22/21 00:45:00,29.690,,,,,
16197,09/22/21 01:00:00,29.715,,,,,
16198,09/22/21 01:15:00,29.640,,,,,
16199,09/22/21 01:30:00,29.565,,,,,
16200,09/22/21 01:45:00,29.715,,,,,
16201,09/22/21 02:00:00,29.690,,,,,
16202,09/22/21 02:15:00,29.715,,,,,
16203,09/22/21 02:30:00,29.665,,,,,
16204,09/22/21 02:45:00,29.740,,,,,
16205,09/22/21 03:00:00,29.815,,,,,
16206,09/22/21 03:15:00,29.815,,,,,
16207,09/22/21 03:30:00,29.840,,,,,
16208,09/22/21 03:45:00,29.815,,,,,
16209,09/22/21 04:00:00,29.815,,,,,
16210,09/22/21 04:15:00,29.815,,,,,
16211,09/22/21 04:30:00,29.790,,,,,
16212,09/22/21 04:45:00,29.765,,,,,
16213,09/22/21 05:00:00,29.740,,,,,
16214,09/22/21 05:15:00,29.740,,,,,
16215,09/22/21 05:30:00,29.740,,,,,
16216,09/22/21 05:45:00,29.740,,,,,
16217,09/22/21 06:00:00,29.740,,,,,
16218,09/22/21 06:15:00,29.715,,,,,
16219,09/22/21 06:30:00,29.715,,,,,
16220,09/22/21 06:45:00,29.715,,,,,
16221,09/22/21 07:00:00,29.715,,,,,
16222,09/22/21 07:15:00,29.715,,,,,
16223,09/22/21 07:30:00,29.715,,,,,
16224,09/22/21 07:45:00,29.290,,,,,
16225,09/22/21 08:00:00,29.640,,,,,
16226,09/22/21 08:15:00,29.414,,,,,
16227,09/22/21 08:30:00,29.040,,,,,
16228,09/22/21 08:45:00,29.290,,,,,
16229,09/22/21 09:00:00,29.490,,,,,
16230,09/22/21 09:15:00,29.215,,,,,
16231,09/22/21 09:30:00,29.365,,,,,
16232,09/22/21 09:45:00,29.340,,,,,
16233,09/22/21 10:00:00,29.365,,,,,
16234,09/22/21 10:15:00,29.340,,,,,
16235,09/22/21 10:30:00,29.414,,,,,
16236,09/22/21 10:45:00,29.515,,,,,
16237,09/22/21 11:00:00,29.290,,,,,
16238,09/22/21 11:15:00,28.916,,,,,
16239,09/22/21 11:30:00,29.165,,,,,
16240,09/22/21 11:45:00,29.265,,,,,
16241,09/22/21 12:00:00,29.389,,,,,
16242,09/22/21 12:15:00,29.365,,,,,
16243,09/22/21 12:30:00,28.965,,,,,
16244,09/22/21 12:45:00,28.941,,,,,
16245,09/22/21 13:00:00,28.766,,,,,
16246,09/22/21 13:15:00,29.414,,,,,
16247,09/22/21 13:30:00,29.290,,,,,
16248,09/22/21 13:45:00,29.565,,,,,
16249,09/22/21 14:00:00,29.090,,,,,
16250,09/22/21 14:15:00,28.717,,,,,
16251,09/22/21 14:30:00,28.916,,,,,
16252,09/22/21 14:45:00,29.215,,,,,
16253,09/22/21 15:00:00,29.389,,,,,
16254,09/22/21 15:15:00,29.215,,,,,
16255,09/22/21 15:30:00,29.665,,,,,
16256,09/22/21 15:45:00,29.340,,,,,
16257,09/22/21 16:00:00,29.315,,,,,
16258,09/22/21 16:15:00,29.315,,,,,
16259,09/22/21 16:30:00,29.315,,,,,
16260,09/22/21 16:45:00,29.340,,,,,
16261,09/22/21 17:00:00,29.439,,,,,
16262,09/22/21 17:15:00,29.565,,,,,
16263,09/22/21 17:30:00,29.665,,,,,
16264,09/22/21 17:45:00,29.464,,,,,
16265,09/22/21 18:00:00,28.941,,,,,
16266,09/22/21 18:15:00,29.140,,,,,
16267,09/22/21 18:30:00,28.941,,,,,
16268,09/22/21 18:45:00,28.866,,,,,
16269,09/22/21 19:00:00,28.841,,,,,
16270,09/22/21 19:15:00,28.791,,,,,
16271,09/22/21 19:30:00,28.841,,,,,
16272,09/22/21 19:45:00,28.841,,,,,
16273,09/22/21 20:00:00,28.841,,,,,
16274,09/22/21 20:15:00,28.866,,,,,
16275,09/22/21 20:30:00,28.916,,,,,
16276,09/22/21 20:45:00,28.866,,,,,
16277,09/22/21 21:00:00,28.841,,,,,
16278,09/22/21 21:15:00,29.290,,,,,
16279,09/22/21 21:30:00,28.965,,,,,
16280,09/22/21 21:45:00,29.015,,,,,
16281,09/22/21 22:00:00,28.965,,,,,
16282,09/22/21 22:15:00,28.916,,,,,
16283,09/22/21 22:30:00,28.891,,,,,
16284,09/22/21 22:45:00,28.891,,,,,
16285,09/22/21 23:00:00,28.891,,,,,
16286,09/22/21 23:15:00,28.816,,,,,
16287,09/22/21 23:30:00,28.766,,,,,
16288,09/22/21 23:45:00,28.717,,,,,
16289,09/23/21 00:00:00,28.642,,,,,
16290,09/23/21 00:15:00,28.593,,,,,
16291,09/23/21 00:30:00,28.617,,,,,
16292,09/23/21 00:45:00,28.617,,,,,
16293,09/23/21 01:00:00,28.617,,,,,
16294,09/23/21 01:15:00,28.617,,,,,
16295,09/23/21 01:30:00,28.568,,,,,
16296,09/23/21 01:45:00,28.717,,,,,
16297,09/23/21 02:00:00,28.667,,,,,
16298,09/23/21 02:15:00,28.543,,,,,
16299,09/23/21 02:30:00,28.518,,,,,
16300,09/23/21 02:45:00,28.468,,,,,
16301,09/23/21 03:00:00,28.345,,,,,
16302,09/23/21 03:15:00,28.866,,,,,
16303,09/23/21 03:30:00,29.040,,,,,
16304,09/23/21 03:45:00,29.215,,,,,
16305,09/23/21 04:00:00,29.464,,,,,
16306,09/23/21 04:15:00,29.715,,,,,
16307,09/23/21 04:30:00,29.740,,,,,
16308,09/23/21 04:45:00,29.740,,,,,
16309,09/23/21 05:00:00,29.765,,,,,
16310,09/23/21 05:15:00,29.715,,,,,
16311,09/23/21 05:30:00,29.715,,,,,
16312,09/23/21 05:45:00,29.715,,,,,
16313,09/23/21 06:00:00,29.740,,,,,
16314,09/23/21 06:15:00,29.715,,,,,
16315,09/23/21 06:30:00,29.715,,,,,
16316,09/23/21 06:45:00,29.665,,,,,
16317,09/23/21 07:00:00,29.640,,,,,
16318,09/23/21 07:15:00,29.640,,,,,
16319,09/23/21 07:30:00,28.791,,,,,
16320,09/23/21 07:45:00,28.667,,,,,
16321,09/23/21 08:00:00,28.766,,,,,
16322,09/23/21 08:15:00,28.717,,,,,
16323,09/23/21 08:30:00,28.717,,,,,
16324,09/23/21 08:45:00,28.692,,,,,
16325,09/23/21 09:00:00,28.593,,,,,
16326,09/23/21 09:15:00,28.568,,,,,
16327,09/23/21 09:30:00,28.941,,,,,
16328,09/23/21 09:45:00,28.990,,,,,
16329,09/23/21 10:00:00,29.090,,,,,
16330,09/23/21 10:15:00,28.617,,,,,
16331,09/23/21 10:30:00,28.543,,,,,
16332,09/23/21 10:45:00,28.543,,,,,
16333,09/23/21 11:00:00,28.493,,,,,
16334,09/23/21 11:15:00,28.518,,,,,
16335,09/23/21 11:30:00,28.468,,,,,
16336,09/23/21 11:45:00,29.115,,,,,
16337,09/23/21 12:00:00,29.439,,,,,
16338,09/23/21 12:15:00,29.389,,,,,
16339,09/23/21 12:30:00,29.490,,,,,
16340,09/23/21 12:45:00,29.565,,,,,
16341,09/23/21 13:00:00,29.290,,,,,
16342,09/23/21 13:15:00,28.816,,,,,
16343,09/23/21 13:30:00,28.593,,,,,
16344,09/23/21 13:45:00,28.990,,,,,
16345,09/23/21 14:00:00,28.816,,,,,
16346,09/23/21 14:15:00,28.617,,,,,
16347,09/23/21 14:30:00,28.444,,,,,
16348,09/23/21 14:45:00,28.444,,,,,
16349,09/23/21 15:00:00,28.518,,,,,
16350,09/23/21 15:15:00,28.518,,,,,
16351,09/23/21 15:30:00,28.543,,,,,
16352,09/23/21 15:45:00,28.593,,,,,
16353,09/23/21 16:00:00,28.617,,,,,
16354,09/23/21 16:15:00,28.617,,,,,
16355,09/23/21 16:30:00,28.916,,,,,
16356,09/23/21 16:45:00,28.941,,,,,
16357,09/23/21 17:00:00,28.891,,,,,
16358,09/23/21 17:15:00,28.841,,,,,
16359,09/23/21 17:30:00,28.866,,,,,
16360,09/23/21 17:45:00,28.916,,,,,
16361,09/23/21 18:00:00,29.115,,,,,
16362,09/23/21 18:15:00,28.891,,,,,
16363,09/23/21 18:30:00,28.791,,,,,
16364,09/23/21 18:45:00,28.841,,,,,
16365,09/23/21 19:00:00,28.866,,,,,
16366,09/23/21 19:15:00,28.742,,,,,
16367,09/23/21 19:30:00,28.717,,,,,
16368,09/23/21 19:45:00,28.642,,,,,
16369,09/23/21 20:00:00,28.642,,,,,
16370,09/23/21 20:15:00,28.692,,,,,
16371,09/23/21 20:30:00,28.717,,,,,
16372,09/23/21 20:45:00,28.742,,,,,
16373,09/23/21 21:00:00,28.816,,,,,
16374,09/23/21 21:15:00,29.015,,,,,
16375,09/23/21 21:30:00,29.015,,,,,
16376,09/23/21 21:45:00,28.941,,,,,
16377,09/23/21 22:00:00,28.866,,,,,
16378,09/23/21 22:15:00,29.015,,,,,
16379,09/23/21 22:30:00,28.965,,,,,
16380,09/23/21 22:45:00,28.916,,,,,
16381,09/23/21 23:00:00,28.916,,,,,
16382,09/23/21 23:15:00,29.015,,,,,
16383,09/23/21 23:30:00,28.965,,,,,
16384,09/23/21 23:45:00,28.916,,,,,
16385,09/24/21 00:00:00,28.816,,,,,
16386,09/24/21 00:15:00,28.866,,,,,
16387,09/24/21 00:30:00,28.816,,,,,
16388,09/24/21 00:45:00,28.866,,,,,
16389,09/24/21 01:00:00,28.766,,,,,
16390,09/24/21 01:15:00,28.791,,,,,
16391,09/24/21 01:30:00,28.766,,,,,
16392,09/24/21 01:45:00,28.766,,,,,
16393,09/24/21 02:00:00,28.667,,,,,
16394,09/24/21 02:15:00,28.717,,,,,
16395,09/24/21 02:30:00,28.692,,,,,
16396,09/24/21 02:45:00,28.667,,,,,
16397,09/24/21 03:00:00,28.642,,,,,
16398,09/24/21 03:15:00,28.617,,,,,
16399,09/24/21 03:30:00,28.642,,,,,
16400,09/24/21 03:45:00,28.617,,,,,
16401,09/24/21 04:00:00,28.617,,,,,
16402,09/24/21 04:15:00,28.617,,,,,
16403,09/24/21 04:30:00,29.540,,,,,
16404,09/24/21 04:45:00,29.740,,,,,
16405,09/24/21 05:00:00,29.765,,,,,
16406,09/24/21 05:15:00,29.765,,,,,
16407,09/24/21 05:30:00,29.740,,,,,
16408,09/24/21 05:45:00,29.340,,,,,
16409,09/24/21 06:00:00,29.290,,,,,
16410,09/24/21 06:15:00,29.165,,,,,
16411,09/24/21 06:30:00,28.965,,,,,
16412,09/24/21 06:45:00,29.065,,,,,
16413,09/24/21 07:00:00,29.190,,,,,
16414,09/24/21 07:15:00,28.965,,,,,
16415,09/24/21 07:30:00,29.015,,,,,
16416,09/24/21 07:45:00,29.140,,,,,
16417,09/24/21 08:00:00,29.065,,,,,
16418,09/24/21 08:15:00,29.015,,,,,
16419,09/24/21 08:30:00,28.941,,,,,
16420,09/24/21 08:45:00,28.891,,,,,
16421,09/24/21 09:00:00,28.916,,,,,
16422,09/24/21 09:15:00,28.941,,,,,
16423,09/24/21 09:30:00,28.965,,,,,
16424,09/24/21 09:45:00,28.990,,,,,
16425,09/24/21 10:00:00,29.190,,,,,
16426,09/24/21 10:15:00,29.040,,,,,
16427,09/24/21 10:30:00,29.340,,,,,
16428,09/24/21 10:45:00,29.315,,,,,
16429,09/24/21 11:00:00,29.389,,,,,
16430,09/24/21 11:15:00,29.640,,,,,
16431,09/24/21 11:30:00,29.690,,,,,
16432,09/24/21 11:45:00,29.665,,,,,
16433,09/24/21 12:00:00,29.640,,,,,
16434,09/24/21 12:15:00,29.464,,,,,
16435,09/24/21 12:30:00,29.490,,,,,
16436,09/24/21 12:45:00,29.389,,,,,
16437,09/24/21 13:00:00,28.916,,,,,
16438,09/24/21 13:15:00,29.265,,,,,
16439,09/24/21 13:30:00,29.414,,,,,
16440,09/24/21 13:45:00,29.365,,,,,
16441,09/24/21 14:00:00,29.665,,,,,
16442,09/24/21 14:15:00,29.240,,,,,
16443,09/24/21 14:30:00,28.941,,,,,
16444,09/24/21 14:45:00,28.941,,,,,
16445,09/24/21 15:00:00,28.866,,,,,
16446,09/24/21 15:15:00,28.866,,,,,
16447,09/24/21 15:30:00,28.916,,,,,
16448,09/24/21 15:45:00,28.990,,,,,
16449,09/24/21 16:00:00,28.891,,,,,
16450,09/24/21 16:15:00,28.916,,,,,
16451,09/24/21 16:30:00,28.965,,,,,
16452,09/24/21 16:45:00,28.965,,,,,
16453,09/24/21 17:00:00,29.015,,,,,
16454,09/24/21 17:15:00,28.990,,,,,
16455,09/24/21 17:30:00,28.990,,,,,
16456,09/24/21 17:45:00,29.040,,,,,
16457,09/24/21 18:00:00,29.090,,,,,
16458,09/24/21 18:15:00,29.115,,,,,
16459,09/24/21 18:30:00,29.040,,,,,
16460,09/24/21 18:45:00,29.090,,,,,
16461,09/24/21 19:00:00,29.165,,,,,
16462,09/24/21 19:15:00,29.315,,,,,
16463,09/24/21 19:30:00,29.439,,,,,
16464,09/24/21 19:45:00,29.565,,,,,
16465,09/24/21 20:00:00,29.414,,,,,
16466,09/24/21 20:15:00,29.265,,,,,
16467,09/24/21 20:30:00,29.090,,,,,
16468,09/24/21 20:45:00,29.090,,,,,
16469,09/24/21 21:00:00,29.065,,,,,
16470,09/24/21 21:15:00,29.065,,,,,
16471,09/24/21 21:30:00,29.065,,,,,
16472,09/24/21 21:45:00,28.941,,,,,
16473,09/24/21 22:00:00,28.891,,,,,
16474,09/24/21 22:15:00,28.891,,,,,
16475,09/24/21 22:30:00,28.965,,,,,
16476,09/24/21 22:45:00,28.965,,,,,
16477,09/24/21 23:00:00,29.015,,,,,
16478,09/24/21 23:15:00,29.015,,,,,
16479,09/24/21 23:30:00,28.965,,,,,
16480,09/24/21 23:45:00,28.916,,,,,
16481,09/25/21 00:00:00,28.916,,,,,
16482,09/25/21 00:15:00,28.941,,,,,
16483,09/25/21 00:30:00,28.965,,,,,
16484,09/25/21 00:45:00,28.965,,,,,
16485,09/25/21 01:00:00,29.265,,,,,
16486,09/25/21 01:15:00,29.040,,,,,
16487,09/25/21 01:30:00,29.140,,,,,
16488,09/25/21 01:45:00,29.140,,,,,
16489,09/25/21 02:00:00,29.015,,,,,
16490,09/25/21 02:15:00,29.015,,,,,
16491,09/25/21 02:30:00,29.015,,,,,
16492,09/25/21 02:45:00,29.040,,,,,
16493,09/25/21 03:00:00,29.065,,,,,
16494,09/25/21 03:15:00,29.065,,,,,
16495,09/25/21 03:30:00,29.065,,,,,
16496,09/25/21 03:45:00,29.065,,,,,
16497,09/25/21 04:00:00,29.065,,,,,
16498,09/25/21 04:15:00,29.065,,,,,
16499,09/25/21 04:30:00,29.015,,,,,
16500,09/25/21 04:45:00,28.965,,,,,
16501,09/25/21 05:00:00,28.891,,,,,
16502,09/25/21 05:15:00,28.642,,,,,
16503,09/25/21 05:30:00,28.617,,,,,
16504,09/25/21 05:45:00,28.791,,,,,
16505,09/25/21 06:00:00,28.941,,,,,
16506,09/25/21 06:15:00,29.015,,,,,
16507,09/25/21 06:30:00,29.015,,,,,
16508,09/25/21 06:45:00,28.816,,,,,
16509,09/25/21 07:00:00,29.065,,,,,
16510,09/25/21 07:15:00,29.190,,,,,
16511,09/25/21 07:30:00,29.265,,,,,
16512,09/25/21 07:45:00,29.215,,,,,
16513,09/25/21 08:00:00,29.065,,,,,
16514,09/25/21 08:15:00,29.065,,,,,
16515,09/25/21 08:30:00,29.165,,,,,
16516,09/25/21 08:45:00,29.140,,,,,
16517,09/25/21 09:00:00,29.015,,,,,
16518,09/25/21 09:15:00,28.990,,,,,
16519,09/25/21 09:30:00,28.990,,,,,
16520,09/25/21 09:45:00,29.040,,,,,
16521,09/25/21 10:00:00,29.015,,,,,
16522,09/25/21 10:15:00,29.040,,,,,
16523,09/25/21 10:30:00,28.990,,,,,
16524,09/25/21 10:45:00,28.990,,,,,
16525,09/25/21 11:00:00,28.990,,,,,
16526,09/25/21 11:15:00,28.990,,,,,
16527,09/25/21 11:30:00,29.015,,,,,
16528,09/25/21 11:45:00,28.990,,,,,
16529,09/25/21 12:00:00,28.990,,,,,
16530,09/25/21 12:15:00,29.015,,,,,
16531,09/25/21 12:30:00,29.040,,,,,
16532,09/25/21 12:45:00,29.115,,,,,
16533,09/25/21 13:00:00,29.165,,,,,
16534,09/25/21 13:15:00,29.090,,,,,
16535,09/25/21 13:30:00,29.090,,,,,
16536,09/25/21 13:45:00,29.190,,,,,
16537,09/25/21 14:00:00,29.240,,,,,
16538,09/25/21 14:15:00,29.215,,,,,
16539,09/25/21 14:30:00,29.215,,,,,
16540,09/25/21 14:45:00,29.215,,,,,
16541,09/25/21 15:00:00,29.215,,,,,
16542,09/25/21 15:15:00,29.165,,,,,
16543,09/25/21 15:30:00,29.065,,,,,
16544,09/25/21 15:45:00,29.015,,,,,
16545,09/25/21 16:00:00,28.990,,,,,
16546,09/25/21 16:15:00,29.040,,,,,
16547,09/25/21 16:30:00,28.965,,,,,
16548,09/25/21 16:45:00,28.965,,,,,
16549,09/25/21 17:00:00,29.065,,,,,
16550,09/25/21 17:15:00,29.065,,,,,
16551,09/25/21 17:30:00,28.990,,,,,
16552,09/25/21 17:45:00,29.065,,,,,
16553,09/25/21 18:00:00,29.140,,,,,
16554,09/25/21 18:15:00,29.165,,,,,
16555,09/25/21 18:30:00,29.190,,,,,
16556,09/25/21 18:45:00,29.340,,,,,
16557,09/25/21 19:00:00,29.389,,,,,
16558,09/25/21 19:15:00,29.365,,,,,
16559,09/25/21 19:30:00,29.414,,,,,
16560,09/25/21 19:45:00,29.414,,,,,
16561,09/25/21 20:00:00,29.365,,,,,
16562,09/25/21 20:15:00,29.340,,,,,
16563,09/25/21 20:30:00,29.365,,,,,
16564,09/25/21 20:45:00,29.365,,,,,
16565,09/25/21 21:00:00,29.340,,,,,
16566,09/25/21 21:15:00,29.290,,,,,
16567,09/25/21 21:30:00,29.190,,,,,
16568,09/25/21 21:45:00,29.165,,,,,
16569,09/25/21 22:00:00,29.140,,,,,
16570,09/25/21 22:15:00,29.140,,,,,
16571,09/25/21 22:30:00,29.315,,,,,
16572,09/25/21 22:45:00,29.290,,,,,
16573,09/25/21 23:00:00,29.340,,,,,
16574,09/25/21 23:15:00,29.240,,,,,
16575,09/25/21 23:30:00,29.240,,,,,
16576,09/25/21 23:45:00,29.215,,,,,
16577,09/26/21 00:00:00,29.190,,,,,
16578,09/26/21 00:15:00,29.215,,,,,
16579,09/26/21 00:30:00,29.215,,,,,
16580,09/26/21 00:45:00,29.215,,,,,
16581,09/26/21 01:00:00,29.240,,,,,
16582,09/26/21 01:15:00,29.215,,,,,
16583,09/26/21 01:30:00,29.290,,,,,
16584,09/26/21 01:45:00,29.315,,,,,
16585,09/26/21 02:00:00,29.240,,,,,
16586,09/26/21 02:15:00,29.240,,,,,
16587,09/26/21 02:30:00,29.265,,,,,
16588,09/26/21 02:45:00,29.290,,,,,
16589,09/26/21 03:00:00,29.290,,,,,
16590,09/26/21 03:15:00,29.315,,,,,
16591,09/26/21 03:30:00,29.290,,,,,
16592,09/26/21 03:45:00,29.240,,,,,
16593,09/26/21 04:00:00,29.240,,,,,
16594,09/26/21 04:15:00,29.215,,,,,
16595,09/26/21 04:30:00,29.240,,,,,
16596,09/26/21 04:45:00,29.240,,,,,
16597,09/26/21 05:00:00,29.240,,,,,
16598,09/26/21 05:15:00,29.265,,,,,
16599,09/26/21 05:30:00,29.265,,,,,
16600,09/26/21 05:45:00,29.240,,,,,
16601,09/26/21 06:00:00,29.265,,,,,
16602,09/26/21 06:15:00,29.215,,,,,
16603,09/26/21 06:30:00,29.190,,,,,
16604,09/26/21 06:45:00,29.165,,,,,
16605,09/26/21 07:00:00,29.090,,,,,
16606,09/26/21 07:15:00,29.015,,,,,
16607,09/26/21 07:30:00,29.115,,,,,
16608,09/26/21 07:45:00,29.115,,,,,
16609,09/26/21 08:00:00,29.115,,,,,
16610,09/26/21 08:15:00,29.090,,,,,
16611,09/26/21 08:30:00,29.140,,,,,
16612,09/26/21 08:45:00,29.165,,,,,
16613,09/26/21 09:00:00,29.165,,,,,
16614,09/26/21 09:15:00,29.165,,,,,
16615,09/26/21 09:30:00,28.990,,,,,
16616,09/26/21 09:45:00,28.791,,,,,
16617,09/26/21 10:00:00,28.766,,,,,
16618,09/26/21 10:15:00,28.791,,,,,
16619,09/26/21 10:30:00,28.816,,,,,
16620,09/26/21 10:45:00,29.065,,,,,
16621,09/26/21 11:00:00,29.165,,,,,
16622,09/26/21 11:15:00,29.165,,,,,
16623,09/26/21 11:30:00,29.140,,,,,
16624,09/26/21 11:45:00,29.040,,,,,
16625,09/26/21 12:00:00,29.015,,,,,
16626,09/26/21 12:15:00,28.891,,,,,
16627,09/26/21 12:30:00,28.941,,,,,
16628,09/26/21 12:45:00,29.065,,,,,
16629,09/26/21 13:00:00,29.040,,,,,
16630,09/26/21 13:15:00,29.115,,,,,
16631,09/26/21 13:30:00,29.115,,,,,
16632,09/26/21 13:45:00,29.140,,,,,
16633,09/26/21 14:00:00,29.190,,,,,
16634,09/26/21 14:15:00,29.290,,,,,
16635,09/26/21 14:30:00,29.140,,,,,
16636,09/26/21 14:45:00,29.365,,,,,
16637,09/26/21 15:00:00,29.414,,,,,
16638,09/26/21 15:15:00,29.414,,,,,
16639,09/26/21 15:30:00,29.389,,,,,
16640,09/26/21 15:45:00,29.414,,,,,
16641,09/26/21 16:00:00,29.365,,,,,
16642,09/26/21 16:15:00,29.290,,,,,
16643,09/26/21 16:30:00,29.165,,,,,
16644,09/26/21 16:45:00,29.165,,,,,
16645,09/26/21 17:00:00,29.190,,,,,
16646,09/26/21 17:15:00,29.215,,,,,
16647,09/26/21 17:30:00,29.265,,,,,
16648,09/26/21 17:45:00,29.165,,,,,
16649,09/26/21 18:00:00,29.165,,,,,
16650,09/26/21 18:15:00,29.190,,,,,
16651,09/26/21 18:30:00,29.290,,,,,
16652,09/26/21 18:45:00,29.265,,,,,
16653,09/26/21 19:00:00,29.265,,,,,
16654,09/26/21 19:15:00,29.265,,,,,
16655,09/26/21 19:30:00,29.290,,,,,
16656,09/26/21 19:45:00,29.290,,,,,
16657,09/26/21 20:00:00,29.115,,,,,
16658,09/26/21 20:15:00,29.365,,,,,
16659,09/26/21 20:30:00,29.414,,,,,
16660,09/26/21 20:45:00,29.565,,,,,
16661,09/26/21 21:00:00,29.640,,,,,
16662,09/26/21 21:15:00,29.540,,,,,
16663,09/26/21 21:30:00,29.464,,,,,
16664,09/26/21 21:45:00,29.115,,,,,
16665,09/26/21 22:00:00,29.115,,,,,
16666,09/26/21 22:15:00,29.265,,,,,
16667,09/26/21 22:30:00,29.365,,,,,
16668,09/26/21 22:45:00,29.315,,,,,
16669,09/26/21 23:00:00,29.389,,,,,
16670,09/26/21 23:15:00,29.515,,,,,
16671,09/26/21 23:30:00,29.540,,,,,
16672,09/26/21 23:45:00,29.540,,,,,
16673,09/27/21 00:00:00,29.690,,,,,
16674,09/27/21 00:15:00,29.515,,,,,
16675,09/27/21 00:30:00,29.515,,,,,
16676,09/27/21 00:45:00,29.665,,,,,
16677,09/27/21 01:00:00,29.565,,,,,
16678,09/27/21 01:15:00,29.540,,,,,
16679,09/27/21 01:30:00,29.464,,,,,
16680,09/27/21 01:45:00,29.414,,,,,
16681,09/27/21 02:00:00,29.389,,,,,
16682,09/27/21 02:15:00,29.414,,,,,
16683,09/27/21 02:30:00,29.389,,,,,
16684,09/27/21 02:45:00,29.439,,,,,
16685,09/27/21 03:00:00,29.389,,,,,
16686,09/27/21 03:15:00,29.464,,,,,
16687,09/27/21 03:30:00,29.464,,,,,
16688,09/27/21 03:45:00,29.464,,,,,
16689,09/27/21 04:00:00,29.439,,,,,
16690,09/27/21 04:15:00,29.414,,,,,
16691,09/27/21 04:30:00,29.414,,,,,
16692,09/27/21 04:45:00,29.389,,,,,
16693,09/27/21 05:00:00,29.414,,,,,
16694,09/27/21 05:15:00,29.439,,,,,
16695,09/27/21 05:30:00,29.414,,,,,
16696,09/27/21 05:45:00,29.340,,,,,
16697,09/27/21 06:00:00,29.315,,,,,
16698,09/27/21 06:15:00,29.315,,,,,
16699,09/27/21 06:30:00,29.340,,,,,
16700,09/27/21 06:45:00,29.414,,,,,
16701,09/27/21 07:00:00,29.389,,,,,
16702,09/27/21 07:15:00,29.365,,,,,
16703,09/27/21 07:30:00,29.315,,,,,
16704,09/27/21 07:45:00,29.315,,,,,
16705,09/27/21 08:00:00,28.866,,,,,
16706,09/27/21 08:15:00,29.065,,,,,
16707,09/27/21 08:30:00,29.115,,,,,
16708,09/27/21 08:45:00,29.115,,,,,
16709,09/27/21 09:00:00,29.065,,,,,
16710,09/27/21 09:15:00,29.065,,,,,
16711,09/27/21 09:30:00,29.140,,,,,
16712,09/27/21 09:45:00,29.265,,,,,
16713,09/27/21 10:00:00,29.315,,,,,
16714,09/27/21 10:15:00,29.365,,,,,
16715,09/27/21 10:30:00,29.290,,,,,
16716,09/27/21 10:45:00,28.816,,,,,
16717,09/27/21 11:00:00,28.791,,,,,
16718,09/27/21 11:15:00,28.941,,,,,
16719,09/27/21 11:30:00,29.165,,,,,
16720,09/27/21 11:45:00,29.240,,,,,
16721,09/27/21 12:00:00,29.365,,,,,
16722,09/27/21 12:15:00,29.365,,,,,
16723,09/27/21 12:30:00,29.490,,,,,
16724,09/27/21 12:45:00,29.414,,,,,
16725,09/27/21 13:00:00,29.365,,,,,
16726,09/27/21 13:15:00,29.414,,,,,
16727,09/27/21 13:30:00,29.515,,,,,
16728,09/27/21 13:45:00,29.439,,,,,
16729,09/27/21 14:00:00,29.490,,,,,
16730,09/27/21 14:15:00,29.389,,,,,
16731,09/27/21 14:30:00,29.340,,,,,
16732,09/27/21 14:45:00,29.464,,,,,
16733,09/27/21 15:00:00,29.590,,,,,
16734,09/27/21 15:15:00,29.615,,,,,
16735,09/27/21 15:30:00,29.540,,,,,
16736,09/27/21 15:45:00,29.540,,,,,
16737,09/27/21 16:00:00,29.590,,,,,
16738,09/27/21 16:15:00,29.640,,,,,
16739,09/27/21 16:30:00,29.265,,,,,
16740,09/27/21 16:45:00,29.265,,,,,
16741,09/27/21 17:00:00,29.215,,,,,
16742,09/27/21 17:15:00,29.090,,,,,
16743,09/27/21 17:30:00,29.140,,,,,
16744,09/27/21 17:45:00,29.065,,,,,
16745,09/27/21 18:00:00,29.165,,,,,
16746,09/27/21 18:15:00,29.115,,,,,
16747,09/27/21 18:30:00,29.115,,,,,
16748,09/27/21 18:45:00,29.065,,,,,
16749,09/27/21 19:00:00,29.165,,,,,
16750,09/27/21 19:15:00,29.190,,,,,
16751,09/27/21 19:30:00,29.140,,,,,
16752,09/27/21 19:45:00,29.215,,,,,
16753,09/27/21 20:00:00,29.090,,,,,
16754,09/27/21 20:15:00,29.040,,,,,
16755,09/27/21 20:30:00,29.090,,,,,
16756,09/27/21 20:45:00,28.891,,,,,
16757,09/27/21 21:00:00,28.742,,,,,
16758,09/27/21 21:15:00,28.916,,,,,
16759,09/27/21 21:30:00,29.165,,,,,
16760,09/27/21 21:45:00,29.165,,,,,
16761,09/27/21 22:00:00,29.190,,,,,
16762,09/27/21 22:15:00,29.389,,,,,
16763,09/27/21 22:30:00,29.565,,,,,
16764,09/27/21 22:45:00,29.815,,,,,
16765,09/27/21 23:00:00,29.840,,,,,
16766,09/27/21 23:15:00,29.840,,,,,
16767,09/27/21 23:30:00,29.840,,,,,
16768,09/27/21 23:45:00,29.840,,,,,
16769,09/28/21 00:00:00,29.815,,,,,
16770,09/28/21 00:15:00,29.540,,,,,
16771,09/28/21 00:30:00,29.515,,,,,
16772,09/28/21 00:45:00,29.490,,,,,
16773,09/28/21 01:00:00,29.439,,,,,
16774,09/28/21 01:15:00,29.464,,,,,
16775,09/28/21 01:30:00,29.464,,,,,
16776,09/28/21 01:45:00,29.490,,,,,
16777,09/28/21 02:00:00,29.515,,,,,
16778,09/28/21 02:15:00,29.540,,,,,
16779,09/28/21 02:30:00,29.615,,,,,
16780,09/28/21 02:45:00,29.665,,,,,
16781,09/28/21 03:00:00,29.665,,,,,
16782,09/28/21 03:15:00,29.715,,,,,
16783,09/28/21 03:30:00,29.565,,,,,
16784,09/28/21 03:45:00,29.640,,,,,
16785,09/28/21 04:00:00,29.615,,,,,
16786,09/28/21 04:15:00,29.590,,,,,
16787,09/28/21 04:30:00,29.565,,,,,
16788,09/28/21 04:45:00,29.439,,,,,
16789,09/28/21 05:00:00,29.215,,,,,
16790,09/28/21 05:15:00,29.115,,,,,
16791,09/28/21 05:30:00,29.290,,,,,
16792,09/28/21 05:45:00,29.090,,,,,
16793,09/28/21 06:00:00,29.165,,,,,
16794,09/28/21 06:15:00,28.990,,,,,
16795,09/28/21 06:30:00,28.990,,,,,
16796,09/28/21 06:45:00,29.140,,,,,
16797,09/28/21 07:00:00,29.215,,,,,
16798,09/28/21 07:15:00,28.766,,,,,
16799,09/28/21 07:30:00,28.891,,,,,
16800,09/28/21 07:45:00,28.692,,,,,
16801,09/28/21 08:00:00,28.866,,,,,
16802,09/28/21 08:15:00,29.115,,,,,
16803,09/28/21 08:30:00,28.916,,,,,
16804,09/28/21 08:45:00,28.642,,,,,
16805,09/28/21 09:00:00,28.518,,,,,
16806,09/28/21 09:15:00,28.617,,,,,
16807,09/28/21 09:30:00,28.593,,,,,
16808,09/28/21 09:45:00,28.841,,,,,
16809,09/28/21 10:00:00,29.115,,,,,
16810,09/28/21 10:15:00,29.015,,,,,
16811,09/28/21 10:30:00,29.015,,,,,
16812,09/28/21 10:45:00,28.617,,,,,
16813,09/28/21 11:00:00,28.593,,,,,
16814,09/28/21 11:15:00,28.816,,,,,
16815,09/28/21 11:30:00,28.941,,,,,
16816,09/28/21 11:45:00,29.040,,,,,
16817,09/28/21 12:00:00,29.190,,,,,
16818,09/28/21 12:15:00,29.240,,,,,
16819,09/28/21 12:30:00,29.315,,,,,
16820,09/28/21 12:45:00,29.340,,,,,
16821,09/28/21 13:00:00,29.389,,,,,
16822,09/28/21 13:15:00,29.615,,,,,
16823,09/28/21 13:30:00,29.490,,,,,
16824,09/28/21 13:45:00,29.389,,,,,
16825,09/28/21 14:00:00,29.439,,,,,
16826,09/28/21 14:15:00,29.540,,,,,
16827,09/28/21 14:30:00,29.565,,,,,
16828,09/28/21 14:45:00,29.640,,,,,
16829,09/28/21 15:00:00,29.640,,,,,
16830,09/28/21 15:15:00,29.615,,,,,
16831,09/28/21 15:30:00,29.565,,,,,
16832,09/28/21 15:45:00,29.565,,,,,
16833,09/28/21 16:00:00,29.565,,,,,
16834,09/28/21 16:15:00,29.590,,,,,
16835,09/28/21 16:30:00,29.615,,,,,
16836,09/28/21 16:45:00,29.615,,,,,
16837,09/28/21 17:00:00,29.615,,,,,
16838,09/28/21 17:15:00,29.590,,,,,
16839,09/28/21 17:30:00,29.540,,,,,
16840,09/28/21 17:45:00,29.439,,,,,
16841,09/28/21 18:00:00,29.490,,,,,
16842,09/28/21 18:15:00,29.365,,,,,
16843,09/28/21 18:30:00,29.365,,,,,
16844,09/28/21 18:45:00,29.365,,,,,
16845,09/28/21 19:00:00,29.340,,,,,
16846,09/28/21 19:15:00,29.315,,,,,
16847,09/28/21 19:30:00,29.315,,,,,
16848,09/28/21 19:45:00,29.340,,,,,
16849,09/28/21 20:00:00,29.389,,,,,
16850,09/28/21 20:15:00,29.365,,,,,
16851,09/28/21 20:30:00,29.365,,,,,
16852,09/28/21 20:45:00,29.365,,,,,
16853,09/28/21 21:00:00,29.640,,,,,
16854,09/28/21 21:15:00,29.665,,,,,
16855,09/28/21 21:30:00,29.665,,,,,
16856,09/28/21 21:45:00,29.414,,,,,
16857,09/28/21 22:00:00,29.715,,,,,
16858,09/28/21 22:15:00,29.765,,,,,
16859,09/28/21 22:30:00,29.740,,,,,
16860,09/28/21 22:45:00,29.740,,,,,
16861,09/28/21 23:00:00,29.765,,,,,
16862,09/28/21 23:15:00,29.790,,,,,
16863,09/28/21 23:30:00,29.765,,,,,
16864,09/28/21 23:45:00,29.765,,,,,
16865,09/29/21 00:00:00,29.790,,,,,
16866,09/29/21 00:15:00,29.815,,,,,
16867,09/29/21 00:30:00,29.815,,,,,
16868,09/29/21 00:45:00,29.840,,,,,
16869,09/29/21 01:00:00,29.815,,,,,
16870,09/29/21 01:15:00,29.740,,,,,
16871,09/29/21 01:30:00,29.715,,,,,
16872,09/29/21 01:45:00,29.640,,,,,
16873,09/29/21 02:00:00,29.615,,,,,
16874,09/29/21 02:15:00,29.590,,,,,
16875,09/29/21 02:30:00,29.490,,,,,
16876,09/29/21 02:45:00,29.515,,,,,
16877,09/29/21 03:00:00,29.515,,,,,
16878,09/29/21 03:15:00,29.615,,,,,
16879,09/29/21 03:30:00,29.665,,,,,
16880,09/29/21 03:45:00,29.665,,,,,
16881,09/29/21 04:00:00,29.464,,,,,
16882,09/29/21 04:15:00,29.389,,,,,
16883,09/29/21 04:30:00,29.190,,,,,
16884,09/29/21 04:45:00,29.165,,,,,
16885,09/29/21 05:00:00,29.290,,,,,
16886,09/29/21 05:15:00,29.490,,,,,
16887,09/29/21 05:30:00,29.490,,,,,
16888,09/29/21 05:45:00,29.540,,,,,
16889,09/29/21 06:00:00,29.540,,,,,
16890,09/29/21 06:15:00,29.565,,,,,
16891,09/29/21 06:30:00,29.615,,,,,
16892,09/29/21 06:45:00,29.540,,,,,
16893,09/29/21 07:00:00,29.540,,,,,
16894,09/29/21 07:15:00,29.515,,,,,
16895,09/29/21 07:30:00,29.315,,,,,
16896,09/29/21 07:45:00,29.240,,,,,
16897,09/29/21 08:00:00,29.215,,,,,
16898,09/29/21 08:15:00,29.040,,,,,
16899,09/29/21 08:30:00,29.015,,,,,
16900,09/29/21 08:45:00,28.965,,,,,
16901,09/29/21 09:00:00,29.015,,,,,
16902,09/29/21 09:15:00,29.090,,,,,
16903,09/29/21 09:30:00,28.841,,,,,
16904,09/29/21 09:45:00,29.015,,,,,
16905,09/29/21 10:00:00,29.165,,,,,
16906,09/29/21 10:15:00,29.115,,,,,
16907,09/29/21 10:30:00,29.115,,,,,
16908,09/29/21 10:45:00,28.965,,,,,
16909,09/29/21 11:00:00,28.717,,,,,
16910,09/29/21 11:15:00,28.518,,,,,
16911,09/29/21 11:30:00,28.518,,,,,
16912,09/29/21 11:45:00,28.468,,,,,
16913,09/29/21 12:00:00,28.667,,,,,
16914,09/29/21 12:15:00,28.493,,,,,
16915,09/29/21 12:30:00,28.543,,,,,
16916,09/29/21 12:45:00,28.617,,,,,
16917,09/29/21 13:00:00,28.617,,,,,
16918,09/29/21 13:15:00,28.816,,,,,
16919,09/29/21 13:30:00,29.115,,,,,
16920,09/29/21 13:45:00,29.340,,,,,
16921,09/29/21 14:00:00,29.315,,,,,
16922,09/29/21 14:15:00,29.365,,,,,
16923,09/29/21 14:30:00,29.414,,,,,
16924,09/29/21 14:45:00,29.365,,,,,
16925,09/29/21 15:00:00,29.365,,,,,
16926,09/29/21 15:15:00,29.389,,,,,
16927,09/29/21 15:30:00,29.315,,,,,
16928,09/29/21 15:45:00,29.315,,,,,
16929,09/29/21 16:00:00,29.315,,,,,
16930,09/29/21 16:15:00,29.315,,,,,
16931,09/29/21 16:30:00,29.190,,,,,
16932,09/29/21 16:45:00,29.215,,,,,
16933,09/29/21 17:00:00,29.439,,,,,
16934,09/29/21 17:15:00,29.315,,,,,
16935,09/29/21 17:30:00,29.439,,,,,
16936,09/29/21 17:45:00,29.365,,,,,
16937,09/29/21 18:00:00,29.215,,,,,
16938,09/29/21 18:15:00,28.916,,,,,
16939,09/29/21 18:30:00,29.414,,,,,
16940,09/29/21 18:45:00,29.490,,,,,
16941,09/29/21 19:00:00,29.265,,,,,
16942,09/29/21 19:15:00,29.015,,,,,
16943,09/29/21 19:30:00,29.140,,,,,
16944,09/29/21 19:45:00,29.315,,,,,
16945,09/29/21 20:00:00,29.414,,,,,
16946,09/29/21 20:15:00,29.190,,,,,
16947,09/29/21 20:30:00,29.190,,,,,
16948,09/29/21 20:45:00,29.190,,,,,
16949,09/29/21 21:00:00,29.290,,,,,
16950,09/29/21 21:15:00,29.365,,,,,
16951,09/29/21 21:30:00,29.365,,,,,
16952,09/29/21 21:45:00,29.340,,,,,
16953,09/29/21 22:00:00,29.290,,,,,
16954,09/29/21 22:15:00,29.615,,,,,
16955,09/29/21 22:30:00,29.590,,,,,
16956,09/29/21 22:45:00,29.890,,,,,
16957,09/29/21 23:00:00,29.890,,,,,
16958,09/29/21 23:15:00,29.815,,,,,
16959,09/29/21 23:30:00,29.765,,,,,
16960,09/29/21 23:45:00,29.740,,,,,
16961,09/30/21 00:00:00,29.590,,,,,
16962,09/30/21 00:15:00,29.615,,,,,
16963,09/30/21 00:30:00,29.715,,,,,
16964,09/30/21 00:45:00,29.665,,,,,
16965,09/30/21 01:00:00,29.740,,,,,
16966,09/30/21 01:15:00,29.790,,,,,
16967,09/30/21 01:30:00,29.765,,,,,
16968,09/30/21 01:45:00,29.765,,,,,
16969,09/30/21 02:00:00,29.790,,,,,
16970,09/30/21 02:15:00,29.790,,,,,
16971,09/30/21 02:30:00,29.765,,,,,
16972,09/30/21 02:45:00,29.765,,,,,
16973,09/30/21 03:00:00,29.740,,,,,
16974,09/30/21 03:15:00,29.715,,,,,
16975,09/30/21 03:30:00,29.715,,,,,
16976,09/30/21 03:45:00,29.790,,,,,
16977,09/30/21 04:00:00,29.765,,,,,
16978,09/30/21 04:15:00,29.790,,,,,
16979,09/30/21 04:30:00,29.490,,,,,
16980,09/30/21 04:45:00,29.414,,,,,
16981,09/30/21 05:00:00,29.389,,,,,
16982,09/30/21 05:15:00,29.365,,,,,
16983,09/30/21 05:30:00,29.389,,,,,
16984,09/30/21 05:45:00,29.365,,,,,
16985,09/30/21 06:00:00,29.290,,,,,
16986,09/30/21 06:15:00,29.315,,,,,
16987,09/30/21 06:30:00,29.065,,,,,
16988,09/30/21 06:45:00,29.065,,,,,
16989,09/30/21 07:00:00,29.065,,,,,
16990,09/30/21 07:15:00,29.115,,,,,
16991,09/30/21 07:30:00,29.090,,,,,
16992,09/30/21 07:45:00,29.115,,,,,
16993,09/30/21 08:00:00,29.140,,,,,
16994,09/30/21 08:15:00,28.965,,,,,
16995,09/30/21 08:30:00,28.916,,,,,
16996,09/30/21 08:45:00,28.941,,,,,
16997,09/30/21 09:00:00,29.015,,,,,
16998,09/30/21 09:15:00,28.916,,,,,
16999,09/30/21 09:30:00,29.015,,,,,
17000,09/30/21 09:45:00,28.990,,,,,
17001,09/30/21 10:00:00,28.990,,,,,
17002,09/30/21 10:15:00,29.065,,,,,
17003,09/30/21 10:30:00,29.115,,,,,
17004,09/30/21 10:45:00,29.090,,,,,
17005,09/30/21 11:00:00,29.065,,,,,
17006,09/30/21 11:15:00,28.891,,,,,
17007,09/30/21 11:30:00,28.617,,,,,
17008,09/30/21 11:45:00,28.568,,,,,
17009,09/30/21 12:00:00,28.791,,,,,
17010,09/30/21 12:15:00,28.916,,,,,
17011,09/30/21 12:30:00,29.015,,,,,
17012,09/30/21 12:45:00,29.065,,,,,
17013,09/30/21 13:00:00,29.065,,,,,
17014,09/30/21 13:15:00,29.090,,,,,
17015,09/30/21 13:30:00,29.090,,,,,
17016,09/30/21 13:45:00,29.065,,,,,
17017,09/30/21 14:00:00,29.065,,,,,
17018,09/30/21 14:15:00,29.015,,,,,
17019,09/30/21 14:30:00,28.891,,,,,
17020,09/30/21 14:45:00,28.816,,,,,
17021,09/30/21 15:00:00,28.717,,,,,
17022,09/30/21 15:15:00,28.866,,,,,
17023,09/30/21 15:30:00,28.816,,,,,
17024,09/30/21 15:45:00,28.717,,,,,
17025,09/30/21 16:00:00,28.791,,,,,
17026,09/30/21 16:15:00,28.617,,,,,
17027,09/30/21 16:30:00,28.593,,,,,
17028,09/30/21 16:45:00,28.518,,,,,
17029,09/30/21 17:00:00,28.493,,,,,
17030,09/30/21 17:15:00,28.593,,,,,
17031,09/30/21 17:30:00,28.593,,,,,
17032,09/30/21 17:45:00,28.320,,,,,
17033,09/30/21 18:00:00,28.568,,,,,
17034,09/30/21 18:15:00,28.791,,,,,
17035,09/30/21 18:30:00,28.692,,,,,
17036,09/30/21 18:45:00,29.140,,,,,
17037,09/30/21 19:00:00,29.115,,,,,
17038,09/30/21 19:15:00,29.115,,,,,
17039,09/30/21 19:30:00,29.140,,,,,
17040,09/30/21 19:45:00,28.766,,,,,
17041,09/30/21 20:00:00,28.965,,,,,
17042,09/30/21 20:15:00,29.115,,,,,
17043,09/30/21 20:30:00,29.065,,,,,
17044,09/30/21 20:45:00,29.215,,,,,
17045,09/30/21 21:00:00,29.040,,,,,
17046,09/30/21 21:15:00,29.065,,,,,
17047,09/30/21 21:30:00,29.065,,,,,
17048,09/30/21 21:45:00,29.090,,,,,
17049,09/30/21 22:00:00,29.115,,,,,
17050,09/30/21 22:15:00,29.165,,,,,
17051,09/30/21 22:30:00,29.240,,,,,
17052,09/30/21 22:45:00,29.389,,,,,
17053,09/30/21 23:00:00,29.365,,,,,
17054,09/30/21 23:15:00,29.389,,,,,
17055,09/30/21 23:30:00,29.265,,,,,
17056,09/30/21 23:45:00,29.540,,,,,
17057,10/01/21 00:00:00,29.565,,,,,
17058,10/01/21 00:15:00,29.640,,,,,
17059,10/01/21 00:30:00,29.690,,,,,
17060,10/01/21 00:45:00,29.765,,,,,
17061,10/01/21 01:00:00,29.740,,,,,
17062,10/01/21 01:15:00,29.890,,,,,
17063,10/01/21 01:30:00,29.815,,,,,
17064,10/01/21 01:45:00,29.815,,,,,
17065,10/01/21 02:00:00,29.790,,,,,
17066,10/01/21 02:15:00,29.865,,,,,
17067,10/01/21 02:30:00,29.765,,,,,
17068,10/01/21 02:45:00,29.790,,,,,
17069,10/01/21 03:00:00,29.740,,,,,
17070,10/01/21 03:15:00,29.690,,,,,
17071,10/01/21 03:30:00,29.590,,,,,
17072,10/01/21 03:45:00,29.615,,,,,
17073,10/01/21 04:00:00,29.615,,,,,
17074,10/01/21 04:15:00,29.615,,,,,
17075,10/01/21 04:30:00,29.665,,,,,
17076,10/01/21 04:45:00,29.590,,,,,
17077,10/01/21 05:00:00,29.515,,,,,
17078,10/01/21 05:15:00,29.565,,,,,
17079,10/01/21 05:30:00,29.565,,,,,
17080,10/01/21 05:45:00,29.515,,,,,
17081,10/01/21 06:00:00,29.565,,,,,
17082,10/01/21 06:15:00,29.690,,,,,
17083,10/01/21 06:30:00,29.790,,,,,
17084,10/01/21 06:45:00,29.790,,,,,
17085,10/01/21 07:00:00,29.640,,,,,
17086,10/01/21 07:15:00,29.490,,,,,
17087,10/01/21 07:30:00,29.165,,,,,
17088,10/01/21 07:45:00,29.439,,,,,
17089,10/01/21 08:00:00,29.565,,,,,
17090,10/01/21 08:15:00,29.565,,,,,
17091,10/01/21 08:30:00,29.240,,,,,
17092,10/01/21 08:45:00,29.090,,,,,
17093,10/01/21 09:00:00,28.941,,,,,
17094,10/01/21 09:15:00,28.916,,,,,
17095,10/01/21 09:30:00,28.916,,,,,
17096,10/01/21 09:45:00,28.965,,,,,
17097,10/01/21 10:00:00,29.015,,,,,
17098,10/01/21 10:15:00,29.065,,,,,
17099,10/01/21 10:30:00,28.816,,,,,
17100,10/01/21 10:45:00,28.791,,,,,
17101,10/01/21 11:00:00,28.766,,,,,
17102,10/01/21 11:15:00,28.717,,,,,
17103,10/01/21 11:30:00,28.841,,,,,
17104,10/01/21 11:45:00,28.941,,,,,
17105,10/01/21 12:00:00,29.040,,,,,
17106,10/01/21 12:15:00,28.891,,,,,
17107,10/01/21 12:30:00,29.065,,,,,
17108,10/01/21 12:45:00,28.816,,,,,
17109,10/01/21 13:00:00,28.791,,,,,
17110,10/01/21 13:15:00,28.766,,,,,
17111,10/01/21 13:30:00,28.766,,,,,
17112,10/01/21 13:45:00,28.766,,,,,
17113,10/01/21 14:00:00,28.791,,,,,
17114,10/01/21 14:15:00,28.766,,,,,
17115,10/01/21 14:30:00,28.891,,,,,
17116,10/01/21 14:45:00,29.090,,,,,
17117,10/01/21 15:00:00,29.240,,,,,
17118,10/01/21 15:15:00,29.265,,,,,
17119,10/01/21 15:30:00,29.315,,,,,
17120,10/01/21 15:45:00,29.464,,,,,
17121,10/01/21 16:00:00,29.215,,,,,
17122,10/01/21 16:15:00,29.240,,,,,
17123,10/01/21 16:30:00,29.265,,,,,
17124,10/01/21 16:45:00,29.365,,,,,
17125,10/01/21 17:00:00,29.215,,,,,
17126,10/01/21 17:15:00,29.140,,,,,
17127,10/01/21 17:30:00,29.015,,,,,
17128,10/01/21 17:45:00,28.990,,,,,
17129,10/01/21 18:00:00,29.015,,,,,
17130,10/01/21 18:15:00,28.990,,,,,
17131,10/01/21 18:30:00,29.015,,,,,
17132,10/01/21 18:45:00,29.015,,,,,
17133,10/01/21 19:00:00,29.090,,,,,
17134,10/01/21 19:15:00,29.090,,,,,
17135,10/01/21 19:30:00,29.090,,,,,
17136,10/01/21 19:45:00,29.065,,,,,
17137,10/01/21 20:00:00,29.090,,,,,
17138,10/01/21 20:15:00,29.040,,,,,
17139,10/01/21 20:30:00,29.065,,,,,
17140,10/01/21 20:45:00,29.090,,,,,
17141,10/01/21 21:00:00,29.290,,,,,
17142,10/01/21 21:15:00,29.439,,,,,
17143,10/01/21 21:30:00,29.414,,,,,
17144,10/01/21 21:45:00,29.190,,,,,
17145,10/01/21 22:00:00,29.215,,,,,
17146,10/01/21 22:15:00,29.315,,,,,
17147,10/01/21 22:30:00,29.290,,,,,
17148,10/01/21 22:45:00,29.240,,,,,
17149,10/01/21 23:00:00,29.190,,,,,
17150,10/01/21 23:15:00,29.215,,,,,
17151,10/01/21 23:30:00,29.240,,,,,
17152,10/01/21 23:45:00,29.439,,,,,
17153,10/02/21 00:00:00,29.665,,,,,
17154,10/02/21 00:15:00,29.389,,,,,
17155,10/02/21 00:30:00,29.315,,,,,
17156,10/02/21 00:45:00,29.439,,,,,
17157,10/02/21 01:00:00,29.565,,,,,
17158,10/02/21 01:15:00,29.515,,,,,
17159,10/02/21 01:30:00,29.640,,,,,
17160,10/02/21 01:45:00,29.515,,,,,
17161,10/02/21 02:00:00,29.565,,,,,
17162,10/02/21 02:15:00,29.590,,,,,
17163,10/02/21 02:30:00,29.665,,,,,
17164,10/02/21 02:45:00,29.615,,,,,
17165,10/02/21 03:00:00,29.490,,,,,
17166,10/02/21 03:15:00,29.640,,,,,
17167,10/02/21 03:30:00,29.615,,,,,
17168,10/02/21 03:45:00,29.690,,,,,
17169,10/02/21 04:00:00,29.690,,,,,
17170,10/02/21 04:15:00,29.690,,,,,
17171,10/02/21 04:30:00,29.765,,,,,
17172,10/02/21 04:45:00,29.590,,,,,
17173,10/02/21 05:00:00,29.490,,,,,
17174,10/02/21 05:15:00,29.540,,,,,
17175,10/02/21 05:30:00,29.315,,,,,
17176,10/02/21 05:45:00,29.290,,,,,
17177,10/02/21 06:00:00,29.340,,,,,
17178,10/02/21 06:15:00,29.389,,,,,
17179,10/02/21 06:30:00,29.365,,,,,
17180,10/02/21 06:45:00,29.464,,,,,
17181,10/02/21 07:00:00,29.490,,,,,
17182,10/02/21 07:15:00,29.515,,,,,
17183,10/02/21 07:30:00,29.464,,,,,
17184,10/02/21 07:45:00,29.439,,,,,
17185,10/02/21 08:00:00,29.389,,,,,
17186,10/02/21 08:15:00,29.439,,,,,
17187,10/02/21 08:30:00,29.414,,,,,
17188,10/02/21 08:45:00,29.439,,,,,
17189,10/02/21 09:00:00,29.464,,,,,
17190,10/02/21 09:15:00,29.439,,,,,
17191,10/02/21 09:30:00,29.490,,,,,
17192,10/02/21 09:45:00,28.990,,,,,
17193,10/02/21 10:00:00,28.717,,,,,
17194,10/02/21 10:15:00,28.642,,,,,
17195,10/02/21 10:30:00,28.593,,,,,
17196,10/02/21 10:45:00,28.766,,,,,
17197,10/02/21 11:00:00,28.816,,,,,
17198,10/02/21 11:15:00,28.816,,,,,
17199,10/02/21 11:30:00,28.941,,,,,
17200,10/02/21 11:45:00,29.215,,,,,
17201,10/02/21 12:00:00,28.941,,,,,
17202,10/02/21 12:15:00,28.766,,,,,
17203,10/02/21 12:30:00,28.742,,,,,
17204,10/02/21 12:45:00,28.717,,,,,
17205,10/02/21 13:00:00,28.692,,,,,
17206,10/02/21 13:15:00,28.816,,,,,
17207,10/02/21 13:30:00,28.965,,,,,
17208,10/02/21 13:45:00,29.265,,,,,
17209,10/02/21 14:00:00,29.290,,,,,
17210,10/02/21 14:15:00,29.290,,,,,
17211,10/02/21 14:30:00,29.315,,,,,
17212,10/02/21 14:45:00,29.414,,,,,
17213,10/02/21 15:00:00,29.439,,,,,
17214,10/02/21 15:15:00,29.340,,,,,
17215,10/02/21 15:30:00,29.315,,,,,
17216,10/02/21 15:45:00,29.265,,,,,
17217,10/02/21 16:00:00,29.315,,,,,
17218,10/02/21 16:15:00,29.290,,,,,
17219,10/02/21 16:30:00,29.414,,,,,
17220,10/02/21 16:45:00,29.389,,,,,
17221,10/02/21 17:00:00,29.439,,,,,
17222,10/02/21 17:15:00,29.365,,,,,
17223,10/02/21 17:30:00,29.389,,,,,
17224,10/02/21 17:45:00,29.365,,,,,
17225,10/02/21 18:00:00,29.365,,,,,
17226,10/02/21 18:15:00,29.315,,,,,
17227,10/02/21 18:30:00,29.190,,,,,
17228,10/02/21 18:45:00,29.315,,,,,
17229,10/02/21 19:00:00,29.315,,,,,
17230,10/02/21 19:15:00,29.340,,,,,
17231,10/02/21 19:30:00,29.240,,,,,
17232,10/02/21 19:45:00,29.315,,,,,
17233,10/02/21 20:00:00,29.365,,,,,
17234,10/02/21 20:15:00,29.215,,,,,
17235,10/02/21 20:30:00,29.315,,,,,
17236,10/02/21 20:45:00,29.340,,,,,
17237,10/02/21 21:00:00,28.965,,,,,
17238,10/02/21 21:15:00,29.065,,,,,
17239,10/02/21 21:30:00,29.165,,,,,
17240,10/02/21 21:45:00,29.290,,,,,
17241,10/02/21 22:00:00,29.090,,,,,
17242,10/02/21 22:15:00,28.766,,,,,
17243,10/02/21 22:30:00,28.841,,,,,
17244,10/02/21 22:45:00,28.941,,,,,
17245,10/02/21 23:00:00,29.265,,,,,
17246,10/02/21 23:15:00,29.365,,,,,
17247,10/02/21 23:30:00,29.464,,,,,
17248,10/02/21 23:45:00,29.515,,,,,
17249,10/03/21 00:00:00,29.765,,,,,
17250,10/03/21 00:15:00,29.815,,,,,
17251,10/03/21 00:30:00,29.640,,,,,
17252,10/03/21 00:45:00,29.439,,,,,
17253,10/03/21 01:00:00,29.389,,,,,
17254,10/03/21 01:15:00,29.365,,,,,
17255,10/03/21 01:30:00,29.439,,,,,
17256,10/03/21 01:45:00,29.414,,,,,
17257,10/03/21 02:00:00,29.414,,,,,
17258,10/03/21 02:15:00,29.464,,,,,
17259,10/03/21 02:30:00,29.515,,,,,
17260,10/03/21 02:45:00,29.490,,,,,
17261,10/03/21 03:00:00,29.565,,,,,
17262,10/03/21 03:15:00,29.565,,,,,
17263,10/03/21 03:30:00,29.665,,,,,
17264,10/03/21 03:45:00,29.565,,,,,
17265,10/03/21 04:00:00,29.540,,,,,
17266,10/03/21 04:15:00,29.640,,,,,
17267,10/03/21 04:30:00,29.740,,,,,
17268,10/03/21 04:45:00,29.640,,,,,
17269,10/03/21 05:00:00,29.665,,,,,
17270,10/03/21 05:15:00,29.690,,,,,
17271,10/03/21 05:30:00,29.665,,,,,
17272,10/03/21 05:45:00,29.715,,,,,
17273,10/03/21 06:00:00,29.690,,,,,
17274,10/03/21 06:15:00,29.615,,,,,
17275,10/03/21 06:30:00,29.615,,,,,
17276,10/03/21 06:45:00,29.565,,,,,
17277,10/03/21 07:00:00,29.540,,,,,
17278,10/03/21 07:15:00,29.515,,,,,
17279,10/03/21 07:30:00,29.464,,,,,
17280,10/03/21 07:45:00,29.365,,,,,
17281,10/03/21 08:00:00,29.215,,,,,
17282,10/03/21 08:15:00,29.265,,,,,
17283,10/03/21 08:30:00,29.265,,,,,
17284,10/03/21 08:45:00,29.290,,,,,
17285,10/03/21 09:00:00,29.215,,,,,
17286,10/03/21 09:15:00,29.215,,,,,
17287,10/03/21 09:30:00,29.190,,,,,
17288,10/03/21 09:45:00,29.215,,,,,
17289,10/03/21 10:00:00,29.290,,,,,
17290,10/03/21 10:15:00,29.265,,,,,
17291,10/03/21 10:30:00,29.389,,,,,
17292,10/03/21 10:45:00,29.365,,,,,
17293,10/03/21 11:00:00,29.165,,,,,
17294,10/03/21 11:15:00,29.065,,,,,
17295,10/03/21 11:30:00,29.015,,,,,
17296,10/03/21 11:45:00,29.140,,,,,
17297,10/03/21 12:00:00,29.165,,,,,
17298,10/03/21 12:15:00,29.240,,,,,
17299,10/03/21 12:30:00,29.265,,,,,
17300,10/03/21 12:45:00,29.340,,,,,
17301,10/03/21 13:00:00,29.365,,,,,
17302,10/03/21 13:15:00,29.414,,,,,
17303,10/03/21 13:30:00,29.515,,,,,
17304,10/03/21 13:45:00,29.540,,,,,
17305,10/03/21 14:00:00,29.540,,,,,
17306,10/03/21 14:15:00,29.464,,,,,
17307,10/03/21 14:30:00,29.365,,,,,
17308,10/03/21 14:45:00,29.340,,,,,
17309,10/03/21 15:00:00,29.290,,,,,
17310,10/03/21 15:15:00,29.215,,,,,
17311,10/03/21 15:30:00,29.140,,,,,
17312,10/03/21 15:45:00,29.190,,,,,
17313,10/03/21 16:00:00,29.215,,,,,
17314,10/03/21 16:15:00,29.265,,,,,
17315,10/03/21 16:30:00,29.240,,,,,
17316,10/03/21 16:45:00,29.290,,,,,
17317,10/03/21 17:00:00,29.315,,,,,
17318,10/03/21 17:15:00,29.315,,,,,
17319,10/03/21 17:30:00,29.365,,,,,
17320,10/03/21 17:45:00,29.515,,,,,
17321,10/03/21 18:00:00,29.665,,,,,
17322,10/03/21 18:15:00,29.765,,,,,
17323,10/03/21 18:30:00,29.815,,,,,
17324,10/03/21 18:45:00,29.890,,,,,
17325,10/03/21 19:00:00,29.916,,,,,
17326,10/03/21 19:15:00,29.840,,,,,
17327,10/03/21 19:30:00,29.865,,,,,
17328,10/03/21 19:45:00,29.840,,,,,
17329,10/03/21 20:00:00,29.740,,,,,
17330,10/03/21 20:15:00,29.740,,,,,
17331,10/03/21 20:30:00,29.690,,,,,
17332,10/03/21 20:45:00,29.340,,,,,
17333,10/03/21 21:00:00,29.290,,,,,
17334,10/03/21 21:15:00,29.615,,,,,
17335,10/03/21 21:30:00,29.290,,,,,
17336,10/03/21 21:45:00,29.115,,,,,
17337,10/03/21 22:00:00,29.515,,,,,
17338,10/03/21 22:15:00,29.464,,,,,
17339,10/03/21 22:30:00,29.540,,,,,
17340,10/03/21 22:45:00,29.515,,,,,
17341,10/03/21 23:00:00,29.615,,,,,
17342,10/03/21 23:15:00,29.690,,,,,
17343,10/03/21 23:30:00,29.715,,,,,
17344,10/03/21 23:45:00,29.715,,,,,
17345,10/04/21 00:00:00,29.740,,,,,
17346,10/04/21 00:15:00,29.740,,,,,
17347,10/04/21 00:30:00,29.790,,,,,
17348,10/04/21 00:45:00,29.815,,,,,
17349,10/04/21 01:00:00,29.815,,,,,
17350,10/04/21 01:15:00,29.740,,,,,
17351,10/04/21 01:30:00,29.740,,,,,
17352,10/04/21 01:45:00,29.715,,,,,
17353,10/04/21 02:00:00,29.740,,,,,
17354,10/04/21 02:15:00,29.740,,,,,
17355,10/04/21 02:30:00,29.715,,,,,
17356,10/04/21 02:45:00,29.765,,,,,
17357,10/04/21 03:00:00,29.715,,,,,
17358,10/04/21 03:15:00,29.690,,,,,
17359,10/04/21 03:30:00,29.690,,,,,
17360,10/04/21 03:45:00,29.690,,,,,
17361,10/04/21 04:00:00,29.690,,,,,
17362,10/04/21 04:15:00,29.640,,,,,
17363,10/04/21 04:30:00,29.615,,,,,
17364,10/04/21 04:45:00,29.540,,,,,
17365,10/04/21 05:00:00,29.565,,,,,
17366,10/04/21 05:15:00,29.490,,,,,
17367,10/04/21 05:30:00,29.515,,,,,
17368,10/04/21 05:45:00,29.665,,,,,
17369,10/04/21 06:00:00,29.515,,,,,
17370,10/04/21 06:15:00,29.414,,,,,
17371,10/04/21 06:30:00,29.414,,,,,
17372,10/04/21 06:45:00,29.615,,,,,
17373,10/04/21 07:00:00,29.640,,,,,
17374,10/04/21 07:15:00,29.615,,,,,
17375,10/04/21 07:30:00,29.515,,,,,
17376,10/04/21 07:45:00,29.590,,,,,
17377,10/04/21 08:00:00,29.615,,,,,
17378,10/04/21 08:15:00,29.615,,,,,
17379,10/04/21 08:30:00,29.515,,,,,
17380,10/04/21 08:45:00,29.490,,,,,
17381,10/04/21 09:00:00,29.665,,,,,
17382,10/04/21 09:15:00,29.665,,,,,
17383,10/04/21 09:30:00,29.615,,,,,
17384,10/04/21 09:45:00,29.439,,,,,
17385,10/04/21 10:00:00,29.414,,,,,
17386,10/04/21 10:15:00,29.340,,,,,
17387,10/04/21 10:30:00,29.414,,,,,
17388,10/04/21 10:45:00,29.515,,,,,
17389,10/04/21 11:00:00,29.515,,,,,
17390,10/04/21 11:15:00,29.240,,,,,
17391,10/04/21 11:30:00,29.115,,,,,
17392,10/04/21 11:45:00,29.140,,,,,
17393,10/04/21 12:00:00,29.115,,,,,
17394,10/04/21 12:15:00,28.965,,,,,
17395,10/04/21 12:30:00,29.065,,,,,
17396,10/04/21 12:45:00,29.140,,,,,
17397,10/04/21 13:00:00,29.165,,,,,
17398,10/04/21 13:15:00,29.140,,,,,
17399,10/04/21 13:30:00,29.165,,,,,
17400,10/04/21 13:45:00,29.165,,,,,
17401,10/04/21 14:00:00,29.165,,,,,
17402,10/04/21 14:15:00,29.190,,,,,
17403,10/04/21 14:30:00,29.190,,,,,
17404,10/04/21 14:45:00,29.265,,,,,
17405,10/04/21 15:00:00,29.340,,,,,
17406,10/04/21 15:15:00,29.365,,,,,
17407,10/04/21 15:30:00,29.365,,,,,
17408,10/04/21 15:45:00,29.365,,,,,
17409,10/04/21 16:00:00,29.365,,,,,
17410,10/04/21 16:15:00,29.365,,,,,
17411,10/04/21 16:30:00,29.340,,,,,
17412,10/04/21 16:45:00,29.290,,,,,
17413,10/04/21 17:00:00,29.315,,,,,
17414,10/04/21 17:15:00,29.240,,,,,
17415,10/04/21 17:30:00,29.215,,,,,
17416,10/04/21 17:45:00,29.240,,,,,
17417,10/04/21 18:00:00,29.240,,,,,
17418,10/04/21 18:15:00,29.115,,,,,
17419,10/04/21 18:30:00,29.165,,,,,
17420,10/04/21 18:45:00,29.215,,,,,
17421,10/04/21 19:00:00,29.240,,,,,
17422,10/04/21 19:15:00,29.240,,,,,
17423,10/04/21 19:30:00,29.265,,,,,
17424,10/04/21 19:45:00,29.290,,,,,
17425,10/04/21 20:00:00,29.290,,,,,
17426,10/04/21 20:15:00,29.315,,,,,
17427,10/04/21 20:30:00,29.414,,,,,
17428,10/04/21 20:45:00,29.439,,,,,
17429,10/04/21 21:00:00,29.389,,,,,
17430,10/04/21 21:15:00,29.340,,,,,
17431,10/04/21 21:30:00,29.290,,,,,
17432,10/04/21 21:45:00,29.165,,,,,
17433,10/04/21 22:00:00,29.315,,,,,
17434,10/04/21 22:15:00,29.365,,,,,
17435,10/04/21 22:30:00,29.365,,,,,
17436,10/04/21 22:45:00,29.389,,,,,
17437,10/04/21 23:00:00,29.414,,,,,
17438,10/04/21 23:15:00,29.439,,,,,
17439,10/04/21 23:30:00,29.439,,,,,
17440,10/04/21 23:45:00,29.414,,,,,
17441,10/05/21 00:00:00,29.414,,,,,
17442,10/05/21 00:15:00,29.414,,,,,
17443,10/05/21 00:30:00,29.414,,,,,
17444,10/05/21 00:45:00,29.414,,,,,
17445,10/05/21 01:00:00,29.414,,,,,
17446,10/05/21 01:15:00,29.365,,,,,
17447,10/05/21 01:30:00,29.365,,,,,
17448,10/05/21 01:45:00,29.365,,,,,
17449,10/05/21 02:00:00,29.340,,,,,
17450,10/05/21 02:15:00,29.389,,,,,
17451,10/05/21 02:30:00,29.414,,,,,
17452,10/05/21 02:45:00,29.464,,,,,
17453,10/05/21 03:00:00,29.464,,,,,
17454,10/05/21 03:15:00,29.490,,,,,
17455,10/05/21 03:30:00,29.515,,,,,
17456,10/05/21 03:45:00,29.540,,,,,
17457,10/05/21 04:00:00,29.515,,,,,
17458,10/05/21 04:15:00,29.515,,,,,
17459,10/05/21 04:30:00,29.540,,,,,
17460,10/05/21 04:45:00,29.515,,,,,
17461,10/05/21 05:00:00,29.515,,,,,
17462,10/05/21 05:15:00,29.515,,,,,
17463,10/05/21 05:30:00,29.515,,,,,
17464,10/05/21 05:45:00,29.490,,,,,
17465,10/05/21 06:00:00,29.540,,,,,
17466,10/05/21 06:15:00,29.540,,,,,
17467,10/05/21 06:30:00,29.490,,,,,
17468,10/05/21 06:45:00,29.565,,,,,
17469,10/05/21 07:00:00,29.490,,,,,
17470,10/05/21 07:15:00,29.490,,,,,
17471,10/05/21 07:30:00,29.464,,,,,
17472,10/05/21 07:45:00,29.540,,,,,
17473,10/05/21 08:00:00,29.464,,,,,
17474,10/05/21 08:15:00,29.515,,,,,
17475,10/05/21 08:30:00,29.540,,,,,
17476,10/05/21 08:45:00,29.515,,,,,
17477,10/05/21 09:00:00,29.515,,,,,
17478,10/05/21 09:15:00,29.515,,,,,
17479,10/05/21 09:30:00,29.515,,,,,
17480,10/05/21 09:45:00,29.515,,,,,
17481,10/05/21 10:00:00,29.515,,,,,
17482,10/05/21 10:15:00,29.540,,,,,
17483,10/05/21 10:30:00,29.565,,,,,
17484,10/05/21 10:45:00,29.590,,,,,
17485,10/05/21 11:00:00,29.515,,,,,
17486,10/05/21 11:15:00,29.315,,,,,
17487,10/05/21 11:30:00,29.389,,,,,
17488,10/05/21 11:45:00,29.389,,,,,
17489,10/05/21 12:00:00,29.490,,,,,
17490,10/05/21 12:15:00,29.540,,,,,
17491,10/05/21 12:30:00,29.464,,,,,
17492,10/05/21 12:45:00,29.290,,,,,
17493,10/05/21 13:00:00,29.265,,,,,
17494,10/05/21 13:15:00,29.215,,,,,
17495,10/05/21 13:30:00,29.140,,,,,
17496,10/05/21 13:45:00,29.190,,,,,
17497,10/05/21 14:00:00,29.240,,,,,
17498,10/05/21 14:15:00,29.340,,,,,
17499,10/05/21 14:30:00,29.365,,,,,
17500,10/05/21 14:45:00,29.340,,,,,
17501,10/05/21 15:00:00,29.490,,,,,
17502,10/05/21 15:15:00,29.490,,,,,
17503,10/05/21 15:30:00,29.490,,,,,
17504,10/05/21 15:45:00,29.365,,,,,
17505,10/05/21 16:00:00,29.215,,,,,
17506,10/05/21 16:15:00,29.389,,,,,
17507,10/05/21 16:30:00,29.615,,,,,
17508,10/05/21 16:45:00,29.640,,,,,
17509,10/05/21 17:00:00,29.640,,,,,
17510,10/05/21 17:15:00,29.665,,,,,
17511,10/05/21 17:30:00,29.665,,,,,
17512,10/05/21 17:45:00,29.640,,,,,
17513,10/05/21 18:00:00,29.740,,,,,
17514,10/05/21 18:15:00,29.765,,,,,
17515,10/05/21 18:30:00,29.640,,,,,
17516,10/05/21 18:45:00,29.590,,,,,
17517,10/05/21 19:00:00,29.565,,,,,
17518,10/05/21 19:15:00,29.640,,,,,
17519,10/05/21 19:30:00,29.665,,,,,
17520,10/05/21 19:45:00,29.690,,,,,
17521,10/05/21 20:00:00,29.565,,,,,
17522,10/05/21 20:15:00,29.765,,,,,
17523,10/05/21 20:30:00,29.690,,,,,
17524,10/05/21 20:45:00,29.715,,,,,
17525,10/05/21 21:00:00,29.715,,,,,
17526,10/05/21 21:15:00,29.715,,,,,
17527,10/05/21 21:30:00,29.665,,,,,
17528,10/05/21 21:45:00,29.715,,,,,
17529,10/05/21 22:00:00,29.715,,,,,
17530,10/05/21 22:15:00,29.690,,,,,
17531,10/05/21 22:30:00,29.715,,,,,
17532,10/05/21 22:45:00,29.665,,,,,
17533,10/05/21 23:00:00,29.715,,,,,
17534,10/05/21 23:15:00,29.590,,,,,
17535,10/05/21 23:30:00,29.640,,,,,
17536,10/05/21 23:45:00,29.690,,,,,
17537,10/06/21 00:00:00,29.665,,,,,
17538,10/06/21 00:15:00,29.665,,,,,
17539,10/06/21 00:30:00,29.640,,,,,
17540,10/06/21 00:45:00,29.690,,,,,
17541,10/06/21 01:00:00,29.690,,,,,
17542,10/06/21 01:15:00,29.490,,,,,
17543,10/06/21 01:30:00,29.439,,,,,
17544,10/06/21 01:45:00,29.490,,,,,
17545,10/06/21 02:00:00,29.464,,,,,
17546,10/06/21 02:15:00,29.315,,,,,
17547,10/06/21 02:30:00,29.365,,,,,
17548,10/06/21 02:45:00,29.490,,,,,
17549,10/06/21 03:00:00,29.540,,,,,
17550,10/06/21 03:15:00,29.515,,,,,
17551,10/06/21 03:30:00,29.540,,,,,
17552,10/06/21 03:45:00,29.540,,,,,
17553,10/06/21 04:00:00,29.540,,,,,
17554,10/06/21 04:15:00,29.515,,,,,
17555,10/06/21 04:30:00,29.490,,,,,
17556,10/06/21 04:45:00,29.590,,,,,
17557,10/06/21 05:00:00,29.540,,,,,
17558,10/06/21 05:15:00,29.565,,,,,
17559,10/06/21 05:30:00,29.565,,,,,
17560,10/06/21 05:45:00,29.490,,,,,
17561,10/06/21 06:00:00,29.490,,,,,
17562,10/06/21 06:15:00,29.439,,,,,
17563,10/06/21 06:30:00,29.490,,,,,
17564,10/06/21 06:45:00,29.565,,,,,
17565,10/06/21 07:00:00,29.565,,,,,
17566,10/06/21 07:15:00,29.515,,,,,
17567,10/06/21 07:30:00,29.414,,,,,
17568,10/06/21 07:45:00,29.464,,,,,
17569,10/06/21 08:00:00,29.340,,,,,
17570,10/06/21 08:15:00,29.315,,,,,
17571,10/06/21 08:30:00,29.340,,,,,
17572,10/06/21 08:45:00,29.389,,,,,
17573,10/06/21 09:00:00,29.365,,,,,
17574,10/06/21 09:15:00,29.389,,,,,
17575,10/06/21 09:30:00,29.340,,,,,
17576,10/06/21 09:45:00,29.389,,,,,
17577,10/06/21 10:00:00,29.439,,,,,
17578,10/06/21 10:15:00,29.365,,,,,
17579,10/06/21 10:30:00,29.389,,,,,
17580,10/06/21 10:45:00,29.340,,,,,
17581,10/06/21 11:00:00,29.315,,,,,
17582,10/06/21 11:15:00,29.315,,,,,
17583,10/06/21 11:30:00,29.215,,,,,
17584,10/06/21 11:45:00,29.215,,,,,
17585,10/06/21 12:00:00,29.315,,,,,
17586,10/06/21 12:15:00,29.414,,,,,
17587,10/06/21 12:30:00,29.414,,,,,
17588,10/06/21 12:45:00,29.414,,,,,
17589,10/06/21 13:00:00,29.439,,,,,
17590,10/06/21 13:15:00,29.490,,,,,
17591,10/06/21 13:30:00,29.515,,,,,
17592,10/06/21 13:45:00,29.490,,,,,
17593,10/06/21 14:00:00,29.515,,,,,
17594,10/06/21 14:15:00,29.590,,,,,
17595,10/06/21 14:30:00,29.615,,,,,
17596,10/06/21 14:45:00,29.640,,,,,
17597,10/06/21 15:00:00,29.690,,,,,
17598,10/06/21 15:15:00,29.690,,,,,
17599,10/06/21 15:30:00,29.690,,,,,
17600,10/06/21 15:45:00,29.690,,,,,
17601,10/06/21 16:00:00,29.690,,,,,
17602,10/06/21 16:15:00,29.715,,,,,
17603,10/06/21 16:30:00,29.840,,,,,
17604,10/06/21 16:45:00,29.991,,,,,
17605,10/06/21 17:00:00,29.966,,,,,
17606,10/06/21 17:15:00,29.740,,,,,
17607,10/06/21 17:30:00,29.740,,,,,
17608,10/06/21 17:45:00,29.740,,,,,
17609,10/06/21 18:00:00,29.765,,,,,
17610,10/06/21 18:15:00,29.765,,,,,
17611,10/06/21 18:30:00,29.740,,,,,
17612,10/06/21 18:45:00,29.715,,,,,
17613,10/06/21 19:00:00,29.665,,,,,
17614,10/06/21 19:15:00,29.690,,,,,
17615,10/06/21 19:30:00,29.615,,,,,
17616,10/06/21 19:45:00,29.615,,,,,
17617,10/06/21 20:00:00,29.665,,,,,
17618,10/06/21 20:15:00,29.690,,,,,
17619,10/06/21 20:30:00,29.640,,,,,
17620,10/06/21 20:45:00,29.715,,,,,
17621,10/06/21 21:00:00,29.765,,,,,
17622,10/06/21 21:15:00,29.665,,,,,
17623,10/06/21 21:30:00,29.615,,,,,
17624,10/06/21 21:45:00,29.615,,,,,
17625,10/06/21 22:00:00,29.540,,,,,
17626,10/06/21 22:15:00,29.540,,,,,
17627,10/06/21 22:30:00,29.140,,,,,
17628,10/06/21 22:45:00,28.965,,,,,
17629,10/06/21 23:00:00,29.090,,,,,
17630,10/06/21 23:15:00,29.190,,,,,
17631,10/06/21 23:30:00,29.315,,,,,
17632,10/06/21 23:45:00,29.215,,,,,
17633,10/07/21 00:00:00,29.215,,,,,
17634,10/07/21 00:15:00,29.340,,,,,
17635,10/07/21 00:30:00,29.315,,,,,
17636,10/07/21 00:45:00,29.439,,,,,
17637,10/07/21 01:00:00,29.464,,,,,
17638,10/07/21 01:15:00,29.565,,,,,
17639,10/07/21 01:30:00,29.565,,,,,
17640,10/07/21 01:45:00,29.615,,,,,
17641,10/07/21 02:00:00,29.640,,,,,
17642,10/07/21 02:15:00,29.640,,,,,
17643,10/07/21 02:30:00,29.640,,,,,
17644,10/07/21 02:45:00,29.640,,,,,
17645,10/07/21 03:00:00,29.640,,,,,
17646,10/07/21 03:15:00,29.615,,,,,
17647,10/07/21 03:30:00,29.615,,,,,
17648,10/07/21 03:45:00,29.640,,,,,
17649,10/07/21 04:00:00,29.414,,,,,
17650,10/07/21 04:15:00,29.340,,,,,
17651,10/07/21 04:30:00,29.540,,,,,
17652,10/07/21 04:45:00,29.540,,,,,
17653,10/07/21 05:00:00,29.590,,,,,
17654,10/07/21 05:15:00,29.640,,,,,
17655,10/07/21 05:30:00,29.615,,,,,
17656,10/07/21 05:45:00,29.640,,,,,
17657,10/07/21 06:00:00,29.615,,,,,
17658,10/07/21 06:15:00,29.665,,,,,
17659,10/07/21 06:30:00,29.665,,,,,
17660,10/07/21 06:45:00,29.615,,,,,
17661,10/07/21 07:00:00,29.565,,,,,
17662,10/07/21 07:15:00,29.515,,,,,
17663,10/07/21 07:30:00,29.590,,,,,
17664,10/07/21 07:45:00,29.615,,,,,
17665,10/07/21 08:00:00,29.590,,,,,
17666,10/07/21 08:15:00,29.439,,,,,
17667,10/07/21 08:30:00,29.540,,,,,
17668,10/07/21 08:45:00,29.565,,,,,
17669,10/07/21 09:00:00,29.265,,,,,
17670,10/07/21 09:15:00,29.240,,,,,
17671,10/07/21 09:30:00,29.315,,,,,
17672,10/07/21 09:45:00,29.389,,,,,
17673,10/07/21 10:00:00,29.290,,,,,
17674,10/07/21 10:15:00,29.165,,,,,
17675,10/07/21 10:30:00,29.165,,,,,
17676,10/07/21 10:45:00,28.791,,,,,
17677,10/07/21 11:00:00,28.642,,,,,
17678,10/07/21 11:15:00,28.667,,,,,
17679,10/07/21 11:30:00,28.941,,,,,
17680,10/07/21 11:45:00,28.742,,,,,
17681,10/07/21 12:00:00,28.816,,,,,
17682,10/07/21 12:15:00,28.816,,,,,
17683,10/07/21 12:30:00,29.090,,,,,
17684,10/07/21 12:45:00,29.265,,,,,
17685,10/07/21 13:00:00,29.265,,,,,
17686,10/07/21 13:15:00,29.215,,,,,
17687,10/07/21 13:30:00,29.414,,,,,
17688,10/07/21 13:45:00,29.464,,,,,
17689,10/07/21 14:00:00,29.414,,,,,
17690,10/07/21 14:15:00,29.490,,,,,
17691,10/07/21 14:30:00,29.315,,,,,
17692,10/07/21 14:45:00,29.464,,,,,
17693,10/07/21 15:00:00,29.515,,,,,
17694,10/07/21 15:15:00,29.615,,,,,
17695,10/07/21 15:30:00,29.665,,,,,
17696,10/07/21 15:45:00,29.540,,,,,
17697,10/07/21 16:00:00,29.540,,,,,
17698,10/07/21 16:15:00,29.665,,,,,
17699,10/07/21 16:30:00,29.690,,,,,
17700,10/07/21 16:45:00,29.715,,,,,
17701,10/07/21 17:00:00,29.740,,,,,
17702,10/07/21 17:15:00,29.715,,,,,
17703,10/07/21 17:30:00,29.740,,,,,
17704,10/07/21 17:45:00,29.665,,,,,
17705,10/07/21 18:00:00,29.665,,,,,
17706,10/07/21 18:15:00,29.765,,,,,
17707,10/07/21 18:30:00,29.765,,,,,
17708,10/07/21 18:45:00,29.815,,,,,
17709,10/07/21 19:00:00,29.840,,,,,
17710,10/07/21 19:15:00,29.865,,,,,
17711,10/07/21 19:30:00,29.615,,,,,
17712,10/07/21 19:45:00,29.615,,,,,
17713,10/07/21 20:00:00,29.615,,,,,
17714,10/07/21 20:15:00,29.640,,,,,
17715,10/07/21 20:30:00,29.640,,,,,
17716,10/07/21 20:45:00,29.815,,,,,
17717,10/07/21 21:00:00,29.840,,,,,
17718,10/07/21 21:15:00,29.840,,,,,
17719,10/07/21 21:30:00,29.865,,,,,
17720,10/07/21 21:45:00,29.765,,,,,
17721,10/07/21 22:00:00,29.690,,,,,
17722,10/07/21 22:15:00,29.665,,,,,
17723,10/07/21 22:30:00,29.665,,,,,
17724,10/07/21 22:45:00,29.615,,,,,
17725,10/07/21 23:00:00,29.565,,,,,
17726,10/07/21 23:15:00,28.990,,,,,
17727,10/07/21 23:30:00,28.742,,,,,
17728,10/07/21 23:45:00,29.590,,,,,
17729,10/08/21 00:00:00,29.665,,,,,
17730,10/08/21 00:15:00,29.665,,,,,
17731,10/08/21 00:30:00,29.715,,,,,
17732,10/08/21 00:45:00,29.665,,,,,
17733,10/08/21 01:00:00,29.715,,,,,
17734,10/08/21 01:15:00,29.715,,,,,
17735,10/08/21 01:30:00,29.715,,,,,
17736,10/08/21 01:45:00,29.715,,,,,
17737,10/08/21 02:00:00,29.740,,,,,
17738,10/08/21 02:15:00,29.740,,,,,
17739,10/08/21 02:30:00,29.765,,,,,
17740,10/08/21 02:45:00,29.740,,,,,
17741,10/08/21 03:00:00,29.765,,,,,
17742,10/08/21 03:15:00,29.740,,,,,
17743,10/08/21 03:30:00,29.715,,,,,
17744,10/08/21 03:45:00,29.615,,,,,
17745,10/08/21 04:00:00,29.540,,,,,
17746,10/08/21 04:15:00,29.464,,,,,
17747,10/08/21 04:30:00,29.414,,,,,
17748,10/08/21 04:45:00,29.439,,,,,
17749,10/08/21 05:00:00,29.365,,,,,
17750,10/08/21 05:15:00,29.389,,,,,
17751,10/08/21 05:30:00,29.315,,,,,
17752,10/08/21 05:45:00,29.365,,,,,
17753,10/08/21 06:00:00,29.340,,,,,
17754,10/08/21 06:15:00,29.464,,,,,
17755,10/08/21 06:30:00,29.665,,,,,
17756,10/08/21 06:45:00,29.715,,,,,
17757,10/08/21 07:00:00,29.740,,,,,
17758,10/08/21 07:15:00,29.740,,,,,
17759,10/08/21 07:30:00,29.715,,,,,
17760,10/08/21 07:45:00,29.515,,,,,
17761,10/08/21 08:00:00,29.389,,,,,
17762,10/08/21 08:15:00,29.365,,,,,
17763,10/08/21 08:30:00,29.340,,,,,
17764,10/08/21 08:45:00,29.340,,,,,
17765,10/08/21 09:00:00,29.540,,,,,
17766,10/08/21 09:15:00,29.715,,,,,
17767,10/08/21 09:30:00,29.715,,,,,
17768,10/08/21 09:45:00,29.690,,,,,
17769,10/08/21 10:00:00,29.464,,,,,
17770,10/08/21 10:15:00,29.240,,,,,
17771,10/08/21 10:30:00,29.215,,,,,
17772,10/08/21 10:45:00,28.965,,,,,
17773,10/08/21 11:00:00,28.941,,,,,
17774,10/08/21 11:15:00,28.717,,,,,
17775,10/08/21 11:30:00,28.742,,,,,
17776,10/08/21 11:45:00,28.816,,,,,
17777,10/08/21 12:00:00,28.816,,,,,
17778,10/08/21 12:15:00,28.766,,,,,
17779,10/08/21 12:30:00,28.841,,,,,
17780,10/08/21 12:45:00,28.990,,,,,
17781,10/08/21 13:00:00,28.916,,,,,
17782,10/08/21 13:15:00,28.965,,,,,
17783,10/08/21 13:30:00,28.841,,,,,
17784,10/08/21 13:45:00,28.965,,,,,
17785,10/08/21 14:00:00,28.866,,,,,
17786,10/08/21 14:15:00,28.692,,,,,
17787,10/08/21 14:30:00,29.115,,,,,
17788,10/08/21 14:45:00,29.115,,,,,
17789,10/08/21 15:00:00,29.065,,,,,
17790,10/08/21 15:15:00,29.090,,,,,
17791,10/08/21 15:30:00,29.389,,,,,
17792,10/08/21 15:45:00,29.765,,,,,
17793,10/08/21 16:00:00,29.765,,,,,
17794,10/08/21 16:15:00,29.765,,,,,
17795,10/08/21 16:30:00,29.740,,,,,
17796,10/08/21 16:45:00,29.740,,,,,
17797,10/08/21 17:00:00,29.740,,,,,
17798,10/08/21 17:15:00,29.740,,,,,
17799,10/08/21 17:30:00,29.765,,,,,
17800,10/08/21 17:45:00,29.765,,,,,
17801,10/08/21 18:00:00,29.790,,,,,
17802,10/08/21 18:15:00,29.815,,,,,
17803,10/08/21 18:30:00,29.815,,,,,
17804,10/08/21 18:45:00,29.765,,,,,
17805,10/08/21 19:00:00,29.815,,,,,
17806,10/08/21 19:15:00,29.815,,,,,
17807,10/08/21 19:30:00,29.765,,,,,
17808,10/08/21 19:45:00,29.765,,,,,
17809,10/08/21 20:00:00,29.765,,,,,
17810,10/08/21 20:15:00,29.740,,,,,
17811,10/08/21 20:30:00,29.740,,,,,
17812,10/08/21 20:45:00,29.740,,,,,
17813,10/08/21 21:00:00,29.715,,,,,
17814,10/08/21 21:15:00,29.740,,,,,
17815,10/08/21 21:30:00,29.715,,,,,
17816,10/08/21 21:45:00,29.715,,,,,
17817,10/08/21 22:00:00,29.665,,,,,
17818,10/08/21 22:15:00,29.665,,,,,
17819,10/08/21 22:30:00,29.690,,,,,
17820,10/08/21 22:45:00,29.715,,,,,
17821,10/08/21 23:00:00,29.640,,,,,
17822,10/08/21 23:15:00,29.540,,,,,
17823,10/08/21 23:30:00,29.540,,,,,
17824,10/08/21 23:45:00,29.490,,,,,
17825,10/09/21 00:00:00,29.590,,,,,
17826,10/09/21 00:15:00,29.615,,,,,
17827,10/09/21 00:30:00,29.615,,,,,
17828,10/09/21 00:45:00,29.690,,,,,
17829,10/09/21 01:00:00,29.640,,,,,
17830,10/09/21 01:15:00,29.715,,,,,
17831,10/09/21 01:30:00,29.765,,,,,
17832,10/09/21 01:45:00,29.665,,,,,
17833,10/09/21 02:00:00,29.740,,,,,
17834,10/09/21 02:15:00,29.690,,,,,
17835,10/09/21 02:30:00,29.740,,,,,
17836,10/09/21 02:45:00,29.615,,,,,
17837,10/09/21 03:00:00,29.590,,,,,
17838,10/09/21 03:15:00,29.515,,,,,
17839,10/09/21 03:30:00,29.540,,,,,
17840,10/09/21 03:45:00,29.590,,,,,
17841,10/09/21 04:00:00,29.640,,,,,
17842,10/09/21 04:15:00,29.640,,,,,
17843,10/09/21 04:30:00,29.665,,,,,
17844,10/09/21 04:45:00,29.715,,,,,
17845,10/09/21 05:00:00,29.715,,,,,
17846,10/09/21 05:15:00,29.740,,,,,
17847,10/09/21 05:30:00,29.740,,,,,
17848,10/09/21 05:45:00,29.765,,,,,
17849,10/09/21 06:00:00,29.665,,,,,
17850,10/09/21 06:15:00,29.540,,,,,
17851,10/09/21 06:30:00,29.414,,,,,
17852,10/09/21 06:45:00,29.315,,,,,
17853,10/09/21 07:00:00,29.365,,,,,
17854,10/09/21 07:15:00,29.439,,,,,
17855,10/09/21 07:30:00,29.515,,,,,
17856,10/09/21 07:45:00,29.565,,,,,
17857,10/09/21 08:00:00,29.615,,,,,
17858,10/09/21 08:15:00,29.565,,,,,
17859,10/09/21 08:30:00,29.439,,,,,
17860,10/09/21 08:45:00,29.414,,,,,
17861,10/09/21 09:00:00,29.439,,,,,
17862,10/09/21 09:15:00,29.515,,,,,
17863,10/09/21 09:30:00,29.490,,,,,
17864,10/09/21 09:45:00,29.515,,,,,
17865,10/09/21 10:00:00,29.490,,,,,
17866,10/09/21 10:15:00,29.439,,,,,
17867,10/09/21 10:30:00,29.490,,,,,
17868,10/09/21 10:45:00,29.515,,,,,
17869,10/09/21 11:00:00,29.439,,,,,
17870,10/09/21 11:15:00,29.439,,,,,
17871,10/09/21 11:30:00,29.115,,,,,
17872,10/09/21 11:45:00,28.617,,,,,
17873,10/09/21 12:00:00,28.543,,,,,
17874,10/09/21 12:15:00,28.468,,,,,
17875,10/09/21 12:30:00,28.518,,,,,
17876,10/09/21 12:45:00,28.518,,,,,
17877,10/09/21 13:00:00,28.568,,,,,
17878,10/09/21 13:15:00,28.543,,,,,
17879,10/09/21 13:30:00,28.468,,,,,
17880,10/09/21 13:45:00,28.543,,,,,
17881,10/09/21 14:00:00,28.568,,,,,
17882,10/09/21 14:15:00,28.568,,,,,
17883,10/09/21 14:30:00,28.692,,,,,
17884,10/09/21 14:45:00,28.791,,,,,
17885,10/09/21 15:00:00,28.866,,,,,
17886,10/09/21 15:15:00,29.015,,,,,
17887,10/09/21 15:30:00,29.115,,,,,
17888,10/09/21 15:45:00,29.090,,,,,
17889,10/09/21 16:00:00,29.240,,,,,
17890,10/09/21 16:15:00,29.290,,,,,
17891,10/09/21 16:30:00,29.365,,,,,
17892,10/09/21 16:45:00,29.414,,,,,
17893,10/09/21 17:00:00,29.414,,,,,
17894,10/09/21 17:15:00,29.439,,,,,
17895,10/09/21 17:30:00,29.439,,,,,
17896,10/09/21 17:45:00,29.439,,,,,
17897,10/09/21 18:00:00,29.464,,,,,
17898,10/09/21 18:15:00,29.490,,,,,
17899,10/09/21 18:30:00,29.490,,,,,
17900,10/09/21 18:45:00,29.540,,,,,
17901,10/09/21 19:00:00,29.615,,,,,
17902,10/09/21 19:15:00,29.690,,,,,
17903,10/09/21 19:30:00,29.615,,,,,
17904,10/09/21 19:45:00,29.540,,,,,
17905,10/09/21 20:00:00,29.615,,,,,
17906,10/09/21 20:15:00,29.640,,,,,
17907,10/09/21 20:30:00,29.665,,,,,
17908,10/09/21 20:45:00,29.690,,,,,
17909,10/09/21 21:00:00,29.690,,,,,
17910,10/09/21 21:15:00,29.690,,,,,
17911,10/09/21 21:30:00,29.690,,,,,
17912,10/09/21 21:45:00,29.690,,,,,
17913,10/09/21 22:00:00,29.665,,,,,
17914,10/09/21 22:15:00,29.690,,,,,
17915,10/09/21 22:30:00,29.690,,,,,
17916,10/09/21 22:45:00,29.690,,,,,
17917,10/09/21 23:00:00,29.665,,,,,
17918,10/09/21 23:15:00,29.640,,,,,
17919,10/09/21 23:30:00,29.590,,,,,
17920,10/09/21 23:45:00,29.640,,,,,
17921,10/10/21 00:00:00,29.590,,,,,
17922,10/10/21 00:15:00,29.490,,,,,
17923,10/10/21 00:30:00,29.464,,,,,
17924,10/10/21 00:45:00,29.290,,,,,
17925,10/10/21 01:00:00,29.065,,,,,
17926,10/10/21 01:15:00,29.265,,,,,
17927,10/10/21 01:30:00,29.365,,,,,
17928,10/10/21 01:45:00,29.615,,,,,
17929,10/10/21 02:00:00,29.615,,,,,
17930,10/10/21 02:15:00,29.615,,,,,
17931,10/10/21 02:30:00,29.540,,,,,
17932,10/10/21 02:45:00,29.490,,,,,
17933,10/10/21 03:00:00,29.414,,,,,
17934,10/10/21 03:15:00,29.389,,,,,
17935,10/10/21 03:30:00,29.365,,,,,
17936,10/10/21 03:45:00,29.439,,,,,
17937,10/10/21 04:00:00,29.464,,,,,
17938,10/10/21 04:15:00,29.464,,,,,
17939,10/10/21 04:30:00,29.464,,,,,
17940,10/10/21 04:45:00,29.389,,,,,
17941,10/10/21 05:00:00,29.365,,,,,
17942,10/10/21 05:15:00,29.290,,,,,
17943,10/10/21 05:30:00,29.265,,,,,
17944,10/10/21 05:45:00,29.290,,,,,
17945,10/10/21 06:00:00,29.265,,,,,
17946,10/10/21 06:15:00,29.140,,,,,
17947,10/10/21 06:30:00,29.140,,,,,
17948,10/10/21 06:45:00,29.090,,,,,
17949,10/10/21 07:00:00,29.065,,,,,
17950,10/10/21 07:15:00,29.090,,,,,
17951,10/10/21 07:30:00,29.115,,,,,
17952,10/10/21 07:45:00,29.090,,,,,
17953,10/10/21 08:00:00,29.389,,,,,
17954,10/10/21 08:15:00,29.414,,,,,
17955,10/10/21 08:30:00,29.414,,,,,
17956,10/10/21 08:45:00,29.490,,,,,
17957,10/10/21 09:00:00,29.439,,,,,
17958,10/10/21 09:15:00,29.414,,,,,
17959,10/10/21 09:30:00,29.439,,,,,
17960,10/10/21 09:45:00,29.464,,,,,
17961,10/10/21 10:00:00,29.389,,,,,
17962,10/10/21 10:15:00,29.464,,,,,
17963,10/10/21 10:30:00,29.414,,,,,
17964,10/10/21 10:45:00,29.414,,,,,
17965,10/10/21 11:00:00,29.389,,,,,
17966,10/10/21 11:15:00,29.315,,,,,
17967,10/10/21 11:30:00,29.414,,,,,
17968,10/10/21 11:45:00,29.265,,,,,
17969,10/10/21 12:00:00,28.667,,,,,
17970,10/10/21 12:15:00,28.816,,,,,
17971,10/10/21 12:30:00,29.065,,,,,
17972,10/10/21 12:45:00,29.290,,,,,
17973,10/10/21 13:00:00,29.389,,,,,
17974,10/10/21 13:15:00,29.414,,,,,
17975,10/10/21 13:30:00,29.290,,,,,
17976,10/10/21 13:45:00,29.414,,,,,
17977,10/10/21 14:00:00,29.414,,,,,
17978,10/10/21 14:15:00,29.490,,,,,
17979,10/10/21 14:30:00,29.490,,,,,
17980,10/10/21 14:45:00,29.464,,,,,
17981,10/10/21 15:00:00,29.439,,,,,
17982,10/10/21 15:15:00,29.439,,,,,
17983,10/10/21 15:30:00,29.439,,,,,
17984,10/10/21 15:45:00,29.515,,,,,
17985,10/10/21 16:00:00,29.565,,,,,
17986,10/10/21 16:15:00,29.590,,,,,
17987,10/10/21 16:30:00,29.540,,,,,
17988,10/10/21 16:45:00,29.565,,,,,
17989,10/10/21 17:00:00,29.590,,,,,
17990,10/10/21 17:15:00,29.590,,,,,
17991,10/10/21 17:30:00,29.590,,,,,
17992,10/10/21 17:45:00,29.540,,,,,
17993,10/10/21 18:00:00,29.540,,,,,
17994,10/10/21 18:15:00,29.590,,,,,
17995,10/10/21 18:30:00,29.590,,,,,
17996,10/10/21 18:45:00,29.590,,,,,
17997,10/10/21 19:00:00,29.565,,,,,
17998,10/10/21 19:15:00,29.590,,,,,
17999,10/10/21 19:30:00,29.590,,,,,
18000,10/10/21 19:45:00,29.615,,,,,
18001,10/10/21 20:00:00,29.615,,,,,
18002,10/10/21 20:15:00,29.590,,,,,
18003,10/10/21 20:30:00,29.540,,,,,
18004,10/10/21 20:45:00,29.515,,,,,
18005,10/10/21 21:00:00,29.540,,,,,
18006,10/10/21 21:15:00,29.515,,,,,
18007,10/10/21 21:30:00,29.540,,,,,
18008,10/10/21 21:45:00,29.515,,,,,
18009,10/10/21 22:00:00,29.540,,,,,
18010,10/10/21 22:15:00,29.515,,,,,
18011,10/10/21 22:30:00,29.590,,,,,
18012,10/10/21 22:45:00,29.615,,,,,
18013,10/10/21 23:00:00,29.615,,,,,
18014,10/10/21 23:15:00,29.590,,,,,
18015,10/10/21 23:30:00,29.590,,,,,
18016,10/10/21 23:45:00,29.615,,,,,
18017,10/11/21 00:00:00,29.464,,,,,
18018,10/11/21 00:15:00,29.464,,,,,
18019,10/11/21 00:30:00,29.515,,,,,
18020,10/11/21 00:45:00,29.540,,,,,
18021,10/11/21 01:00:00,29.540,,,,,
18022,10/11/21 01:15:00,29.490,,,,,
18023,10/11/21 01:30:00,29.414,,,,,
18024,10/11/21 01:45:00,29.414,,,,,
18025,10/11/21 02:00:00,29.515,,,,,
18026,10/11/21 02:15:00,29.414,,,,,
18027,10/11/21 02:30:00,29.389,,,,,
18028,10/11/21 02:45:00,29.389,,,,,
18029,10/11/21 03:00:00,29.389,,,,,
18030,10/11/21 03:15:00,29.414,,,,,
18031,10/11/21 03:30:00,29.414,,,,,
18032,10/11/21 03:45:00,29.464,,,,,
18033,10/11/21 04:00:00,29.464,,,,,
18034,10/11/21 04:15:00,29.464,,,,,
18035,10/11/21 04:30:00,29.490,,,,,
18036,10/11/21 04:45:00,29.490,,,,,
18037,10/11/21 05:00:00,29.490,,,,,
18038,10/11/21 05:15:00,29.490,,,,,
18039,10/11/21 05:30:00,29.490,,,,,
18040,10/11/21 05:45:00,29.490,,,,,
18041,10/11/21 06:00:00,29.490,,,,,
18042,10/11/21 06:15:00,29.490,,,,,
18043,10/11/21 06:30:00,29.490,,,,,
18044,10/11/21 06:45:00,29.165,,,,,
18045,10/11/21 07:00:00,28.891,,,,,
18046,10/11/21 07:15:00,29.115,,,,,
18047,10/11/21 07:30:00,29.265,,,,,
18048,10/11/21 07:45:00,29.090,,,,,
18049,10/11/21 08:00:00,28.866,,,,,
18050,10/11/21 08:15:00,28.791,,,,,
18051,10/11/21 08:30:00,28.965,,,,,
18052,10/11/21 08:45:00,29.065,,,,,
18053,10/11/21 09:00:00,29.290,,,,,
18054,10/11/21 09:15:00,29.490,,,,,
18055,10/11/21 09:30:00,29.540,,,,,
18056,10/11/21 09:45:00,29.540,,,,,
18057,10/11/21 10:00:00,29.540,,,,,
18058,10/11/21 10:15:00,29.490,,,,,
18059,10/11/21 10:30:00,29.490,,,,,
18060,10/11/21 10:45:00,29.464,,,,,
18061,10/11/21 11:00:00,29.389,,,,,
18062,10/11/21 11:15:00,29.414,,,,,
18063,10/11/21 11:30:00,29.389,,,,,
18064,10/11/21 11:45:00,29.389,,,,,
18065,10/11/21 12:00:00,29.340,,,,,
18066,10/11/21 12:15:00,29.340,,,,,
18067,10/11/21 12:30:00,29.464,,,,,
18068,10/11/21 12:45:00,29.165,,,,,
18069,10/11/21 13:00:00,29.265,,,,,
18070,10/11/21 13:15:00,29.389,,,,,
18071,10/11/21 13:30:00,29.365,,,,,
18072,10/11/21 13:45:00,29.115,,,,,
18073,10/11/21 14:00:00,29.015,,,,,
18074,10/11/21 14:15:00,29.165,,,,,
18075,10/11/21 14:30:00,29.315,,,,,
18076,10/11/21 14:45:00,29.215,,,,,
18077,10/11/21 15:00:00,29.315,,,,,
18078,10/11/21 15:15:00,29.365,,,,,
18079,10/11/21 15:30:00,29.389,,,,,
18080,10/11/21 15:45:00,29.414,,,,,
18081,10/11/21 16:00:00,29.464,,,,,
18082,10/11/21 16:15:00,29.490,,,,,
18083,10/11/21 16:30:00,29.490,,,,,
18084,10/11/21 16:45:00,29.515,,,,,
18085,10/11/21 17:00:00,29.515,,,,,
18086,10/11/21 17:15:00,29.515,,,,,
18087,10/11/21 17:30:00,29.515,,,,,
18088,10/11/21 17:45:00,29.515,,,,,
18089,10/11/21 18:00:00,29.540,,,,,
18090,10/11/21 18:15:00,29.540,,,,,
18091,10/11/21 18:30:00,29.540,,,,,
18092,10/11/21 18:45:00,29.540,,,,,
18093,10/11/21 19:00:00,29.565,,,,,
18094,10/11/21 19:15:00,29.565,,,,,
18095,10/11/21 19:30:00,29.565,,,,,
18096,10/11/21 19:45:00,29.515,,,,,
18097,10/11/21 20:00:00,29.165,,,,,
18098,10/11/21 20:15:00,29.365,,,,,
18099,10/11/21 20:30:00,29.340,,,,,
18100,10/11/21 20:45:00,29.490,,,,,
18101,10/11/21 21:00:00,29.515,,,,,
18102,10/11/21 21:15:00,29.515,,,,,
18103,10/11/21 21:30:00,29.540,,,,,
18104,10/11/21 21:45:00,29.515,,,,,
18105,10/11/21 22:00:00,29.540,,,,,
18106,10/11/21 22:15:00,29.515,,,,,
18107,10/11/21 22:30:00,29.515,,,,,
18108,10/11/21 22:45:00,29.515,,,,,
18109,10/11/21 23:00:00,29.515,,,,,
18110,10/11/21 23:15:00,29.515,,,,,
18111,10/11/21 23:30:00,29.340,,,,,
18112,10/11/21 23:45:00,29.464,,,,,
18113,10/12/21 00:00:00,29.464,,,,,
18114,10/12/21 00:15:00,29.464,,,,,
18115,10/12/21 00:30:00,29.464,,,,,
18116,10/12/21 00:45:00,29.464,,,,,
18117,10/12/21 01:00:00,29.439,,,,,
18118,10/12/21 01:15:00,29.414,,,,,
18119,10/12/21 01:30:00,29.439,,,,,
18120,10/12/21 01:45:00,29.414,,,,,
18121,10/12/21 02:00:00,29.365,,,,,
18122,10/12/21 02:15:00,29.365,,,,,
18123,10/12/21 02:30:00,29.365,,,,,
18124,10/12/21 02:45:00,29.389,,,,,
18125,10/12/21 03:00:00,29.389,,,,,
18126,10/12/21 03:15:00,29.414,,,,,
18127,10/12/21 03:30:00,29.414,,,,,
18128,10/12/21 03:45:00,29.414,,,,,
18129,10/12/21 04:00:00,29.464,,,,,
18130,10/12/21 04:15:00,29.464,,,,,
18131,10/12/21 04:30:00,29.439,,,,,
18132,10/12/21 04:45:00,29.414,,,,,
18133,10/12/21 05:00:00,29.439,,,,,
18134,10/12/21 05:15:00,29.464,,,,,
18135,10/12/21 05:30:00,29.464,,,,,
18136,10/12/21 05:45:00,29.464,,,,,
18137,10/12/21 06:00:00,29.464,,,,,
18138,10/12/21 06:15:00,29.439,,,,,
18139,10/12/21 06:30:00,29.464,,,,,
18140,10/12/21 06:45:00,29.464,,,,,
18141,10/12/21 07:00:00,29.439,,,,,
18142,10/12/21 07:15:00,29.065,,,,,
18143,10/12/21 07:30:00,28.866,,,,,
18144,10/12/21 07:45:00,28.965,,,,,
18145,10/12/21 08:00:00,29.165,,,,,
18146,10/12/21 08:15:00,29.265,,,,,
18147,10/12/21 08:30:00,29.389,,,,,
18148,10/12/21 08:45:00,29.389,,,,,
18149,10/12/21 09:00:00,29.340,,,,,
18150,10/12/21 09:15:00,29.090,,,,,
18151,10/12/21 09:30:00,28.916,,,,,
18152,10/12/21 09:45:00,28.941,,,,,
18153,10/12/21 10:00:00,28.742,,,,,
18154,10/12/21 10:15:00,28.667,,,,,
18155,10/12/21 10:30:00,28.766,,,,,
18156,10/12/21 10:45:00,29.439,,,,,
18157,10/12/21 11:00:00,29.439,,,,,
18158,10/12/21 11:15:00,29.240,,,,,
18159,10/12/21 11:30:00,29.515,,,,,
18160,10/12/21 11:45:00,29.515,,,,,
18161,10/12/21 12:00:00,29.490,,,,,
18162,10/12/21 12:15:00,29.515,,,,,
18163,10/12/21 12:30:00,29.365,,,,,
18164,10/12/21 12:45:00,29.265,,,,,
18165,10/12/21 13:00:00,29.265,,,,,
18166,10/12/21 13:15:00,29.414,,,,,
18167,10/12/21 13:30:00,29.439,,,,,
18168,10/12/21 13:45:00,29.065,,,,,
18169,10/12/21 14:00:00,28.816,,,,,
18170,10/12/21 14:15:00,28.717,,,,,
18171,10/12/21 14:30:00,28.866,,,,,
18172,10/12/21 14:45:00,29.015,,,,,
18173,10/12/21 15:00:00,29.090,,,,,
18174,10/12/21 15:15:00,29.165,,,,,
18175,10/12/21 15:30:00,29.165,,,,,
18176,10/12/21 15:45:00,29.065,,,,,
18177,10/12/21 16:00:00,29.340,,,,,
18178,10/12/21 16:15:00,29.389,,,,,
18179,10/12/21 16:30:00,29.464,,,,,
18180,10/12/21 16:45:00,29.464,,,,,
18181,10/12/21 17:00:00,29.490,,,,,
18182,10/12/21 17:15:00,29.515,,,,,
18183,10/12/21 17:30:00,29.540,,,,,
18184,10/12/21 17:45:00,29.540,,,,,
18185,10/12/21 18:00:00,29.540,,,,,
18186,10/12/21 18:15:00,29.515,,,,,
18187,10/12/21 18:30:00,29.540,,,,,
18188,10/12/21 18:45:00,29.565,,,,,
18189,10/12/21 19:00:00,29.565,,,,,
18190,10/12/21 19:15:00,29.540,,,,,
18191,10/12/21 19:30:00,29.540,,,,,
18192,10/12/21 19:45:00,29.065,,,,,
18193,10/12/21 20:00:00,28.916,,,,,
18194,10/12/21 20:15:00,29.190,,,,,
18195,10/12/21 20:30:00,29.565,,,,,
18196,10/12/21 20:45:00,29.565,,,,,
18197,10/12/21 21:00:00,29.515,,,,,
18198,10/12/21 21:15:00,29.540,,,,,
18199,10/12/21 21:30:00,29.565,,,,,
18200,10/12/21 21:45:00,29.565,,,,,
18201,10/12/21 22:00:00,29.540,,,,,
18202,10/12/21 22:15:00,29.515,,,,,
18203,10/12/21 22:30:00,29.565,,,,,
18204,10/12/21 22:45:00,29.565,,,,,
18205,10/12/21 23:00:00,29.565,,,,,
18206,10/12/21 23:15:00,29.565,,,,,
18207,10/12/21 23:30:00,29.565,,,,,
18208,10/12/21 23:45:00,29.565,,,,,
18209,10/13/21 00:00:00,29.565,,,,,
18210,10/13/21 00:15:00,29.565,,,,,
18211,10/13/21 00:30:00,29.540,,,,,
18212,10/13/21 00:45:00,29.490,,,,,
18213,10/13/21 01:00:00,29.464,,,,,
18214,10/13/21 01:15:00,29.464,,,,,
18215,10/13/21 01:30:00,29.439,,,,,
18216,10/13/21 01:45:00,29.464,,,,,
18217,10/13/21 02:00:00,29.515,,,,,
18218,10/13/21 02:15:00,29.515,,,,,
18219,10/13/21 02:30:00,29.540,,,,,
18220,10/13/21 02:45:00,29.540,,,,,
18221,10/13/21 03:00:00,29.540,,,,,
18222,10/13/21 03:15:00,29.540,,,,,
18223,10/13/21 03:30:00,29.540,,,,,
18224,10/13/21 03:45:00,29.540,,,,,
18225,10/13/21 04:00:00,29.490,,,,,
18226,10/13/21 04:15:00,29.290,,,,,
18227,10/13/21 04:30:00,29.240,,,,,
18228,10/13/21 04:45:00,29.290,,,,,
18229,10/13/21 05:00:00,29.315,,,,,
18230,10/13/21 05:15:00,29.340,,,,,
18231,10/13/21 05:30:00,29.464,,,,,
18232,10/13/21 05:45:00,29.439,,,,,
18233,10/13/21 06:00:00,29.515,,,,,
18234,10/13/21 06:15:00,29.515,,,,,
18235,10/13/21 06:30:00,29.515,,,,,
18236,10/13/21 06:45:00,29.515,,,,,
18237,10/13/21 07:00:00,29.515,,,,,
18238,10/13/21 07:15:00,28.916,,,,,
18239,10/13/21 07:30:00,28.766,,,,,
18240,10/13/21 07:45:00,28.766,,,,,
18241,10/13/21 08:00:00,28.941,,,,,
18242,10/13/21 08:15:00,28.990,,,,,
18243,10/13/21 08:30:00,28.965,,,,,
18244,10/13/21 08:45:00,28.816,,,,,
18245,10/13/21 09:00:00,28.816,,,,,
18246,10/13/21 09:15:00,29.315,,,,,
18247,10/13/21 09:30:00,28.717,,,,,
18248,10/13/21 09:45:00,28.692,,,,,
18249,10/13/21 10:00:00,28.493,,,,,
18250,10/13/21 10:15:00,28.419,,,,,
18251,10/13/21 10:30:00,28.468,,,,,
18252,10/13/21 10:45:00,28.468,,,,,
18253,10/13/21 11:00:00,28.493,,,,,
18254,10/13/21 11:15:00,28.493,,,,,
18255,10/13/21 11:30:00,28.791,,,,,
18256,10/13/21 11:45:00,28.841,,,,,
18257,10/13/21 12:00:00,29.065,,,,,
18258,10/13/21 12:15:00,28.990,,,,,
18259,10/13/21 12:30:00,29.464,,,,,
18260,10/13/21 12:45:00,29.515,,,,,
18261,10/13/21 13:00:00,29.515,,,,,
18262,10/13/21 13:15:00,29.515,,,,,
18263,10/13/21 13:30:00,29.340,,,,,
18264,10/13/21 13:45:00,29.240,,,,,
18265,10/13/21 14:00:00,29.065,,,,,
18266,10/13/21 14:15:00,28.965,,,,,
18267,10/13/21 14:30:00,29.015,,,,,
18268,10/13/21 14:45:00,29.040,,,,,
18269,10/13/21 15:00:00,29.190,,,,,
18270,10/13/21 15:15:00,29.340,,,,,
18271,10/13/21 15:30:00,29.015,,,,,
18272,10/13/21 15:45:00,28.841,,,,,
18273,10/13/21 16:00:00,28.816,,,,,
18274,10/13/21 16:15:00,28.891,,,,,
18275,10/13/21 16:30:00,28.891,,,,,
18276,10/13/21 16:45:00,29.165,,,,,
18277,10/13/21 17:00:00,29.290,,,,,
18278,10/13/21 17:15:00,29.290,,,,,
18279,10/13/21 17:30:00,29.340,,,,,
18280,10/13/21 17:45:00,29.365,,,,,
18281,10/13/21 18:00:00,29.439,,,,,
18282,10/13/21 18:15:00,29.490,,,,,
18283,10/13/21 18:30:00,29.515,,,,,
18284,10/13/21 18:45:00,29.490,,,,,
18285,10/13/21 19:00:00,29.515,,,,,
18286,10/13/21 19:15:00,29.515,,,,,
18287,10/13/21 19:30:00,29.515,,,,,
18288,10/13/21 19:45:00,29.515,,,,,
18289,10/13/21 20:00:00,29.515,,,,,
18290,10/13/21 20:15:00,29.515,,,,,
18291,10/13/21 20:30:00,29.515,,,,,
18292,10/13/21 20:45:00,29.515,,,,,
18293,10/13/21 21:00:00,29.540,,,,,
18294,10/13/21 21:15:00,29.540,,,,,
18295,10/13/21 21:30:00,29.540,,,,,
18296,10/13/21 21:45:00,29.540,,,,,
18297,10/13/21 22:00:00,29.540,,,,,
18298,10/13/21 22:15:00,29.540,,,,,
18299,10/13/21 22:30:00,29.540,,,,,
18300,10/13/21 22:45:00,29.540,,,,,
18301,10/13/21 23:00:00,29.540,,,,,
18302,10/13/21 23:15:00,29.540,,,,,
18303,10/13/21 23:30:00,29.540,,,,,
18304,10/13/21 23:45:00,29.540,,,,,
18305,10/14/21 00:00:00,29.540,,,,,
18306,10/14/21 00:15:00,29.540,,,,,
18307,10/14/21 00:30:00,29.540,,,,,
18308,10/14/21 00:45:00,29.540,,,,,
18309,10/14/21 01:00:00,29.540,,,,,
18310,10/14/21 01:15:00,29.540,,,,,
18311,10/14/21 01:30:00,29.515,,,,,
18312,10/14/21 01:45:00,29.515,,,,,
18313,10/14/21 02:00:00,29.515,,,,,
18314,10/14/21 02:15:00,29.515,,,,,
18315,10/14/21 02:30:00,29.515,,,,,
18316,10/14/21 02:45:00,29.515,,,,,
18317,10/14/21 03:00:00,29.515,,,,,
18318,10/14/21 03:15:00,29.515,,,,,
18319,10/14/21 03:30:00,29.515,,,,,
18320,10/14/21 03:45:00,29.515,,,,,
18321,10/14/21 04:00:00,29.515,,,,,
18322,10/14/21 04:15:00,29.515,,,,,
18323,10/14/21 04:30:00,29.464,,,,,
18324,10/14/21 04:45:00,29.414,,,,,
18325,10/14/21 05:00:00,29.414,,,,,
18326,10/14/21 05:15:00,29.490,,,,,
18327,10/14/21 05:30:00,29.464,,,,,
18328,10/14/21 05:45:00,29.490,,,,,
18329,10/14/21 06:00:00,29.464,,,,,
18330,10/14/21 06:15:00,29.464,,,,,
18331,10/14/21 06:30:00,29.515,,,,,
18332,10/14/21 06:45:00,29.515,,,,,
18333,10/14/21 07:00:00,29.515,,,,,
18334,10/14/21 07:15:00,29.515,,,,,
18335,10/14/21 07:30:00,29.414,,,,,
18336,10/14/21 07:45:00,29.290,,,,,
18337,10/14/21 08:00:00,29.215,,,,,
18338,10/14/21 08:15:00,29.165,,,,,
18339,10/14/21 08:30:00,29.090,,,,,
18340,10/14/21 08:45:00,29.140,,,,,
18341,10/14/21 09:00:00,28.990,,,,,
18342,10/14/21 09:15:00,29.065,,,,,
18343,10/14/21 09:30:00,28.866,,,,,
18344,10/14/21 09:45:00,28.816,,,,,
18345,10/14/21 10:00:00,29.040,,,,,
18346,10/14/21 10:15:00,29.040,,,,,
18347,10/14/21 10:30:00,29.090,,,,,
18348,10/14/21 10:45:00,28.543,,,,,
18349,10/14/21 11:00:00,28.394,,,,,
18350,10/14/21 11:15:00,28.419,,,,,
18351,10/14/21 11:30:00,28.444,,,,,
18352,10/14/21 11:45:00,28.543,,,,,
18353,10/14/21 12:00:00,28.468,,,,,
18354,10/14/21 12:15:00,28.692,,,,,
18355,10/14/21 12:30:00,28.791,,,,,
18356,10/14/21 12:45:00,28.642,,,,,
18357,10/14/21 13:00:00,28.692,,,,,
18358,10/14/21 13:15:00,28.692,,,,,
18359,10/14/21 13:30:00,28.642,,,,,
18360,10/14/21 13:45:00,28.593,,,,,
18361,10/14/21 14:00:00,28.369,,,,,
18362,10/14/21 14:15:00,28.320,,,,,
18363,10/14/21 14:30:00,28.444,,,,,
18364,10/14/21 14:45:00,28.518,,,,,
18365,10/14/21 15:00:00,28.717,,,,,
18366,10/14/21 15:15:00,28.816,,,,,
18367,10/14/21 15:30:00,28.891,,,,,
18368,10/14/21 15:45:00,28.742,,,,,
18369,10/14/21 16:00:00,28.916,,,,,
18370,10/14/21 16:15:00,28.916,,,,,
18371,10/14/21 16:30:00,28.791,,,,,
18372,10/14/21 16:45:00,28.742,,,,,
18373,10/14/21 17:00:00,28.593,,,,,
18374,10/14/21 17:15:00,28.493,,,,,
18375,10/14/21 17:30:00,28.518,,,,,
18376,10/14/21 17:45:00,28.568,,,,,
18377,10/14/21 18:00:00,28.617,,,,,
18378,10/14/21 18:15:00,28.866,,,,,
18379,10/14/21 18:30:00,28.816,,,,,
18380,10/14/21 18:45:00,29.115,,,,,
18381,10/14/21 19:00:00,28.965,,,,,
18382,10/14/21 19:15:00,29.240,,,,,
18383,10/14/21 19:30:00,29.315,,,,,
18384,10/14/21 19:45:00,29.240,,,,,
18385,10/14/21 20:00:00,29.340,,,,,
18386,10/14/21 20:15:00,29.365,,,,,
18387,10/14/21 20:30:00,29.389,,,,,
18388,10/14/21 20:45:00,29.414,,,,,
18389,10/14/21 21:00:00,29.414,,,,,
18390,10/14/21 21:15:00,29.439,,,,,
18391,10/14/21 21:30:00,29.439,,,,,
18392,10/14/21 21:45:00,29.414,,,,,
18393,10/14/21 22:00:00,29.439,,,,,
18394,10/14/21 22:15:00,29.439,,,,,
18395,10/14/21 22:30:00,29.439,,,,,
18396,10/14/21 22:45:00,29.464,,,,,
18397,10/14/21 23:00:00,29.464,,,,,
18398,10/14/21 23:15:00,29.414,,,,,
18399,10/14/21 23:30:00,29.115,,,,,
18400,10/14/21 23:45:00,29.115,,,,,
18401,10/15/21 00:00:00,29.464,,,,,
18402,10/15/21 00:15:00,29.414,,,,,
18403,10/15/21 00:30:00,29.464,,,,,
18404,10/15/21 00:45:00,29.439,,,,,
18405,10/15/21 01:00:00,29.490,,,,,
18406,10/15/21 01:15:00,29.490,,,,,
18407,10/15/21 01:30:00,29.490,,,,,
18408,10/15/21 01:45:00,29.490,,,,,
18409,10/15/21 02:00:00,29.490,,,,,
18410,10/15/21 02:15:00,29.490,,,,,
18411,10/15/21 02:30:00,29.490,,,,,
18412,10/15/21 02:45:00,29.490,,,,,
18413,10/15/21 03:00:00,29.490,,,,,
18414,10/15/21 03:15:00,29.490,,,,,
18415,10/15/21 03:30:00,29.490,,,,,
18416,10/15/21 03:45:00,29.515,,,,,
18417,10/15/21 04:00:00,29.515,,,,,
18418,10/15/21 04:15:00,29.515,,,,,
18419,10/15/21 04:30:00,29.515,,,,,
18420,10/15/21 04:45:00,29.515,,,,,
18421,10/15/21 05:00:00,29.515,,,,,
18422,10/15/21 05:15:00,29.515,,,,,
18423,10/15/21 05:30:00,29.515,,,,,
18424,10/15/21 05:45:00,29.515,,,,,
18425,10/15/21 06:00:00,29.490,,,,,
18426,10/15/21 06:15:00,29.490,,,,,
18427,10/15/21 06:30:00,29.515,,,,,
18428,10/15/21 06:45:00,29.515,,,,,
18429,10/15/21 07:00:00,29.515,,,,,
18430,10/15/21 07:15:00,29.515,,,,,
18431,10/15/21 07:30:00,29.515,,,,,
18432,10/15/21 07:45:00,29.515,,,,,
18433,10/15/21 08:00:00,29.515,,,,,
18434,10/15/21 08:15:00,29.490,,,,,
18435,10/15/21 08:30:00,29.490,,,,,
18436,10/15/21 08:45:00,29.439,,,,,
18437,10/15/21 09:00:00,28.766,,,,,
18438,10/15/21 09:15:00,28.642,,,,,
18439,10/15/21 09:30:00,28.841,,,,,
18440,10/15/21 09:45:00,28.791,,,,,
18441,10/15/21 10:00:00,28.766,,,,,
18442,10/15/21 10:15:00,28.642,,,,,
18443,10/15/21 10:30:00,28.692,,,,,
18444,10/15/21 10:45:00,28.667,,,,,
18445,10/15/21 11:00:00,28.617,,,,,
18446,10/15/21 11:15:00,28.692,,,,,
18447,10/15/21 11:30:00,28.891,,,,,
18448,10/15/21 11:45:00,28.965,,,,,
18449,10/15/21 12:00:00,29.115,,,,,
18450,10/15/21 12:15:00,29.265,,,,,
18451,10/15/21 12:30:00,29.140,,,,,
18452,10/15/21 12:45:00,28.941,,,,,
18453,10/15/21 13:00:00,28.965,,,,,
18454,10/15/21 13:15:00,29.140,,,,,
18455,10/15/21 13:30:00,29.140,,,,,
18456,10/15/21 13:45:00,29.265,,,,,
18457,10/15/21 14:00:00,29.290,,,,,
18458,10/15/21 14:15:00,29.414,,,,,
18459,10/15/21 14:30:00,29.315,,,,,
18460,10/15/21 14:45:00,29.190,,,,,
18461,10/15/21 15:00:00,29.090,,,,,
18462,10/15/21 15:15:00,29.065,,,,,
18463,10/15/21 15:30:00,28.717,,,,,
18464,10/15/21 15:45:00,28.916,,,,,
18465,10/15/21 16:00:00,28.916,,,,,
18466,10/15/21 16:15:00,28.766,,,,,
18467,10/15/21 16:30:00,28.717,,,,,
18468,10/15/21 16:45:00,28.518,,,,,
18469,10/15/21 17:00:00,28.518,,,,,
18470,10/15/21 17:15:00,28.543,,,,,
18471,10/15/21 17:30:00,28.543,,,,,
18472,10/15/21 17:45:00,28.493,,,,,
18473,10/15/21 18:00:00,28.518,,,,,
18474,10/15/21 18:15:00,28.543,,,,,
18475,10/15/21 18:30:00,28.493,,,,,
18476,10/15/21 18:45:00,28.468,,,,,
18477,10/15/21 19:00:00,28.468,,,,,
18478,10/15/21 19:15:00,28.468,,,,,
18479,10/15/21 19:30:00,28.518,,,,,
18480,10/15/21 19:45:00,28.493,,,,,
18481,10/15/21 20:00:00,28.493,,,,,
18482,10/15/21 20:15:00,28.642,,,,,
18483,10/15/21 20:30:00,28.742,,,,,
18484,10/15/21 20:45:00,28.766,,,,,
18485,10/15/21 21:00:00,28.766,,,,,
18486,10/15/21 21:15:00,28.816,,,,,
18487,10/15/21 21:30:00,28.841,,,,,
18488,10/15/21 21:45:00,28.891,,,,,
18489,10/15/21 22:00:00,28.866,,,,,
18490,10/15/21 22:15:00,28.965,,,,,
18491,10/15/21 22:30:00,28.791,,,,,
18492,10/15/21 22:45:00,28.766,,,,,
18493,10/15/21 23:00:00,28.742,,,,,
18494,10/15/21 23:15:00,28.742,,,,,
18495,10/15/21 23:30:00,28.791,,,,,
18496,10/15/21 23:45:00,28.816,,,,,
18497,10/16/21 00:00:00,28.990,,,,,
18498,10/16/21 00:15:00,28.841,,,,,
18499,10/16/21 00:30:00,28.816,,,,,
18500,10/16/21 00:45:00,28.866,,,,,
18501,10/16/21 01:00:00,28.791,,,,,
18502,10/16/21 01:15:00,28.791,,,,,
18503,10/16/21 01:30:00,28.791,,,,,
18504,10/16/21 01:45:00,29.290,,,,,
18505,10/16/21 02:00:00,29.490,,,,,
18506,10/16/21 02:15:00,29.515,,,,,
18507,10/16/21 02:30:00,29.515,,,,,
18508,10/16/21 02:45:00,29.515,,,,,
18509,10/16/21 03:00:00,29.565,,,,,
18510,10/16/21 03:15:00,29.540,,,,,
18511,10/16/21 03:30:00,29.515,,,,,
18512,10/16/21 03:45:00,29.515,,,,,
18513,10/16/21 04:00:00,29.515,,,,,
18514,10/16/21 04:15:00,29.515,,,,,
18515,10/16/21 04:30:00,29.515,,,,,
18516,10/16/21 04:45:00,29.540,,,,,
18517,10/16/21 05:00:00,29.565,,,,,
18518,10/16/21 05:15:00,29.565,,,,,
18519,10/16/21 05:30:00,29.590,,,,,
18520,10/16/21 05:45:00,29.590,,,,,
18521,10/16/21 06:00:00,29.590,,,,,
18522,10/16/21 06:15:00,29.565,,,,,
18523,10/16/21 06:30:00,29.540,,,,,
18524,10/16/21 06:45:00,28.841,,,,,
18525,10/16/21 07:00:00,28.642,,,,,
18526,10/16/21 07:15:00,28.593,,,,,
18527,10/16/21 07:30:00,28.568,,,,,
18528,10/16/21 07:45:00,28.568,,,,,
18529,10/16/21 08:00:00,28.617,,,,,
18530,10/16/21 08:15:00,28.568,,,,,
18531,10/16/21 08:30:00,28.444,,,,,
18532,10/16/21 08:45:00,28.617,,,,,
18533,10/16/21 09:00:00,28.667,,,,,
18534,10/16/21 09:15:00,28.916,,,,,
18535,10/16/21 09:30:00,28.990,,,,,
18536,10/16/21 09:45:00,28.692,,,,,
18537,10/16/21 10:00:00,28.717,,,,,
18538,10/16/21 10:15:00,28.717,,,,,
18539,10/16/21 10:30:00,28.692,,,,,
18540,10/16/21 10:45:00,28.692,,,,,
18541,10/16/21 11:00:00,28.717,,,,,
18542,10/16/21 11:15:00,28.742,,,,,
18543,10/16/21 11:30:00,28.816,,,,,
18544,10/16/21 11:45:00,28.791,,,,,
18545,10/16/21 12:00:00,28.816,,,,,
18546,10/16/21 12:15:00,28.916,,,,,
18547,10/16/21 12:30:00,28.965,,,,,
18548,10/16/21 12:45:00,28.965,,,,,
18549,10/16/21 13:00:00,28.916,,,,,
18550,10/16/21 13:15:00,28.866,,,,,
18551,10/16/21 13:30:00,28.891,,,,,
18552,10/16/21 13:45:00,28.866,,,,,
18553,10/16/21 14:00:00,28.816,,,,,
18554,10/16/21 14:15:00,28.791,,,,,
18555,10/16/21 14:30:00,28.766,,,,,
18556,10/16/21 14:45:00,28.717,,,,,
18557,10/16/21 15:00:00,28.667,,,,,
18558,10/16/21 15:15:00,28.692,,,,,
18559,10/16/21 15:30:00,28.841,,,,,
18560,10/16/21 15:45:00,28.891,,,,,
18561,10/16/21 16:00:00,28.941,,,,,
18562,10/16/21 16:15:00,29.065,,,,,
18563,10/16/21 16:30:00,29.065,,,,,
18564,10/16/21 16:45:00,28.990,,,,,
18565,10/16/21 17:00:00,28.990,,,,,
18566,10/16/21 17:15:00,29.040,,,,,
18567,10/16/21 17:30:00,29.065,,,,,
18568,10/16/21 17:45:00,29.065,,,,,
18569,10/16/21 18:00:00,29.040,,,,,
18570,10/16/21 18:15:00,29.065,,,,,
18571,10/16/21 18:30:00,29.215,,,,,
18572,10/16/21 18:45:00,29.065,,,,,
18573,10/16/21 19:00:00,29.065,,,,,
18574,10/16/21 19:15:00,29.065,,,,,
18575,10/16/21 19:30:00,29.040,,,,,
18576,10/16/21 19:45:00,29.015,,,,,
18577,10/16/21 20:00:00,29.015,,,,,
18578,10/16/21 20:15:00,29.090,,,,,
18579,10/16/21 20:30:00,29.090,,,,,
18580,10/16/21 20:45:00,29.090,,,,,
18581,10/16/21 21:00:00,29.065,,,,,
18582,10/16/21 21:15:00,29.065,,,,,
18583,10/16/21 21:30:00,29.040,,,,,
18584,10/16/21 21:45:00,29.015,,,,,
18585,10/16/21 22:00:00,28.990,,,,,
18586,10/16/21 22:15:00,29.015,,,,,
18587,10/16/21 22:30:00,29.090,,,,,
18588,10/16/21 22:45:00,29.090,,,,,
18589,10/16/21 23:00:00,29.190,,,,,
18590,10/16/21 23:15:00,29.290,,,,,
18591,10/16/21 23:30:00,29.115,,,,,
18592,10/16/21 23:45:00,29.065,,,,,
18593,10/17/21 00:00:00,29.065,,,,,
18594,10/17/21 00:15:00,29.040,,,,,
18595,10/17/21 00:30:00,29.040,,,,,
18596,10/17/21 00:45:00,29.090,,,,,
18597,10/17/21 01:00:00,29.040,,,,,
18598,10/17/21 01:15:00,29.065,,,,,
18599,10/17/21 01:30:00,29.015,,,,,
18600,10/17/21 01:45:00,29.040,,,,,
18601,10/17/21 02:00:00,29.040,,,,,
18602,10/17/21 02:15:00,29.090,,,,,
18603,10/17/21 02:30:00,29.115,,,,,
18604,10/17/21 02:45:00,29.140,,,,,
18605,10/17/21 03:00:00,29.290,,,,,
18606,10/17/21 03:15:00,29.340,,,,,
18607,10/17/21 03:30:00,29.414,,,,,
18608,10/17/21 03:45:00,29.464,,,,,
18609,10/17/21 04:00:00,29.389,,,,,
18610,10/17/21 04:15:00,29.265,,,,,
18611,10/17/21 04:30:00,29.290,,,,,
18612,10/17/21 04:45:00,29.340,,,,,
18613,10/17/21 05:00:00,29.490,,,,,
18614,10/17/21 05:15:00,29.439,,,,,
18615,10/17/21 05:30:00,29.290,,,,,
18616,10/17/21 05:45:00,29.265,,,,,
18617,10/17/21 06:00:00,29.240,,,,,
18618,10/17/21 06:15:00,29.240,,,,,
18619,10/17/21 06:30:00,29.315,,,,,
18620,10/17/21 06:45:00,29.315,,,,,
18621,10/17/21 07:00:00,29.315,,,,,
18622,10/17/21 07:15:00,29.315,,,,,
18623,10/17/21 07:30:00,29.315,,,,,
18624,10/17/21 07:45:00,29.315,,,,,
18625,10/17/21 08:00:00,29.190,,,,,
18626,10/17/21 08:15:00,29.190,,,,,
18627,10/17/21 08:30:00,29.190,,,,,
18628,10/17/21 08:45:00,29.215,,,,,
18629,10/17/21 09:00:00,29.215,,,,,
18630,10/17/21 09:15:00,29.215,,,,,
18631,10/17/21 09:30:00,29.190,,,,,
18632,10/17/21 09:45:00,29.215,,,,,
18633,10/17/21 10:00:00,29.240,,,,,
18634,10/17/21 10:15:00,29.290,,,,,
18635,10/17/21 10:30:00,29.190,,,,,
18636,10/17/21 10:45:00,28.841,,,,,
18637,10/17/21 11:00:00,28.916,,,,,
18638,10/17/21 11:15:00,29.015,,,,,
18639,10/17/21 11:30:00,28.990,,,,,
18640,10/17/21 11:45:00,28.841,,,,,
18641,10/17/21 12:00:00,28.841,,,,,
18642,10/17/21 12:15:00,28.941,,,,,
18643,10/17/21 12:30:00,28.965,,,,,
18644,10/17/21 12:45:00,28.941,,,,,
18645,10/17/21 13:00:00,28.916,,,,,
18646,10/17/21 13:15:00,28.916,,,,,
18647,10/17/21 13:30:00,28.916,,,,,
18648,10/17/21 13:45:00,29.015,,,,,
18649,10/17/21 14:00:00,29.165,,,,,
18650,10/17/21 14:15:00,29.190,,,,,
18651,10/17/21 14:30:00,29.165,,,,,
18652,10/17/21 14:45:00,29.165,,,,,
18653,10/17/21 15:00:00,29.140,,,,,
18654,10/17/21 15:15:00,29.190,,,,,
18655,10/17/21 15:30:00,29.215,,,,,
18656,10/17/21 15:45:00,29.215,,,,,
18657,10/17/21 16:00:00,29.240,,,,,
18658,10/17/21 16:15:00,29.265,,,,,
18659,10/17/21 16:30:00,29.290,,,,,
18660,10/17/21 16:45:00,29.290,,,,,
18661,10/17/21 17:00:00,29.315,,,,,
18662,10/17/21 17:15:00,29.340,,,,,
18663,10/17/21 17:30:00,29.340,,,,,
18664,10/17/21 17:45:00,29.340,,,,,
18665,10/17/21 18:00:00,29.340,,,,,
18666,10/17/21 18:15:00,29.340,,,,,
18667,10/17/21 18:30:00,29.365,,,,,
18668,10/17/21 18:45:00,29.365,,,,,
18669,10/17/21 19:00:00,29.365,,,,,
18670,10/17/21 19:15:00,29.414,,,,,
18671,10/17/21 19:30:00,29.389,,,,,
18672,10/17/21 19:45:00,29.365,,,,,
18673,10/17/21 20:00:00,29.365,,,,,
18674,10/17/21 20:15:00,29.365,,,,,
18675,10/17/21 20:30:00,29.365,,,,,
18676,10/17/21 20:45:00,29.365,,,,,
18677,10/17/21 21:00:00,29.365,,,,,
18678,10/17/21 21:15:00,29.365,,,,,
18679,10/17/21 21:30:00,29.365,,,,,
18680,10/17/21 21:45:00,29.365,,,,,
18681,10/17/21 22:00:00,29.365,,,,,
18682,10/17/21 22:15:00,29.365,,,,,
18683,10/17/21 22:30:00,29.365,,,,,
18684,10/17/21 22:45:00,29.365,,,,,
18685,10/17/21 23:00:00,29.365,,,,,
18686,10/17/21 23:15:00,29.365,,,,,
18687,10/17/21 23:30:00,29.389,,,,,
18688,10/17/21 23:45:00,29.389,,,,,
18689,10/18/21 00:00:00,29.365,,,,,
18690,10/18/21 00:15:00,29.340,,,,,
18691,10/18/21 00:30:00,29.290,,,,,
18692,10/18/21 00:45:00,29.265,,,,,
18693,10/18/21 01:00:00,29.215,,,,,
18694,10/18/21 01:15:00,29.140,,,,,
18695,10/18/21 01:30:00,29.240,,,,,
18696,10/18/21 01:45:00,29.290,,,,,
18697,10/18/21 02:00:00,29.315,,,,,
18698,10/18/21 02:15:00,29.315,,,,,
18699,10/18/21 02:30:00,29.315,,,,,
18700,10/18/21 02:45:00,29.315,,,,,
18701,10/18/21 03:00:00,29.290,,,,,
18702,10/18/21 03:15:00,29.315,,,,,
18703,10/18/21 03:30:00,29.365,,,,,
18704,10/18/21 03:45:00,29.389,,,,,
18705,10/18/21 04:00:00,29.365,,,,,
18706,10/18/21 04:15:00,29.365,,,,,
18707,10/18/21 04:30:00,29.414,,,,,
18708,10/18/21 04:45:00,29.414,,,,,
18709,10/18/21 05:00:00,29.414,,,,,
18710,10/18/21 05:15:00,29.439,,,,,
18711,10/18/21 05:30:00,29.464,,,,,
18712,10/18/21 05:45:00,29.439,,,,,
18713,10/18/21 06:00:00,29.414,,,,,
18714,10/18/21 06:15:00,29.414,,,,,
18715,10/18/21 06:30:00,29.414,,,,,
18716,10/18/21 06:45:00,29.414,,,,,
18717,10/18/21 07:00:00,29.190,,,,,
18718,10/18/21 07:15:00,29.115,,,,,
18719,10/18/21 07:30:00,29.165,,,,,
18720,10/18/21 07:45:00,29.190,,,,,
18721,10/18/21 08:00:00,29.215,,,,,
18722,10/18/21 08:15:00,29.165,,,,,
18723,10/18/21 08:30:00,29.240,,,,,
18724,10/18/21 08:45:00,29.240,,,,,
18725,10/18/21 09:00:00,29.340,,,,,
18726,10/18/21 09:15:00,29.389,,,,,
18727,10/18/21 09:30:00,29.439,,,,,
18728,10/18/21 09:45:00,29.414,,,,,
18729,10/18/21 10:00:00,29.365,,,,,
18730,10/18/21 10:15:00,29.190,,,,,
18731,10/18/21 10:30:00,29.215,,,,,
18732,10/18/21 10:45:00,29.190,,,,,
18733,10/18/21 11:00:00,29.090,,,,,
18734,10/18/21 11:15:00,29.015,,,,,
18735,10/18/21 11:30:00,28.990,,,,,
18736,10/18/21 11:45:00,28.990,,,,,
18737,10/18/21 12:00:00,28.990,,,,,
18738,10/18/21 12:15:00,28.990,,,,,
18739,10/18/21 12:30:00,28.965,,,,,
18740,10/18/21 12:45:00,28.965,,,,,
18741,10/18/21 13:00:00,28.941,,,,,
18742,10/18/21 13:15:00,28.965,,,,,
18743,10/18/21 13:30:00,28.965,,,,,
18744,10/18/21 13:45:00,29.040,,,,,
18745,10/18/21 14:00:00,29.040,,,,,
18746,10/18/21 14:15:00,29.040,,,,,
18747,10/18/21 14:30:00,29.540,,,,,
18748,10/18/21 14:45:00,29.565,,,,,
18749,10/18/21 15:00:00,29.265,,,,,
18750,10/18/21 15:15:00,29.215,,,,,
18751,10/18/21 15:30:00,29.515,,,,,
18752,10/18/21 15:45:00,29.140,,,,,
18753,10/18/21 16:00:00,28.965,,,,,
18754,10/18/21 16:15:00,28.965,,,,,
18755,10/18/21 16:30:00,28.965,,,,,
18756,10/18/21 16:45:00,28.941,,,,,
18757,10/18/21 17:00:00,28.891,,,,,
18758,10/18/21 17:15:00,28.916,,,,,
18759,10/18/21 17:30:00,28.916,,,,,
18760,10/18/21 17:45:00,28.891,,,,,
18761,10/18/21 18:00:00,28.891,,,,,
18762,10/18/21 18:15:00,28.866,,,,,
18763,10/18/21 18:30:00,28.866,,,,,
18764,10/18/21 18:45:00,28.816,,,,,
18765,10/18/21 19:00:00,28.816,,,,,
18766,10/18/21 19:15:00,28.841,,,,,
18767,10/18/21 19:30:00,28.866,,,,,
18768,10/18/21 19:45:00,28.891,,,,,
18769,10/18/21 20:00:00,29.015,,,,,
18770,10/18/21 20:15:00,29.090,,,,,
18771,10/18/21 20:30:00,29.240,,,,,
18772,10/18/21 20:45:00,29.340,,,,,
18773,10/18/21 21:00:00,29.340,,,,,
18774,10/18/21 21:15:00,29.340,,,,,
18775,10/18/21 21:30:00,29.340,,,,,
18776,10/18/21 21:45:00,29.365,,,,,
18777,10/18/21 22:00:00,29.340,,,,,
18778,10/18/21 22:15:00,29.365,,,,,
18779,10/18/21 22:30:00,29.365,,,,,
18780,10/18/21 22:45:00,29.365,,,,,
18781,10/18/21 23:00:00,29.365,,,,,
18782,10/18/21 23:15:00,29.389,,,,,
18783,10/18/21 23:30:00,29.340,,,,,
18784,10/18/21 23:45:00,29.340,,,,,
18785,10/19/21 00:00:00,29.340,,,,,
18786,10/19/21 00:15:00,29.315,,,,,
18787,10/19/21 00:30:00,29.340,,,,,
18788,10/19/21 00:45:00,29.389,,,,,
18789,10/19/21 01:00:00,29.414,,,,,
18790,10/19/21 01:15:00,29.414,,,,,
18791,10/19/21 01:30:00,29.439,,,,,
18792,10/19/21 01:45:00,29.464,,,,,
18793,10/19/21 02:00:00,29.464,,,,,
18794,10/19/21 02:15:00,29.464,,,,,
18795,10/19/21 02:30:00,29.464,,,,,
18796,10/19/21 02:45:00,29.490,,,,,
18797,10/19/21 03:00:00,29.464,,,,,
18798,10/19/21 03:15:00,29.490,,,,,
18799,10/19/21 03:30:00,29.490,,,,,
18800,10/19/21 03:45:00,29.490,,,,,
18801,10/19/21 04:00:00,29.490,,,,,
18802,10/19/21 04:15:00,29.490,,,,,
18803,10/19/21 04:30:00,29.490,,,,,
18804,10/19/21 04:45:00,29.490,,,,,
18805,10/19/21 05:00:00,29.490,,,,,
18806,10/19/21 05:15:00,29.464,,,,,
18807,10/19/21 05:30:00,29.490,,,,,
18808,10/19/21 05:45:00,29.464,,,,,
18809,10/19/21 06:00:00,29.490,,,,,
18810,10/19/21 06:15:00,29.439,,,,,
18811,10/19/21 06:30:00,29.439,,,,,
18812,10/19/21 06:45:00,29.439,,,,,
18813,10/19/21 07:00:00,29.490,,,,,
18814,10/19/21 07:15:00,29.439,,,,,
18815,10/19/21 07:30:00,29.439,,,,,
18816,10/19/21 07:45:00,29.414,,,,,
18817,10/19/21 08:00:00,29.389,,,,,
18818,10/19/21 08:15:00,29.340,,,,,
18819,10/19/21 08:30:00,29.315,,,,,
18820,10/19/21 08:45:00,29.414,,,,,
18821,10/19/21 09:00:00,29.414,,,,,
18822,10/19/21 09:15:00,29.414,,,,,
18823,10/19/21 09:30:00,29.439,,,,,
18824,10/19/21 09:45:00,29.414,,,,,
18825,10/19/21 10:00:00,29.439,,,,,
18826,10/19/21 10:15:00,29.414,,,,,
18827,10/19/21 10:30:00,29.414,,,,,
18828,10/19/21 10:45:00,29.414,,,,,
18829,10/19/21 11:00:00,29.414,,,,,
18830,10/19/21 11:15:00,29.414,,,,,
18831,10/19/21 11:30:00,29.414,,,,,
18832,10/19/21 11:45:00,29.315,,,,,
18833,10/19/21 12:00:00,29.340,,,,,
18834,10/19/21 12:15:00,29.414,,,,,
18835,10/19/21 12:30:00,29.389,,,,,
18836,10/19/21 12:45:00,29.215,,,,,
18837,10/19/21 13:00:00,29.140,,,,,
18838,10/19/21 13:15:00,29.140,,,,,
18839,10/19/21 13:30:00,29.140,,,,,
18840,10/19/21 13:45:00,29.140,,,,,
18841,10/19/21 14:00:00,29.140,,,,,
18842,10/19/21 14:15:00,29.115,,,,,
18843,10/19/21 14:30:00,29.140,,,,,
18844,10/19/21 14:45:00,29.165,,,,,
18845,10/19/21 15:00:00,29.165,,,,,
18846,10/19/21 15:15:00,29.140,,,,,
18847,10/19/21 15:30:00,29.040,,,,,
18848,10/19/21 15:45:00,29.015,,,,,
18849,10/19/21 16:00:00,29.015,,,,,
18850,10/19/21 16:15:00,28.791,,,,,
18851,10/19/21 16:30:00,28.742,,,,,
18852,10/19/21 16:45:00,28.742,,,,,
18853,10/19/21 17:00:00,28.568,,,,,
18854,10/19/21 17:15:00,28.717,,,,,
18855,10/19/21 17:30:00,28.766,,,,,
18856,10/19/21 17:45:00,28.742,,,,,
18857,10/19/21 18:00:00,28.766,,,,,
18858,10/19/21 18:15:00,28.742,,,,,
18859,10/19/21 18:30:00,28.816,,,,,
18860,10/19/21 18:45:00,28.891,,,,,
18861,10/19/21 19:00:00,28.766,,,,,
18862,10/19/21 19:15:00,28.742,,,,,
18863,10/19/21 19:30:00,28.742,,,,,
18864,10/19/21 19:45:00,28.742,,,,,
18865,10/19/21 20:00:00,28.717,,,,,
18866,10/19/21 20:15:00,28.742,,,,,
18867,10/19/21 20:30:00,28.742,,,,,
18868,10/19/21 20:45:00,28.717,,,,,
18869,10/19/21 21:00:00,28.742,,,,,
18870,10/19/21 21:15:00,28.866,,,,,
18871,10/19/21 21:30:00,29.190,,,,,
18872,10/19/21 21:45:00,29.265,,,,,
18873,10/19/21 22:00:00,29.165,,,,,
18874,10/19/21 22:15:00,29.240,,,,,
18875,10/19/21 22:30:00,29.315,,,,,
18876,10/19/21 22:45:00,29.340,,,,,
18877,10/19/21 23:00:00,29.315,,,,,
18878,10/19/21 23:15:00,29.315,,,,,
18879,10/19/21 23:30:00,29.315,,,,,
18880,10/19/21 23:45:00,29.439,,,,,
18881,10/20/21 00:00:00,29.464,,,,,
18882,10/20/21 00:15:00,29.490,,,,,
18883,10/20/21 00:30:00,29.565,,,,,
18884,10/20/21 00:45:00,29.540,,,,,
18885,10/20/21 01:00:00,29.565,,,,,
18886,10/20/21 01:15:00,29.464,,,,,
18887,10/20/21 01:30:00,29.115,,,,,
18888,10/20/21 01:45:00,29.240,,,,,
18889,10/20/21 02:00:00,29.265,,,,,
18890,10/20/21 02:15:00,29.265,,,,,
18891,10/20/21 02:30:00,29.365,,,,,
18892,10/20/21 02:45:00,29.439,,,,,
18893,10/20/21 03:00:00,29.540,,,,,
18894,10/20/21 03:15:00,29.565,,,,,
18895,10/20/21 03:30:00,29.565,,,,,
18896,10/20/21 03:45:00,29.565,,,,,
18897,10/20/21 04:00:00,29.540,,,,,
18898,10/20/21 04:15:00,29.540,,,,,
18899,10/20/21 04:30:00,29.340,,,,,
18900,10/20/21 04:45:00,29.265,,,,,
18901,10/20/21 05:00:00,29.315,,,,,
18902,10/20/21 05:15:00,29.165,,,,,
18903,10/20/21 05:30:00,29.190,,,,,
18904,10/20/21 05:45:00,29.265,,,,,
18905,10/20/21 06:00:00,29.240,,,,,
18906,10/20/21 06:15:00,29.065,,,,,
18907,10/20/21 06:30:00,29.165,,,,,
18908,10/20/21 06:45:00,29.315,,,,,
18909,10/20/21 07:00:00,29.414,,,,,
18910,10/20/21 07:15:00,29.515,,,,,
18911,10/20/21 07:30:00,29.540,,,,,
18912,10/20/21 07:45:00,29.540,,,,,
18913,10/20/21 08:00:00,29.515,,,,,
18914,10/20/21 08:15:00,29.540,,,,,
18915,10/20/21 08:30:00,29.540,,,,,
18916,10/20/21 08:45:00,29.540,,,,,
18917,10/20/21 09:00:00,29.515,,,,,
18918,10/20/21 09:15:00,29.315,,,,,
18919,10/20/21 09:30:00,29.190,,,,,
18920,10/20/21 09:45:00,29.115,,,,,
18921,10/20/21 10:00:00,28.990,,,,,
18922,10/20/21 10:15:00,28.990,,,,,
18923,10/20/21 10:30:00,29.340,,,,,
18924,10/20/21 10:45:00,29.515,,,,,
18925,10/20/21 11:00:00,29.540,,,,,
18926,10/20/21 11:15:00,29.540,,,,,
18927,10/20/21 11:30:00,29.540,,,,,
18928,10/20/21 11:45:00,29.540,,,,,
18929,10/20/21 12:00:00,29.565,,,,,
18930,10/20/21 12:15:00,29.590,,,,,
18931,10/20/21 12:30:00,29.565,,,,,
18932,10/20/21 12:45:00,29.515,,,,,
18933,10/20/21 13:00:00,29.540,,,,,
18934,10/20/21 13:15:00,29.540,,,,,
18935,10/20/21 13:30:00,29.540,,,,,
18936,10/20/21 13:45:00,29.540,,,,,
18937,10/20/21 14:00:00,29.515,,,,,
18938,10/20/21 14:15:00,29.515,,,,,
18939,10/20/21 14:30:00,29.515,,,,,
18940,10/20/21 14:45:00,29.540,,,,,
18941,10/20/21 15:00:00,29.540,,,,,
18942,10/20/21 15:15:00,29.515,,,,,
18943,10/20/21 15:30:00,29.515,,,,,
18944,10/20/21 15:45:00,29.540,,,,,
18945,10/20/21 16:00:00,29.414,,,,,
18946,10/20/21 16:15:00,29.515,,,,,
18947,10/20/21 16:30:00,29.515,,,,,
18948,10/20/21 16:45:00,29.340,,,,,
18949,10/20/21 17:00:00,29.365,,,,,
18950,10/20/21 17:15:00,29.090,,,,,
18951,10/20/21 17:30:00,29.140,,,,,
18952,10/20/21 17:45:00,29.165,,,,,
18953,10/20/21 18:00:00,29.315,,,,,
18954,10/20/21 18:15:00,29.414,,,,,
18955,10/20/21 18:30:00,29.439,,,,,
18956,10/20/21 18:45:00,29.414,,,,,
18957,10/20/21 19:00:00,29.439,,,,,
18958,10/20/21 19:15:00,29.414,,,,,
18959,10/20/21 19:30:00,29.464,,,,,
18960,10/20/21 19:45:00,29.490,,,,,
18961,10/20/21 20:00:00,29.515,,,,,
18962,10/20/21 20:15:00,29.414,,,,,
18963,10/20/21 20:30:00,29.490,,,,,
18964,10/20/21 20:45:00,29.490,,,,,
18965,10/20/21 21:00:00,29.490,,,,,
18966,10/20/21 21:15:00,29.515,,,,,
18967,10/20/21 21:30:00,29.515,,,,,
18968,10/20/21 21:45:00,29.515,,,,,
18969,10/20/21 22:00:00,29.464,,,,,
18970,10/20/21 22:15:00,29.464,,,,,
18971,10/20/21 22:30:00,29.315,,,,,
18972,10/20/21 22:45:00,29.340,,,,,
18973,10/20/21 23:00:00,29.490,,,,,
18974,10/20/21 23:15:00,29.490,,,,,
18975,10/20/21 23:30:00,29.490,,,,,
18976,10/20/21 23:45:00,29.340,,,,,
18977,10/21/21 00:00:00,29.165,,,,,
18978,10/21/21 00:15:00,29.490,,,,,
18979,10/21/21 00:30:00,29.515,,,,,
18980,10/21/21 00:45:00,29.464,,,,,
18981,10/21/21 01:00:00,29.490,,,,,
18982,10/21/21 01:15:00,29.490,,,,,
18983,10/21/21 01:30:00,29.490,,,,,
18984,10/21/21 01:45:00,29.490,,,,,
18985,10/21/21 02:00:00,29.490,,,,,
18986,10/21/21 02:15:00,29.515,,,,,
18987,10/21/21 02:30:00,29.490,,,,,
18988,10/21/21 02:45:00,29.515,,,,,
18989,10/21/21 03:00:00,29.490,,,,,
18990,10/21/21 03:15:00,29.490,,,,,
18991,10/21/21 03:30:00,29.315,,,,,
18992,10/21/21 03:45:00,28.493,,,,,
18993,10/21/21 04:00:00,28.345,,,,,
18994,10/21/21 04:15:00,28.394,,,,,
18995,10/21/21 04:30:00,28.419,,,,,
18996,10/21/21 04:45:00,28.444,,,,,
18997,10/21/21 05:00:00,28.468,,,,,
18998,10/21/21 05:15:00,28.593,,,,,
18999,10/21/21 05:30:00,28.816,,,,,
19000,10/21/21 05:45:00,28.791,,,,,
19001,10/21/21 06:00:00,29.165,,,,,
19002,10/21/21 06:15:00,28.841,,,,,
19003,10/21/21 06:30:00,29.439,,,,,
19004,10/21/21 06:45:00,29.515,,,,,
19005,10/21/21 07:00:00,29.265,,,,,
19006,10/21/21 07:15:00,29.240,,,,,
19007,10/21/21 07:30:00,29.215,,,,,
19008,10/21/21 07:45:00,29.190,,,,,
19009,10/21/21 08:00:00,29.190,,,,,
19010,10/21/21 08:15:00,29.140,,,,,
19011,10/21/21 08:30:00,29.115,,,,,
19012,10/21/21 08:45:00,29.215,,,,,
19013,10/21/21 09:00:00,29.240,,,,,
19014,10/21/21 09:15:00,29.215,,,,,
19015,10/21/21 09:30:00,29.290,,,,,
19016,10/21/21 09:45:00,29.215,,,,,
19017,10/21/21 10:00:00,29.215,,,,,
19018,10/21/21 10:15:00,29.215,,,,,
19019,10/21/21 10:30:00,29.265,,,,,
19020,10/21/21 10:45:00,29.240,,,,,
19021,10/21/21 11:00:00,29.215,,,,,
19022,10/21/21 11:15:00,29.240,,,,,
19023,10/21/21 11:30:00,29.265,,,,,
19024,10/21/21 11:45:00,29.240,,,,,
19025,10/21/21 12:00:00,29.215,,,,,
19026,10/21/21 12:15:00,29.365,,,,,
19027,10/21/21 12:30:00,29.340,,,,,
19028,10/21/21 12:45:00,29.439,,,,,
19029,10/21/21 13:00:00,29.590,,,,,
19030,10/21/21 13:15:00,29.590,,,,,
19031,10/21/21 13:30:00,29.565,,,,,
19032,10/21/21 13:45:00,29.565,,,,,
19033,10/21/21 14:00:00,29.590,,,,,
19034,10/21/21 14:15:00,29.590,,,,,
19035,10/21/21 14:30:00,29.590,,,,,
19036,10/21/21 14:45:00,28.891,,,,,
19037,10/21/21 15:00:00,28.841,,,,,
19038,10/21/21 15:15:00,28.692,,,,,
19039,10/21/21 15:30:00,28.617,,,,,
19040,10/21/21 15:45:00,28.766,,,,,
19041,10/21/21 16:00:00,28.866,,,,,
19042,10/21/21 16:15:00,28.990,,,,,
19043,10/21/21 16:30:00,29.015,,,,,
19044,10/21/21 16:45:00,29.115,,,,,
19045,10/21/21 17:00:00,29.090,,,,,
19046,10/21/21 17:15:00,28.941,,,,,
19047,10/21/21 17:30:00,28.965,,,,,
19048,10/21/21 17:45:00,28.891,,,,,
19049,10/21/21 18:00:00,28.791,,,,,
19050,10/21/21 18:15:00,28.766,,,,,
19051,10/21/21 18:30:00,29.389,,,,,
19052,10/21/21 18:45:00,29.065,,,,,
19053,10/21/21 19:00:00,28.816,,,,,
19054,10/21/21 19:15:00,29.140,,,,,
19055,10/21/21 19:30:00,28.990,,,,,
19056,10/21/21 19:45:00,28.990,,,,,
19057,10/21/21 20:00:00,29.015,,,,,
19058,10/21/21 20:15:00,29.540,,,,,
19059,10/21/21 20:30:00,29.565,,,,,
19060,10/21/21 20:45:00,29.590,,,,,
19061,10/21/21 21:00:00,29.590,,,,,
19062,10/21/21 21:15:00,29.590,,,,,
19063,10/21/21 21:30:00,29.590,,,,,
19064,10/21/21 21:45:00,29.590,,,,,
19065,10/21/21 22:00:00,29.590,,,,,
19066,10/21/21 22:15:00,29.590,,,,,
19067,10/21/21 22:30:00,29.590,,,,,
19068,10/21/21 22:45:00,29.590,,,,,
19069,10/21/21 23:00:00,29.565,,,,,
19070,10/21/21 23:15:00,29.515,,,,,
19071,10/21/21 23:30:00,29.565,,,,,
19072,10/21/21 23:45:00,29.540,,,,,
19073,10/22/21 00:00:00,29.540,,,,,
19074,10/22/21 00:15:00,29.215,,,,,
19075,10/22/21 00:30:00,29.115,,,,,
19076,10/22/21 00:45:00,29.464,,,,,
19077,10/22/21 01:00:00,29.490,,,,,
19078,10/22/21 01:15:00,29.464,,,,,
19079,10/22/21 01:30:00,29.464,,,,,
19080,10/22/21 01:45:00,29.165,,,,,
19081,10/22/21 02:00:00,29.115,,,,,
19082,10/22/21 02:15:00,29.090,,,,,
19083,10/22/21 02:30:00,28.990,,,,,
19084,10/22/21 02:45:00,28.916,,,,,
19085,10/22/21 03:00:00,28.891,,,,,
19086,10/22/21 03:15:00,28.891,,,,,
19087,10/22/21 03:30:00,28.841,,,,,
19088,10/22/21 03:45:00,28.841,,,,,
19089,10/22/21 04:00:00,28.891,,,,,
19090,10/22/21 04:15:00,28.866,,,,,
19091,10/22/21 04:30:00,28.866,,,,,
19092,10/22/21 04:45:00,29.090,,,,,
19093,10/22/21 05:00:00,28.916,,,,,
19094,10/22/21 05:15:00,28.891,,,,,
19095,10/22/21 05:30:00,28.791,,,,,
19096,10/22/21 05:45:00,28.742,,,,,
19097,10/22/21 06:00:00,28.742,,,,,
19098,10/22/21 06:15:00,28.766,,,,,
19099,10/22/21 06:30:00,28.766,,,,,
19100,10/22/21 06:45:00,28.791,,,,,
19101,10/22/21 07:00:00,28.816,,,,,
19102,10/22/21 07:15:00,28.841,,,,,
19103,10/22/21 07:30:00,28.891,,,,,
19104,10/22/21 07:45:00,28.866,,,,,
19105,10/22/21 08:00:00,28.891,,,,,
19106,10/22/21 08:15:00,28.916,,,,,
19107,10/22/21 08:30:00,28.866,,,,,
19108,10/22/21 08:45:00,28.916,,,,,
19109,10/22/21 09:00:00,28.941,,,,,
19110,10/22/21 09:15:00,28.941,,,,,
19111,10/22/21 09:30:00,28.965,,,,,
19112,10/22/21 09:45:00,29.015,,,,,
19113,10/22/21 10:00:00,29.015,,,,,
19114,10/22/21 10:15:00,29.040,,,,,
19115,10/22/21 10:30:00,29.040,,,,,
19116,10/22/21 10:45:00,29.040,,,,,
19117,10/22/21 11:00:00,29.065,,,,,
19118,10/22/21 11:15:00,29.090,,,,,
19119,10/22/21 11:30:00,29.040,,,,,
19120,10/22/21 11:45:00,28.965,,,,,
19121,10/22/21 12:00:00,28.965,,,,,
19122,10/22/21 12:15:00,28.941,,,,,
19123,10/22/21 12:30:00,29.015,,,,,
19124,10/22/21 12:45:00,29.190,,,,,
19125,10/22/21 13:00:00,29.165,,,,,
19126,10/22/21 13:15:00,29.115,,,,,
19127,10/22/21 13:30:00,29.140,,,,,
19128,10/22/21 13:45:00,29.115,,,,,
19129,10/22/21 14:00:00,29.115,,,,,
19130,10/22/21 14:15:00,29.115,,,,,
19131,10/22/21 14:30:00,29.065,,,,,
19132,10/22/21 14:45:00,29.065,,,,,
19133,10/22/21 15:00:00,29.065,,,,,
19134,10/22/21 15:15:00,29.090,,,,,
19135,10/22/21 15:30:00,29.065,,,,,
19136,10/22/21 15:45:00,28.916,,,,,
19137,10/22/21 16:00:00,29.140,,,,,
19138,10/22/21 16:15:00,29.040,,,,,
19139,10/22/21 16:30:00,28.891,,,,,
19140,10/22/21 16:45:00,28.891,,,,,
19141,10/22/21 17:00:00,28.891,,,,,
19142,10/22/21 17:15:00,28.891,,,,,
19143,10/22/21 17:30:00,28.866,,,,,
19144,10/22/21 17:45:00,28.891,,,,,
19145,10/22/21 18:00:00,28.866,,,,,
19146,10/22/21 18:15:00,28.891,,,,,
19147,10/22/21 18:30:00,28.866,,,,,
19148,10/22/21 18:45:00,28.866,,,,,
19149,10/22/21 19:00:00,28.841,,,,,
19150,10/22/21 19:15:00,28.866,,,,,
19151,10/22/21 19:30:00,28.866,,,,,
19152,10/22/21 19:45:00,28.866,,,,,
19153,10/22/21 20:00:00,28.841,,,,,
19154,10/22/21 20:15:00,28.841,,,,,
19155,10/22/21 20:30:00,28.841,,,,,
19156,10/22/21 20:45:00,29.015,,,,,
19157,10/22/21 21:00:00,29.090,,,,,
19158,10/22/21 21:15:00,29.090,,,,,
19159,10/22/21 21:30:00,29.414,,,,,
19160,10/22/21 21:45:00,29.165,,,,,
19161,10/22/21 22:00:00,29.190,,,,,
19162,10/22/21 22:15:00,29.165,,,,,
19163,10/22/21 22:30:00,29.165,,,,,
19164,10/22/21 22:45:00,29.190,,,,,
19165,10/22/21 23:00:00,29.190,,,,,
19166,10/22/21 23:15:00,29.215,,,,,
19167,10/22/21 23:30:00,29.240,,,,,
19168,10/22/21 23:45:00,29.240,,,,,
19169,10/23/21 00:00:00,29.215,,,,,
19170,10/23/21 00:15:00,29.265,,,,,
19171,10/23/21 00:30:00,29.265,,,,,
19172,10/23/21 00:45:00,29.265,,,,,
19173,10/23/21 01:00:00,29.265,,,,,
19174,10/23/21 01:15:00,29.265,,,,,
19175,10/23/21 01:30:00,29.290,,,,,
19176,10/23/21 01:45:00,29.315,,,,,
19177,10/23/21 02:00:00,29.315,,,,,
19178,10/23/21 02:15:00,29.315,,,,,
19179,10/23/21 02:30:00,29.315,,,,,
19180,10/23/21 02:45:00,29.315,,,,,
19181,10/23/21 03:00:00,29.290,,,,,
19182,10/23/21 03:15:00,29.265,,,,,
19183,10/23/21 03:30:00,29.265,,,,,
19184,10/23/21 03:45:00,29.265,,,,,
19185,10/23/21 04:00:00,29.290,,,,,
19186,10/23/21 04:15:00,29.315,,,,,
19187,10/23/21 04:30:00,29.315,,,,,
19188,10/23/21 04:45:00,29.315,,,,,
19189,10/23/21 05:00:00,29.340,,,,,
19190,10/23/21 05:15:00,29.340,,,,,
19191,10/23/21 05:30:00,29.340,,,,,
19192,10/23/21 05:45:00,29.365,,,,,
19193,10/23/21 06:00:00,29.365,,,,,
19194,10/23/21 06:15:00,29.365,,,,,
19195,10/23/21 06:30:00,29.365,,,,,
19196,10/23/21 06:45:00,29.365,,,,,
19197,10/23/21 07:00:00,29.240,,,,,
19198,10/23/21 07:15:00,29.240,,,,,
19199,10/23/21 07:30:00,29.140,,,,,
19200,10/23/21 07:45:00,29.190,,,,,
19201,10/23/21 08:00:00,28.891,,,,,
19202,10/23/21 08:15:00,28.791,,,,,
19203,10/23/21 08:30:00,28.791,,,,,
19204,10/23/21 08:45:00,28.791,,,,,
19205,10/23/21 09:00:00,28.791,,,,,
19206,10/23/21 09:15:00,28.816,,,,,
19207,10/23/21 09:30:00,28.791,,,,,
19208,10/23/21 09:45:00,28.791,,,,,
19209,10/23/21 10:00:00,28.816,,,,,
19210,10/23/21 10:15:00,28.816,,,,,
19211,10/23/21 10:30:00,29.065,,,,,
19212,10/23/21 10:45:00,29.015,,,,,
19213,10/23/21 11:00:00,29.040,,,,,
19214,10/23/21 11:15:00,29.065,,,,,
19215,10/23/21 11:30:00,29.115,,,,,
19216,10/23/21 11:45:00,29.065,,,,,
19217,10/23/21 12:00:00,28.965,,,,,
19218,10/23/21 12:15:00,28.916,,,,,
19219,10/23/21 12:30:00,28.916,,,,,
19220,10/23/21 12:45:00,28.916,,,,,
19221,10/23/21 13:00:00,28.990,,,,,
19222,10/23/21 13:15:00,28.990,,,,,
19223,10/23/21 13:30:00,29.015,,,,,
19224,10/23/21 13:45:00,28.990,,,,,
19225,10/23/21 14:00:00,28.990,,,,,
19226,10/23/21 14:15:00,28.990,,,,,
19227,10/23/21 14:30:00,28.965,,,,,
19228,10/23/21 14:45:00,29.015,,,,,
19229,10/23/21 15:00:00,29.365,,,,,
19230,10/23/21 15:15:00,29.414,,,,,
19231,10/23/21 15:30:00,29.439,,,,,
19232,10/23/21 15:45:00,29.439,,,,,
19233,10/23/21 16:00:00,29.464,,,,,
19234,10/23/21 16:15:00,29.464,,,,,
19235,10/23/21 16:30:00,29.464,,,,,
19236,10/23/21 16:45:00,29.464,,,,,
19237,10/23/21 17:00:00,29.439,,,,,
19238,10/23/21 17:15:00,29.439,,,,,
19239,10/23/21 17:30:00,29.439,,,,,
19240,10/23/21 17:45:00,29.439,,,,,
19241,10/23/21 18:00:00,29.439,,,,,
19242,10/23/21 18:15:00,28.816,,,,,
19243,10/23/21 18:30:00,29.365,,,,,
19244,10/23/21 18:45:00,29.414,,,,,
19245,10/23/21 19:00:00,29.414,,,,,
19246,10/23/21 19:15:00,29.414,,,,,
19247,10/23/21 19:30:00,29.439,,,,,
19248,10/23/21 19:45:00,29.439,,,,,
19249,10/23/21 20:00:00,29.439,,,,,
19250,10/23/21 20:15:00,29.439,,,,,
19251,10/23/21 20:30:00,29.439,,,,,
19252,10/23/21 20:45:00,29.439,,,,,
19253,10/23/21 21:00:00,29.439,,,,,
19254,10/23/21 21:15:00,29.439,,,,,
19255,10/23/21 21:30:00,29.464,,,,,
19256,10/23/21 21:45:00,29.464,,,,,
19257,10/23/21 22:00:00,29.464,,,,,
19258,10/23/21 22:15:00,29.464,,,,,
19259,10/23/21 22:30:00,29.464,,,,,
19260,10/23/21 22:45:00,29.439,,,,,
19261,10/23/21 23:00:00,29.439,,,,,
19262,10/23/21 23:15:00,29.439,,,,,
19263,10/23/21 23:30:00,29.439,,,,,
19264,10/23/21 23:45:00,29.439,,,,,
19265,10/24/21 00:00:00,29.439,,,,,
19266,10/24/21 00:15:00,29.439,,,,,
19267,10/24/21 00:30:00,29.414,,,,,
19268,10/24/21 00:45:00,29.439,,,,,
19269,10/24/21 01:00:00,29.414,,,,,
19270,10/24/21 01:15:00,29.414,,,,,
19271,10/24/21 01:30:00,29.439,,,,,
19272,10/24/21 01:45:00,29.414,,,,,
19273,10/24/21 02:00:00,29.439,,,,,
19274,10/24/21 02:15:00,29.414,,,,,
19275,10/24/21 02:30:00,29.414,,,,,
19276,10/24/21 02:45:00,29.240,,,,,
19277,10/24/21 03:00:00,29.240,,,,,
19278,10/24/21 03:15:00,29.315,,,,,
19279,10/24/21 03:30:00,29.365,,,,,
19280,10/24/21 03:45:00,29.240,,,,,
19281,10/24/21 04:00:00,29.365,,,,,
19282,10/24/21 04:15:00,29.365,,,,,
19283,10/24/21 04:30:00,29.365,,,,,
19284,10/24/21 04:45:00,29.365,,,,,
19285,10/24/21 05:00:00,29.365,,,,,
19286,10/24/21 05:15:00,29.365,,,,,
19287,10/24/21 05:30:00,29.340,,,,,
19288,10/24/21 05:45:00,29.340,,,,,
19289,10/24/21 06:00:00,29.365,,,,,
19290,10/24/21 06:15:00,29.389,,,,,
19291,10/24/21 06:30:00,29.414,,,,,
19292,10/24/21 06:45:00,29.389,,,,,
19293,10/24/21 07:00:00,29.340,,,,,
19294,10/24/21 07:15:00,29.389,,,,,
19295,10/24/21 07:30:00,29.389,,,,,
19296,10/24/21 07:45:00,29.365,,,,,
19297,10/24/21 08:00:00,29.340,,,,,
19298,10/24/21 08:15:00,29.365,,,,,
19299,10/24/21 08:30:00,28.990,,,,,
19300,10/24/21 08:45:00,29.065,,,,,
19301,10/24/21 09:00:00,29.365,,,,,
19302,10/24/21 09:15:00,29.315,,,,,
19303,10/24/21 09:30:00,29.315,,,,,
19304,10/24/21 09:45:00,29.340,,,,,
19305,10/24/21 10:00:00,29.389,,,,,
19306,10/24/21 10:15:00,29.389,,,,,
19307,10/24/21 10:30:00,29.414,,,,,
19308,10/24/21 10:45:00,29.414,,,,,
19309,10/24/21 11:00:00,29.414,,,,,
19310,10/24/21 11:15:00,29.439,,,,,
19311,10/24/21 11:30:00,29.414,,,,,
19312,10/24/21 11:45:00,29.439,,,,,
19313,10/24/21 12:00:00,29.464,,,,,
19314,10/24/21 12:15:00,29.464,,,,,
19315,10/24/21 12:30:00,29.414,,,,,
19316,10/24/21 12:45:00,29.414,,,,,
19317,10/24/21 13:00:00,29.439,,,,,
19318,10/24/21 13:15:00,29.389,,,,,
19319,10/24/21 13:30:00,29.365,,,,,
19320,10/24/21 13:45:00,29.365,,,,,
19321,10/24/21 14:00:00,29.389,,,,,
19322,10/24/21 14:15:00,29.389,,,,,
19323,10/24/21 14:30:00,29.190,,,,,
19324,10/24/21 14:45:00,29.389,,,,,
19325,10/24/21 15:00:00,29.414,,,,,
19326,10/24/21 15:15:00,29.414,,,,,
19327,10/24/21 15:30:00,29.414,,,,,
19328,10/24/21 15:45:00,29.389,,,,,
19329,10/24/21 16:00:00,28.941,,,,,
19330,10/24/21 16:15:00,29.365,,,,,
19331,10/24/21 16:30:00,29.115,,,,,
19332,10/24/21 16:45:00,28.816,,,,,
19333,10/24/21 17:00:00,28.791,,,,,
19334,10/24/21 17:15:00,28.791,,,,,
19335,10/24/21 17:30:00,28.841,,,,,
19336,10/24/21 17:45:00,28.965,,,,,
19337,10/24/21 18:00:00,28.816,,,,,
19338,10/24/21 18:15:00,28.916,,,,,
19339,10/24/21 18:30:00,29.065,,,,,
19340,10/24/21 18:45:00,29.015,,,,,
19341,10/24/21 19:00:00,29.040,,,,,
19342,10/24/21 19:15:00,29.090,,,,,
19343,10/24/21 19:30:00,29.115,,,,,
19344,10/24/21 19:45:00,29.115,,,,,
19345,10/24/21 20:00:00,29.090,,,,,
19346,10/24/21 20:15:00,29.115,,,,,
19347,10/24/21 20:30:00,29.115,,,,,
19348,10/24/21 20:45:00,29.115,,,,,
19349,10/24/21 21:00:00,29.090,,,,,
19350,10/24/21 21:15:00,29.090,,,,,
19351,10/24/21 21:30:00,29.090,,,,,
19352,10/24/21 21:45:00,29.090,,,,,
19353,10/24/21 22:00:00,29.090,,,,,
19354,10/24/21 22:15:00,29.090,,,,,
19355,10/24/21 22:30:00,29.015,,,,,
19356,10/24/21 22:45:00,29.015,,,,,
19357,10/24/21 23:00:00,29.015,,,,,
19358,10/24/21 23:15:00,29.015,,,,,
19359,10/24/21 23:30:00,29.015,,,,,
19360,10/24/21 23:45:00,29.015,,,,,
19361,10/25/21 00:00:00,29.015,,,,,
19362,10/25/21 00:15:00,28.990,,,,,
19363,10/25/21 00:30:00,28.990,,,,,
19364,10/25/21 00:45:00,28.965,,,,,
19365,10/25/21 01:00:00,28.965,,,,,
19366,10/25/21 01:15:00,28.965,,,,,
19367,10/25/21 01:30:00,28.965,,,,,
19368,10/25/21 01:45:00,28.990,,,,,
19369,10/25/21 02:00:00,28.990,,,,,
19370,10/25/21 02:15:00,28.990,,,,,
19371,10/25/21 02:30:00,29.015,,,,,
19372,10/25/21 02:45:00,29.015,,,,,
19373,10/25/21 03:00:00,29.015,,,,,
19374,10/25/21 03:15:00,28.990,,,,,
19375,10/25/21 03:30:00,28.990,,,,,
19376,10/25/21 03:45:00,28.990,,,,,
19377,10/25/21 04:00:00,28.965,,,,,
19378,10/25/21 04:15:00,28.990,,,,,
19379,10/25/21 04:30:00,28.965,,,,,
19380,10/25/21 04:45:00,28.965,,,,,
19381,10/25/21 05:00:00,28.965,,,,,
19382,10/25/21 05:15:00,28.965,,,,,
19383,10/25/21 05:30:00,28.965,,,,,
19384,10/25/21 05:45:00,28.965,,,,,
19385,10/25/21 06:00:00,28.965,,,,,
19386,10/25/21 06:15:00,28.941,,,,,
19387,10/25/21 06:30:00,28.941,,,,,
19388,10/25/21 06:45:00,28.941,,,,,
19389,10/25/21 07:00:00,28.941,,,,,
19390,10/25/21 07:15:00,28.965,,,,,
19391,10/25/21 07:30:00,28.965,,,,,
19392,10/25/21 07:45:00,28.965,,,,,
19393,10/25/21 08:00:00,28.990,,,,,
19394,10/25/21 08:15:00,29.015,,,,,
19395,10/25/21 08:30:00,29.015,,,,,
19396,10/25/21 08:45:00,29.040,,,,,
19397,10/25/21 09:00:00,29.040,,,,,
19398,10/25/21 09:15:00,29.090,,,,,
19399,10/25/21 09:30:00,29.090,,,,,
19400,10/25/21 09:45:00,29.090,,,,,
19401,10/25/21 10:00:00,29.090,,,,,
19402,10/25/21 10:15:00,29.090,,,,,
19403,10/25/21 10:30:00,29.115,,,,,
19404,10/25/21 10:45:00,29.115,,,,,
19405,10/25/21 11:00:00,29.140,,,,,
19406,10/25/21 11:15:00,29.165,,,,,
19407,10/25/21 11:30:00,29.165,,,,,
19408,10/25/21 11:45:00,29.190,,,,,
19409,10/25/21 12:00:00,29.190,,,,,
19410,10/25/21 12:15:00,29.190,,,,,
19411,10/25/21 12:30:00,29.215,,,,,
19412,10/25/21 12:45:00,29.215,,,,,
19413,10/25/21 13:00:00,29.215,,,,,
19414,10/25/21 13:15:00,29.215,,,,,
19415,10/25/21 13:30:00,29.215,,,,,
19416,10/25/21 13:45:00,29.215,,,,,
19417,10/25/21 14:00:00,29.215,,,,,
19418,10/25/21 14:15:00,29.240,,,,,
19419,10/25/21 14:30:00,29.240,,,,,
19420,10/25/21 14:45:00,29.240,,,,,
19421,10/25/21 15:00:00,29.240,,,,,
19422,10/25/21 15:15:00,29.240,,,,,
19423,10/25/21 15:30:00,29.265,,,,,
19424,10/25/21 15:45:00,29.190,,,,,
19425,10/25/21 16:00:00,29.040,,,,,
19426,10/25/21 16:15:00,28.965,,,,,
19427,10/25/21 16:30:00,28.866,,,,,
19428,10/25/21 16:45:00,28.916,,,,,
19429,10/25/21 17:00:00,29.015,,,,,
19430,10/25/21 17:15:00,29.040,,,,,
19431,10/25/21 17:30:00,28.816,,,,,
19432,10/25/21 17:45:00,29.115,,,,,
19433,10/25/21 18:00:00,29.090,,,,,
19434,10/25/21 18:15:00,28.841,,,,,
19435,10/25/21 18:30:00,28.766,,,,,
19436,10/25/21 18:45:00,28.742,,,,,
19437,10/25/21 19:00:00,28.642,,,,,
19438,10/25/21 19:15:00,28.617,,,,,
19439,10/25/21 19:30:00,28.642,,,,,
19440,10/25/21 19:45:00,28.642,,,,,
19441,10/25/21 20:00:00,28.642,,,,,
19442,10/25/21 20:15:00,28.816,,,,,
19443,10/25/21 20:30:00,29.015,,,,,
19444,10/25/21 20:45:00,29.265,,,,,
19445,10/25/21 21:00:00,29.315,,,,,
19446,10/25/21 21:15:00,28.766,,,,,
19447,10/25/21 21:30:00,28.841,,,,,
19448,10/25/21 21:45:00,29.165,,,,,
19449,10/25/21 22:00:00,29.015,,,,,
19450,10/25/21 22:15:00,28.916,,,,,
19451,10/25/21 22:30:00,28.941,,,,,
19452,10/25/21 22:45:00,28.990,,,,,
19453,10/25/21 23:00:00,29.040,,,,,
19454,10/25/21 23:15:00,29.090,,,,,
19455,10/25/21 23:30:00,29.090,,,,,
19456,10/25/21 23:45:00,29.215,,,,,
19457,10/26/21 00:00:00,29.315,,,,,
19458,10/26/21 00:15:00,29.340,,,,,
19459,10/26/21 00:30:00,29.389,,,,,
19460,10/26/21 00:45:00,29.290,,,,,
19461,10/26/21 01:00:00,29.290,,,,,
19462,10/26/21 01:15:00,29.315,,,,,
19463,10/26/21 01:30:00,29.215,,,,,
19464,10/26/21 01:45:00,29.365,,,,,
19465,10/26/21 02:00:00,29.414,,,,,
19466,10/26/21 02:15:00,29.439,,,,,
19467,10/26/21 02:30:00,29.265,,,,,
19468,10/26/21 02:45:00,29.090,,,,,
19469,10/26/21 03:00:00,29.215,,,,,
19470,10/26/21 03:15:00,29.215,,,,,
19471,10/26/21 03:30:00,29.290,,,,,
19472,10/26/21 03:45:00,29.439,,,,,
19473,10/26/21 04:00:00,29.439,,,,,
19474,10/26/21 04:15:00,29.315,,,,,
19475,10/26/21 04:30:00,29.040,,,,,
19476,10/26/21 04:45:00,29.040,,,,,
19477,10/26/21 05:00:00,28.990,,,,,
19478,10/26/21 05:15:00,28.990,,,,,
19479,10/26/21 05:30:00,28.990,,,,,
19480,10/26/21 05:45:00,28.990,,,,,
19481,10/26/21 06:00:00,29.040,,,,,
19482,10/26/21 06:15:00,29.040,,,,,
19483,10/26/21 06:30:00,29.040,,,,,
19484,10/26/21 06:45:00,29.090,,,,,
19485,10/26/21 07:00:00,29.115,,,,,
19486,10/26/21 07:15:00,29.165,,,,,
19487,10/26/21 07:30:00,29.165,,,,,
19488,10/26/21 07:45:00,29.190,,,,,
19489,10/26/21 08:00:00,29.190,,,,,
19490,10/26/21 08:15:00,29.190,,,,,
19491,10/26/21 08:30:00,29.190,,,,,
19492,10/26/21 08:45:00,29.165,,,,,
19493,10/26/21 09:00:00,29.140,,,,,
19494,10/26/21 09:15:00,29.165,,,,,
19495,10/26/21 09:30:00,29.165,,,,,
19496,10/26/21 09:45:00,29.115,,,,,
19497,10/26/21 10:00:00,29.115,,,,,
19498,10/26/21 10:15:00,29.115,,,,,
19499,10/26/21 10:30:00,29.140,,,,,
19500,10/26/21 10:45:00,29.115,,,,,
19501,10/26/21 11:00:00,29.115,,,,,
19502,10/26/21 11:15:00,29.115,,,,,
19503,10/26/21 11:30:00,29.140,,,,,
19504,10/26/21 11:45:00,29.140,,,,,
19505,10/26/21 12:00:00,29.140,,,,,
19506,10/26/21 12:15:00,29.115,,,,,
19507,10/26/21 12:30:00,29.115,,,,,
19508,10/26/21 12:45:00,29.115,,,,,
19509,10/26/21 13:00:00,29.115,,,,,
19510,10/26/21 13:15:00,29.115,,,,,
19511,10/26/21 13:30:00,29.115,,,,,
19512,10/26/21 13:45:00,29.115,,,,,
19513,10/26/21 14:00:00,29.115,,,,,
19514,10/26/21 14:15:00,29.115,,,,,
19515,10/26/21 14:30:00,29.115,,,,,
19516,10/26/21 14:45:00,29.115,,,,,
19517,10/26/21 15:00:00,29.115,,,,,
19518,10/26/21 15:15:00,29.115,,,,,
19519,10/26/21 15:30:00,29.115,,,,,
19520,10/26/21 15:45:00,29.115,,,,,
19521,10/26/21 16:00:00,29.115,,,,,
19522,10/26/21 16:15:00,29.115,,,,,
19523,10/26/21 16:30:00,29.365,,,,,
19524,10/26/21 16:45:00,29.140,,,,,
19525,10/26/21 17:00:00,29.115,,,,,
19526,10/26/21 17:15:00,29.115,,,,,
19527,10/26/21 17:30:00,29.115,,,,,
19528,10/26/21 17:45:00,29.115,,,,,
19529,10/26/21 18:00:00,29.090,,,,,
19530,10/26/21 18:15:00,29.115,,,,,
19531,10/26/21 18:30:00,29.389,,,,,
19532,10/26/21 18:45:00,29.340,,,,,
19533,10/26/21 19:00:00,29.115,,,,,
19534,10/26/21 19:15:00,29.215,,,,,
19535,10/26/21 19:30:00,29.190,,,,,
19536,10/26/21 19:45:00,29.090,,,,,
19537,10/26/21 20:00:00,29.340,,,,,
19538,10/26/21 20:15:00,29.190,,,,,
19539,10/26/21 20:30:00,29.090,,,,,
19540,10/26/21 20:45:00,29.290,,,,,
19541,10/26/21 21:00:00,29.115,,,,,
19542,10/26/21 21:15:00,29.090,,,,,
19543,10/26/21 21:30:00,29.065,,,,,
19544,10/26/21 21:45:00,29.065,,,,,
19545,10/26/21 22:00:00,29.065,,,,,
19546,10/26/21 22:15:00,29.215,,,,,
19547,10/26/21 22:30:00,29.439,,,,,
19548,10/26/21 22:45:00,29.439,,,,,
19549,10/26/21 23:00:00,29.340,,,,,
19550,10/26/21 23:15:00,29.340,,,,,
19551,10/26/21 23:30:00,29.215,,,,,
19552,10/26/21 23:45:00,29.190,,,,,
19553,10/27/21 00:00:00,29.190,,,,,
19554,10/27/21 00:15:00,29.190,,,,,
19555,10/27/21 00:30:00,29.165,,,,,
19556,10/27/21 00:45:00,29.165,,,,,
19557,10/27/21 01:00:00,29.165,,,,,
19558,10/27/21 01:15:00,29.165,,,,,
19559,10/27/21 01:30:00,29.165,,,,,
19560,10/27/21 01:45:00,29.190,,,,,
19561,10/27/21 02:00:00,29.165,,,,,
19562,10/27/21 02:15:00,29.165,,,,,
19563,10/27/21 02:30:00,29.165,,,,,
19564,10/27/21 02:45:00,29.190,,,,,
19565,10/27/21 03:00:00,29.190,,,,,
19566,10/27/21 03:15:00,29.165,,,,,
19567,10/27/21 03:30:00,29.115,,,,,
19568,10/27/21 03:45:00,29.140,,,,,
19569,10/27/21 04:00:00,29.240,,,,,
19570,10/27/21 04:15:00,29.464,,,,,
19571,10/27/21 04:30:00,29.515,,,,,
19572,10/27/21 04:45:00,29.190,,,,,
19573,10/27/21 05:00:00,29.265,,,,,
19574,10/27/21 05:15:00,29.190,,,,,
19575,10/27/21 05:30:00,29.490,,,,,
19576,10/27/21 05:45:00,29.515,,,,,
19577,10/27/21 06:00:00,29.240,,,,,
19578,10/27/21 06:15:00,29.140,,,,,
19579,10/27/21 06:30:00,29.439,,,,,
19580,10/27/21 06:45:00,29.439,,,,,
19581,10/27/21 07:00:00,28.916,,,,,
19582,10/27/21 07:15:00,28.866,,,,,
19583,10/27/21 07:30:00,28.841,,,,,
19584,10/27/21 07:45:00,28.841,,,,,
19585,10/27/21 08:00:00,28.841,,,,,
19586,10/27/21 08:15:00,28.816,,,,,
19587,10/27/21 08:30:00,28.791,,,,,
19588,10/27/21 08:45:00,28.791,,,,,
19589,10/27/21 09:00:00,28.568,,,,,
19590,10/27/21 09:15:00,28.568,,,,,
19591,10/27/21 09:30:00,28.617,,,,,
19592,10/27/21 09:45:00,28.642,,,,,
19593,10/27/21 10:00:00,28.617,,,,,
19594,10/27/21 10:15:00,28.617,,,,,
19595,10/27/21 10:30:00,28.593,,,,,
19596,10/27/21 10:45:00,28.568,,,,,
19597,10/27/21 11:00:00,28.568,,,,,
19598,10/27/21 11:15:00,28.593,,,,,
19599,10/27/21 11:30:00,28.617,,,,,
19600,10/27/21 11:45:00,28.617,,,,,
19601,10/27/21 12:00:00,28.617,,,,,
19602,10/27/21 12:15:00,28.518,,,,,
19603,10/27/21 12:30:00,28.444,,,,,
19604,10/27/21 12:45:00,28.568,,,,,
19605,10/27/21 13:00:00,28.543,,,,,
19606,10/27/21 13:15:00,28.518,,,,,
19607,10/27/21 13:30:00,28.568,,,,,
19608,10/27/21 13:45:00,28.568,,,,,
19609,10/27/21 14:00:00,28.891,,,,,
19610,10/27/21 14:15:00,29.439,,,,,
19611,10/27/21 14:30:00,29.439,,,,,
19612,10/27/21 14:45:00,29.515,,,,,
19613,10/27/21 15:00:00,29.515,,,,,
19614,10/27/21 15:15:00,28.965,,,,,
19615,10/27/21 15:30:00,29.464,,,,,
19616,10/27/21 15:45:00,29.240,,,,,
19617,10/27/21 16:00:00,28.941,,,,,
19618,10/27/21 16:15:00,29.490,,,,,
19619,10/27/21 16:30:00,29.515,,,,,
19620,10/27/21 16:45:00,29.414,,,,,
19621,10/27/21 17:00:00,29.490,,,,,
19622,10/27/21 17:15:00,29.290,,,,,
19623,10/27/21 17:30:00,29.464,,,,,
19624,10/27/21 17:45:00,29.464,,,,,
19625,10/27/21 18:00:00,29.515,,,,,
19626,10/27/21 18:15:00,29.490,,,,,
19627,10/27/21 18:30:00,29.565,,,,,
19628,10/27/21 18:45:00,29.565,,,,,
19629,10/27/21 19:00:00,29.540,,,,,
19630,10/27/21 19:15:00,29.464,,,,,
19631,10/27/21 19:30:00,29.464,,,,,
19632,10/27/21 19:45:00,29.290,,,,,
19633,10/27/21 20:00:00,29.265,,,,,
19634,10/27/21 20:15:00,29.240,,,,,
19635,10/27/21 20:30:00,29.115,,,,,
19636,10/27/21 20:45:00,29.040,,,,,
19637,10/27/21 21:00:00,28.990,,,,,
19638,10/27/21 21:15:00,28.965,,,,,
19639,10/27/21 21:30:00,28.816,,,,,
19640,10/27/21 21:45:00,28.816,,,,,
19641,10/27/21 22:00:00,28.841,,,,,
19642,10/27/21 22:15:00,28.742,,,,,
19643,10/27/21 22:30:00,28.766,,,,,
19644,10/27/21 22:45:00,28.841,,,,,
19645,10/27/21 23:00:00,28.866,,,,,
19646,10/27/21 23:15:00,28.841,,,,,
19647,10/27/21 23:30:00,28.841,,,,,
19648,10/27/21 23:45:00,29.015,,,,,
19649,10/28/21 00:00:00,29.290,,,,,
19650,10/28/21 00:15:00,29.315,,,,,
19651,10/28/21 00:30:00,29.340,,,,,
19652,10/28/21 00:45:00,29.315,,,,,
19653,10/28/21 01:00:00,29.365,,,,,
19654,10/28/21 01:15:00,29.340,,,,,
19655,10/28/21 01:30:00,29.340,,,,,
19656,10/28/21 01:45:00,29.340,,,,,
19657,10/28/21 02:00:00,29.340,,,,,
19658,10/28/21 02:15:00,29.365,,,,,
19659,10/28/21 02:30:00,29.340,,,,,
19660,10/28/21 02:45:00,29.315,,,,,
19661,10/28/21 03:00:00,29.240,,,,,
19662,10/28/21 03:15:00,29.215,,,,,
19663,10/28/21 03:30:00,29.190,,,,,
19664,10/28/21 03:45:00,29.215,,,,,
19665,10/28/21 04:00:00,29.215,,,,,
19666,10/28/21 04:15:00,29.240,,,,,
19667,10/28/21 04:30:00,29.240,,,,,
19668,10/28/21 04:45:00,29.215,,,,,
19669,10/28/21 05:00:00,29.190,,,,,
19670,10/28/21 05:15:00,29.190,,,,,
19671,10/28/21 05:30:00,29.090,,,,,
19672,10/28/21 05:45:00,29.065,,,,,
19673,10/28/21 06:00:00,29.040,,,,,
19674,10/28/21 06:15:00,29.040,,,,,
19675,10/28/21 06:30:00,29.090,,,,,
19676,10/28/21 06:45:00,29.140,,,,,
19677,10/28/21 07:00:00,29.065,,,,,
19678,10/28/21 07:15:00,29.140,,,,,
19679,10/28/21 07:30:00,29.140,,,,,
19680,10/28/21 07:45:00,29.140,,,,,
19681,10/28/21 08:00:00,29.140,,,,,
19682,10/28/21 08:15:00,29.040,,,,,
19683,10/28/21 08:30:00,29.090,,,,,
19684,10/28/21 08:45:00,28.916,,,,,
19685,10/28/21 09:00:00,28.916,,,,,
19686,10/28/21 09:15:00,28.916,,,,,
19687,10/28/21 09:30:00,28.891,,,,,
19688,10/28/21 09:45:00,28.891,,,,,
19689,10/28/21 10:00:00,28.891,,,,,
19690,10/28/21 10:15:00,28.866,,,,,
19691,10/28/21 10:30:00,28.866,,,,,
19692,10/28/21 10:45:00,28.866,,,,,
19693,10/28/21 11:00:00,28.866,,,,,
19694,10/28/21 11:15:00,28.866,,,,,
19695,10/28/21 11:30:00,28.866,,,,,
19696,10/28/21 11:45:00,28.891,,,,,
19697,10/28/21 12:00:00,28.866,,,,,
19698,10/28/21 12:15:00,28.965,,,,,
19699,10/28/21 12:30:00,29.015,,,,,
19700,10/28/21 12:45:00,28.990,,,,,
19701,10/28/21 13:00:00,29.015,,,,,
19702,10/28/21 13:15:00,29.015,,,,,
19703,10/28/21 13:30:00,29.040,,,,,
19704,10/28/21 13:45:00,29.065,,,,,
19705,10/28/21 14:00:00,29.065,,,,,
19706,10/28/21 14:15:00,29.065,,,,,
19707,10/28/21 14:30:00,29.065,,,,,
19708,10/28/21 14:45:00,29.065,,,,,
19709,10/28/21 15:00:00,29.090,,,,,
19710,10/28/21 15:15:00,29.065,,,,,
19711,10/28/21 15:30:00,29.090,,,,,
19712,10/28/21 15:45:00,29.090,,,,,
19713,10/28/21 16:00:00,29.065,,,,,
19714,10/28/21 16:15:00,29.090,,,,,
19715,10/28/21 16:30:00,29.090,,,,,
19716,10/28/21 16:45:00,29.090,,,,,
19717,10/28/21 17:00:00,29.090,,,,,
19718,10/28/21 17:15:00,29.090,,,,,
19719,10/28/21 17:30:00,29.090,,,,,
19720,10/28/21 17:45:00,29.115,,,,,
19721,10/28/21 18:00:00,29.090,,,,,
19722,10/28/21 18:15:00,29.090,,,,,
19723,10/28/21 18:30:00,29.090,,,,,
19724,10/28/21 18:45:00,29.040,,,,,
19725,10/28/21 19:00:00,28.941,,,,,
19726,10/28/21 19:15:00,28.990,,,,,
19727,10/28/21 19:30:00,28.965,,,,,
19728,10/28/21 19:45:00,28.916,,,,,
19729,10/28/21 20:00:00,28.941,,,,,
19730,10/28/21 20:15:00,28.965,,,,,
19731,10/28/21 20:30:00,28.941,,,,,
19732,10/28/21 20:45:00,28.965,,,,,
19733,10/28/21 21:00:00,29.040,,,,,
19734,10/28/21 21:15:00,29.115,,,,,
19735,10/28/21 21:30:00,29.090,,,,,
19736,10/28/21 21:45:00,29.115,,,,,
19737,10/28/21 22:00:00,29.140,,,,,
19738,10/28/21 22:15:00,29.190,,,,,
19739,10/28/21 22:30:00,29.265,,,,,
19740,10/28/21 22:45:00,29.315,,,,,
19741,10/28/21 23:00:00,29.389,,,,,
19742,10/28/21 23:15:00,29.340,,,,,
19743,10/28/21 23:30:00,29.365,,,,,
19744,10/28/21 23:45:00,29.290,,,,,
19745,10/29/21 00:00:00,29.265,,,,,
19746,10/29/21 00:15:00,29.265,,,,,
19747,10/29/21 00:30:00,29.265,,,,,
19748,10/29/21 00:45:00,29.265,,,,,
19749,10/29/21 01:00:00,29.265,,,,,
19750,10/29/21 01:15:00,29.290,,,,,
19751,10/29/21 01:30:00,29.290,,,,,
19752,10/29/21 01:45:00,29.315,,,,,
19753,10/29/21 02:00:00,29.340,,,,,
19754,10/29/21 02:15:00,29.290,,,,,
19755,10/29/21 02:30:00,29.315,,,,,
19756,10/29/21 02:45:00,29.315,,,,,
19757,10/29/21 03:00:00,29.365,,,,,
19758,10/29/21 03:15:00,29.365,,,,,
19759,10/29/21 03:30:00,29.365,,,,,
19760,10/29/21 03:45:00,29.365,,,,,
19761,10/29/21 04:00:00,29.365,,,,,
19762,10/29/21 04:15:00,29.365,,,,,
19763,10/29/21 04:30:00,29.365,,,,,
19764,10/29/21 04:45:00,29.340,,,,,
19765,10/29/21 05:00:00,29.340,,,,,
19766,10/29/21 05:15:00,29.340,,,,,
19767,10/29/21 05:30:00,29.315,,,,,
19768,10/29/21 05:45:00,29.340,,,,,
19769,10/29/21 06:00:00,29.340,,,,,
19770,10/29/21 06:15:00,29.365,,,,,
19771,10/29/21 06:30:00,29.365,,,,,
19772,10/29/21 06:45:00,29.290,,,,,
19773,10/29/21 07:00:00,29.240,,,,,
19774,10/29/21 07:15:00,29.215,,,,,
19775,10/29/21 07:30:00,29.215,,,,,
19776,10/29/21 07:45:00,29.190,,,,,
19777,10/29/21 08:00:00,29.215,,,,,
19778,10/29/21 08:15:00,29.190,,,,,
19779,10/29/21 08:30:00,29.190,,,,,
19780,10/29/21 08:45:00,29.190,,,,,
19781,10/29/21 09:00:00,29.190,,,,,
19782,10/29/21 09:15:00,29.165,,,,,
19783,10/29/21 09:30:00,29.140,,,,,
19784,10/29/21 09:45:00,29.165,,,,,
19785,10/29/21 10:00:00,29.165,,,,,
19786,10/29/21 10:15:00,29.165,,,,,
19787,10/29/21 10:30:00,29.165,,,,,
19788,10/29/21 10:45:00,29.165,,,,,
19789,10/29/21 11:00:00,29.165,,,,,
19790,10/29/21 11:15:00,29.165,,,,,
19791,10/29/21 11:30:00,29.165,,,,,
19792,10/29/21 11:45:00,29.165,,,,,
19793,10/29/21 12:00:00,29.165,,,,,
19794,10/29/21 12:15:00,29.165,,,,,
19795,10/29/21 12:30:00,29.140,,,,,
19796,10/29/21 12:45:00,29.140,,,,,
19797,10/29/21 13:00:00,29.090,,,,,
19798,10/29/21 13:15:00,29.065,,,,,
19799,10/29/21 13:30:00,29.115,,,,,
19800,10/29/21 13:45:00,29.165,,,,,
19801,10/29/21 14:00:00,29.040,,,,,
19802,10/29/21 14:15:00,29.115,,,,,
19803,10/29/21 14:30:00,29.140,,,,,
19804,10/29/21 14:45:00,29.140,,,,,
19805,10/29/21 15:00:00,29.090,,,,,
19806,10/29/21 15:15:00,29.315,,,,,
19807,10/29/21 15:30:00,29.540,,,,,
19808,10/29/21 15:45:00,29.190,,,,,
19809,10/29/21 16:00:00,29.165,,,,,
19810,10/29/21 16:15:00,29.040,,,,,
19811,10/29/21 16:30:00,28.990,,,,,
19812,10/29/21 16:45:00,29.090,,,,,
19813,10/29/21 17:00:00,29.090,,,,,
19814,10/29/21 17:15:00,29.090,,,,,
19815,10/29/21 17:30:00,29.090,,,,,
19816,10/29/21 17:45:00,29.115,,,,,
19817,10/29/21 18:00:00,29.115,,,,,
19818,10/29/21 18:15:00,29.015,,,,,
19819,10/29/21 18:30:00,29.065,,,,,
19820,10/29/21 18:45:00,29.065,,,,,
19821,10/29/21 19:00:00,29.065,,,,,
19822,10/29/21 19:15:00,29.115,,,,,
19823,10/29/21 19:30:00,29.140,,,,,
19824,10/29/21 19:45:00,29.165,,,,,
19825,10/29/21 20:00:00,29.190,,,,,
19826,10/29/21 20:15:00,29.215,,,,,
19827,10/29/21 20:30:00,29.215,,,,,
19828,10/29/21 20:45:00,29.165,,,,,
19829,10/29/21 21:00:00,29.140,,,,,
19830,10/29/21 21:15:00,29.165,,,,,
19831,10/29/21 21:30:00,29.140,,,,,
19832,10/29/21 21:45:00,29.065,,,,,
19833,10/29/21 22:00:00,28.990,,,,,
19834,10/29/21 22:15:00,28.941,,,,,
19835,10/29/21 22:30:00,29.065,,,,,
19836,10/29/21 22:45:00,29.140,,,,,
19837,10/29/21 23:00:00,29.190,,,,,
19838,10/29/21 23:15:00,29.215,,,,,
19839,10/29/21 23:30:00,29.240,,,,,
19840,10/29/21 23:45:00,29.240,,,,,
19841,10/30/21 00:00:00,29.240,,,,,
19842,10/30/21 00:15:00,29.240,,,,,
19843,10/30/21 00:30:00,29.240,,,,,
19844,10/30/21 00:45:00,29.464,,,,,
19845,10/30/21 01:00:00,29.265,,,,,
19846,10/30/21 01:15:00,29.065,,,,,
19847,10/30/21 01:30:00,29.165,,,,,
19848,10/30/21 01:45:00,29.190,,,,,
19849,10/30/21 02:00:00,29.190,,,,,
19850,10/30/21 02:15:00,29.240,,,,,
19851,10/30/21 02:30:00,29.240,,,,,
19852,10/30/21 02:45:00,29.240,,,,,
19853,10/30/21 03:00:00,29.240,,,,,
19854,10/30/21 03:15:00,29.240,,,,,
19855,10/30/21 03:30:00,29.315,,,,,
19856,10/30/21 03:45:00,29.464,,,,,
19857,10/30/21 04:00:00,29.439,,,,,
19858,10/30/21 04:15:00,29.439,,,,,
19859,10/30/21 04:30:00,29.414,,,,,
19860,10/30/21 04:45:00,29.439,,,,,
19861,10/30/21 05:00:00,29.439,,,,,
19862,10/30/21 05:15:00,29.439,,,,,
19863,10/30/21 05:30:00,29.439,,,,,
19864,10/30/21 05:45:00,29.439,,,,,
19865,10/30/21 06:00:00,29.464,,,,,
19866,10/30/21 06:15:00,29.464,,,,,
19867,10/30/21 06:30:00,29.439,,,,,
19868,10/30/21 06:45:00,29.464,,,,,
19869,10/30/21 07:00:00,29.464,,,,,
19870,10/30/21 07:15:00,29.464,,,,,
19871,10/30/21 07:30:00,29.464,,,,,
19872,10/30/21 07:45:00,29.464,,,,,
19873,10/30/21 08:00:00,29.515,,,,,
19874,10/30/21 08:15:00,29.265,,,,,
19875,10/30/21 08:30:00,29.115,,,,,
19876,10/30/21 08:45:00,29.040,,,,,
19877,10/30/21 09:00:00,29.015,,,,,
19878,10/30/21 09:15:00,29.015,,,,,
19879,10/30/21 09:30:00,29.040,,,,,
19880,10/30/21 09:45:00,29.240,,,,,
19881,10/30/21 10:00:00,29.240,,,,,
19882,10/30/21 10:15:00,29.290,,,,,
19883,10/30/21 10:30:00,29.290,,,,,
19884,10/30/21 10:45:00,29.315,,,,,
19885,10/30/21 11:00:00,29.290,,,,,
19886,10/30/21 11:15:00,29.265,,,,,
19887,10/30/21 11:30:00,29.265,,,,,
19888,10/30/21 11:45:00,29.265,,,,,
19889,10/30/21 12:00:00,29.265,,,,,
19890,10/30/21 12:15:00,29.265,,,,,
19891,10/30/21 12:30:00,29.265,,,,,
19892,10/30/21 12:45:00,29.265,,,,,
19893,10/30/21 13:00:00,29.265,,,,,
19894,10/30/21 13:15:00,29.265,,,,,
19895,10/30/21 13:30:00,29.265,,,,,
19896,10/30/21 13:45:00,29.290,,,,,
19897,10/30/21 14:00:00,29.340,,,,,
19898,10/30/21 14:15:00,29.389,,,,,
19899,10/30/21 14:30:00,29.365,,,,,
19900,10/30/21 14:45:00,29.414,,,,,
19901,10/30/21 15:00:00,29.365,,,,,
19902,10/30/21 15:15:00,29.290,,,,,
19903,10/30/21 15:30:00,29.240,,,,,
19904,10/30/21 15:45:00,29.240,,,,,
19905,10/30/21 16:00:00,29.265,,,,,
19906,10/30/21 16:15:00,29.265,,,,,
19907,10/30/21 16:30:00,29.240,,,,,
19908,10/30/21 16:45:00,29.240,,,,,
19909,10/30/21 17:00:00,29.240,,,,,
19910,10/30/21 17:15:00,29.240,,,,,
19911,10/30/21 17:30:00,29.240,,,,,
19912,10/30/21 17:45:00,29.240,,,,,
19913,10/30/21 18:00:00,29.240,,,,,
19914,10/30/21 18:15:00,29.240,,,,,
19915,10/30/21 18:30:00,29.240,,,,,
19916,10/30/21 18:45:00,29.215,,,,,
19917,10/30/21 19:00:00,29.240,,,,,
19918,10/30/21 19:15:00,29.240,,,,,
19919,10/30/21 19:30:00,29.240,,,,,
19920,10/30/21 19:45:00,29.240,,,,,
19921,10/30/21 20:00:00,29.365,,,,,
19922,10/30/21 20:15:00,29.215,,,,,
19923,10/30/21 20:30:00,29.215,,,,,
19924,10/30/21 20:45:00,29.240,,,,,
19925,10/30/21 21:00:00,29.265,,,,,
19926,10/30/21 21:15:00,29.265,,,,,
19927,10/30/21 21:30:00,29.389,,,,,
19928,10/30/21 21:45:00,29.414,,,,,
19929,10/30/21 22:00:00,29.414,,,,,
19930,10/30/21 22:15:00,29.414,,,,,
19931,10/30/21 22:30:00,29.414,,,,,
19932,10/30/21 22:45:00,29.365,,,,,
19933,10/30/21 23:00:00,29.165,,,,,
19934,10/30/21 23:15:00,28.990,,,,,
19935,10/30/21 23:30:00,29.265,,,,,
19936,10/30/21 23:45:00,29.265,,,,,
19937,10/31/21 00:00:00,29.240,,,,,
19938,10/31/21 00:15:00,29.315,,,,,
19939,10/31/21 00:30:00,29.365,,,,,
19940,10/31/21 00:45:00,29.389,,,,,
19941,10/31/21 01:00:00,29.464,,,,,
19942,10/31/21 01:15:00,29.464,,,,,
19943,10/31/21 01:30:00,29.490,,,,,
19944,10/31/21 01:45:00,29.490,,,,,
19945,10/31/21 02:00:00,29.490,,,,,
19946,10/31/21 02:15:00,29.515,,,,,
19947,10/31/21 02:30:00,29.515,,,,,
19948,10/31/21 02:45:00,29.540,,,,,
19949,10/31/21 03:00:00,29.515,,,,,
19950,10/31/21 03:15:00,29.515,,,,,
19951,10/31/21 03:30:00,29.515,,,,,
19952,10/31/21 03:45:00,29.515,,,,,
19953,10/31/21 04:00:00,29.515,,,,,
19954,10/31/21 04:15:00,29.515,,,,,
19955,10/31/21 04:30:00,29.515,,,,,
19956,10/31/21 04:45:00,29.490,,,,,
19957,10/31/21 05:00:00,29.490,,,,,
19958,10/31/21 05:15:00,29.464,,,,,
19959,10/31/21 05:30:00,29.464,,,,,
19960,10/31/21 05:45:00,29.464,,,,,
19961,10/31/21 06:00:00,29.439,,,,,
19962,10/31/21 06:15:00,29.464,,,,,
19963,10/31/21 06:30:00,29.490,,,,,
19964,10/31/21 06:45:00,29.464,,,,,
19965,10/31/21 07:00:00,29.464,,,,,
19966,10/31/21 07:15:00,29.464,,,,,
19967,10/31/21 07:30:00,29.464,,,,,
19968,10/31/21 07:45:00,29.464,,,,,
19969,10/31/21 08:00:00,29.464,,,,,
19970,10/31/21 08:15:00,29.464,,,,,
19971,10/31/21 08:30:00,29.464,,,,,
19972,10/31/21 08:45:00,29.389,,,,,
19973,10/31/21 09:00:00,29.414,,,,,
19974,10/31/21 09:15:00,29.389,,,,,
19975,10/31/21 09:30:00,29.389,,,,,
19976,10/31/21 09:45:00,29.365,,,,,
19977,10/31/21 10:00:00,29.365,,,,,
19978,10/31/21 10:15:00,29.315,,,,,
19979,10/31/21 10:30:00,29.315,,,,,
19980,10/31/21 10:45:00,29.315,,,,,
19981,10/31/21 11:00:00,29.290,,,,,
19982,10/31/21 11:15:00,29.265,,,,,
19983,10/31/21 11:30:00,29.240,,,,,
19984,10/31/21 11:45:00,29.215,,,,,
19985,10/31/21 12:00:00,29.240,,,,,
19986,10/31/21 12:15:00,29.240,,,,,
19987,10/31/21 12:30:00,29.215,,,,,
19988,10/31/21 12:45:00,29.215,,,,,
19989,10/31/21 13:00:00,29.215,,,,,
19990,10/31/21 13:15:00,29.215,,,,,
19991,10/31/21 13:30:00,29.215,,,,,
19992,10/31/21 13:45:00,29.215,,,,,
19993,10/31/21 14:00:00,29.490,,,,,
19994,10/31/21 14:15:00,29.315,,,,,
19995,10/31/21 14:30:00,29.590,,,,,
19996,10/31/21 14:45:00,29.315,,,,,
19997,10/31/21 15:00:00,29.165,,,,,
19998,10/31/21 15:15:00,29.240,,,,,
19999,10/31/21 15:30:00,29.290,,,,,
20000,10/31/21 15:45:00,29.140,,,,,
20001,10/31/21 16:00:00,29.140,,,,,
20002,10/31/21 16:15:00,29.190,,,,,
20003,10/31/21 16:30:00,29.414,,,,,
20004,10/31/21 16:45:00,29.290,,,,,
20005,10/31/21 17:00:00,29.240,,,,,
20006,10/31/21 17:15:00,29.240,,,,,
20007,10/31/21 17:30:00,29.240,,,,,
20008,10/31/21 17:45:00,29.414,,,,,
20009,10/31/21 18:00:00,29.439,,,,,
20010,10/31/21 18:15:00,29.439,,,,,
20011,10/31/21 18:30:00,29.265,,,,,
20012,10/31/21 18:45:00,29.240,,,,,
20013,10/31/21 19:00:00,29.240,,,,,
20014,10/31/21 19:15:00,29.215,,,,,
20015,10/31/21 19:30:00,29.165,,,,,
20016,10/31/21 19:45:00,29.265,,,,,
20017,10/31/21 20:00:00,29.240,,,,,
20018,10/31/21 20:15:00,29.265,,,,,
20019,10/31/21 20:30:00,29.290,,,,,
20020,10/31/21 20:45:00,29.464,,,,,
20021,10/31/21 21:00:00,29.515,,,,,
20022,10/31/21 21:15:00,29.540,,,,,
20023,10/31/21 21:30:00,29.240,,,,,
20024,10/31/21 21:45:00,29.240,,,,,
20025,10/31/21 22:00:00,29.215,,,,,
20026,10/31/21 22:15:00,29.340,,,,,
20027,10/31/21 22:30:00,29.565,,,,,
20028,10/31/21 22:45:00,29.590,,,,,
20029,10/31/21 23:00:00,29.565,,,,,
20030,10/31/21 23:15:00,29.540,,,,,
20031,10/31/21 23:30:00,29.290,,,,,
20032,10/31/21 23:45:00,29.215,,,,,
20033,11/01/21 00:00:00,29.090,,,,,
20034,11/01/21 00:15:00,29.090,,,,,
20035,11/01/21 00:30:00,29.115,,,,,
20036,11/01/21 00:45:00,29.165,,,,,
20037,11/01/21 01:00:00,29.140,,,,,
20038,11/01/21 01:15:00,29.140,,,,,
20039,11/01/21 01:30:00,29.265,,,,,
20040,11/01/21 01:45:00,29.240,,,,,
20041,11/01/21 02:00:00,29.190,,,,,
20042,11/01/21 02:15:00,29.165,,,,,
20043,11/01/21 02:30:00,29.240,,,,,
20044,11/01/21 02:45:00,29.215,,,,,
20045,11/01/21 03:00:00,29.190,,,,,
20046,11/01/21 03:15:00,29.165,,,,,
20047,11/01/21 03:30:00,29.165,,,,,
20048,11/01/21 03:45:00,29.190,,,,,
20049,11/01/21 04:00:00,29.165,,,,,
20050,11/01/21 04:15:00,29.165,,,,,
20051,11/01/21 04:30:00,29.165,,,,,
20052,11/01/21 04:45:00,29.165,,,,,
20053,11/01/21 05:00:00,29.215,,,,,
20054,11/01/21 05:15:00,29.190,,,,,
20055,11/01/21 05:30:00,29.190,,,,,
20056,11/01/21 05:45:00,29.190,,,,,
20057,11/01/21 06:00:00,29.315,,,,,
20058,11/01/21 06:15:00,29.215,,,,,
20059,11/01/21 06:30:00,29.190,,,,,
20060,11/01/21 06:45:00,29.165,,,,,
20061,11/01/21 07:00:00,29.165,,,,,
20062,11/01/21 07:15:00,29.165,,,,,
20063,11/01/21 07:30:00,29.165,,,,,
20064,11/01/21 07:45:00,29.190,,,,,
20065,11/01/21 08:00:00,29.240,,,,,
20066,11/01/21 08:15:00,29.540,,,,,
20067,11/01/21 08:30:00,29.215,,,,,
20068,11/01/21 08:45:00,29.215,,,,,
20069,11/01/21 09:00:00,29.315,,,,,
20070,11/01/21 09:15:00,29.439,,,,,
20071,11/01/21 09:30:00,29.464,,,,,
20072,11/01/21 09:45:00,29.464,,,,,
20073,11/01/21 10:00:00,29.240,,,,,
20074,11/01/21 10:15:00,29.190,,,,,
20075,11/01/21 10:30:00,29.340,,,,,
20076,11/01/21 10:45:00,29.439,,,,,
20077,11/01/21 11:00:00,29.515,,,,,
20078,11/01/21 11:15:00,29.540,,,,,
20079,11/01/21 11:30:00,29.414,,,,,
20080,11/01/21 11:45:00,29.340,,,,,
20081,11/01/21 12:00:00,29.365,,,,,
20082,11/01/21 12:15:00,29.340,,,,,
20083,11/01/21 12:30:00,29.365,,,,,
20084,11/01/21 12:45:00,29.365,,,,,
20085,11/01/21 13:00:00,29.365,,,,,
20086,11/01/21 13:15:00,29.389,,,,,
20087,11/01/21 13:30:00,29.389,,,,,
20088,11/01/21 13:45:00,29.389,,,,,
20089,11/01/21 14:00:00,29.389,,,,,
20090,11/01/21 14:15:00,29.315,,,,,
20091,11/01/21 14:30:00,29.365,,,,,
20092,11/01/21 14:45:00,29.365,,,,,
20093,11/01/21 15:00:00,29.315,,,,,
20094,11/01/21 15:15:00,29.315,,,,,
20095,11/01/21 15:30:00,29.340,,,,,
20096,11/01/21 15:45:00,29.365,,,,,
20097,11/01/21 16:00:00,29.340,,,,,
20098,11/01/21 16:15:00,29.365,,,,,
20099,11/01/21 16:30:00,29.340,,,,,
20100,11/01/21 16:45:00,29.365,,,,,
20101,11/01/21 17:00:00,29.389,,,,,
20102,11/01/21 17:15:00,29.414,,,,,
20103,11/01/21 17:30:00,29.439,,,,,
20104,11/01/21 17:45:00,29.464,,,,,
20105,11/01/21 18:00:00,29.464,,,,,
20106,11/01/21 18:15:00,29.464,,,,,
20107,11/01/21 18:30:00,29.540,,,,,
20108,11/01/21 18:45:00,29.540,,,,,
20109,11/01/21 19:00:00,29.565,,,,,
20110,11/01/21 19:15:00,29.515,,,,,
20111,11/01/21 19:30:00,29.439,,,,,
20112,11/01/21 19:45:00,29.365,,,,,
20113,11/01/21 20:00:00,29.365,,,,,
20114,11/01/21 20:15:00,29.365,,,,,
20115,11/01/21 20:30:00,29.340,,,,,
20116,11/01/21 20:45:00,29.315,,,,,
20117,11/01/21 21:00:00,29.340,,,,,
20118,11/01/21 21:15:00,29.414,,,,,
20119,11/01/21 21:30:00,29.389,,,,,
20120,11/01/21 21:45:00,29.540,,,,,
20121,11/01/21 22:00:00,29.565,,,,,
20122,11/01/21 22:15:00,29.565,,,,,
20123,11/01/21 22:30:00,29.565,,,,,
20124,11/01/21 22:45:00,29.565,,,,,
20125,11/01/21 23:00:00,29.565,,,,,
20126,11/01/21 23:15:00,29.365,,,,,
20127,11/01/21 23:30:00,29.340,,,,,
20128,11/01/21 23:45:00,29.340,,,,,
20129,11/02/21 00:00:00,29.389,,,,,
20130,11/02/21 00:15:00,29.464,,,,,
20131,11/02/21 00:30:00,29.464,,,,,
20132,11/02/21 00:45:00,29.515,,,,,
20133,11/02/21 01:00:00,29.464,,,,,
20134,11/02/21 01:15:00,29.340,,,,,
20135,11/02/21 01:30:00,29.265,,,,,
20136,11/02/21 01:45:00,29.265,,,,,
20137,11/02/21 02:00:00,29.215,,,,,
20138,11/02/21 02:15:00,29.215,,,,,
20139,11/02/21 02:30:00,29.215,,,,,
20140,11/02/21 02:45:00,29.215,,,,,
20141,11/02/21 03:00:00,29.240,,,,,
20142,11/02/21 03:15:00,29.215,,,,,
20143,11/02/21 03:30:00,29.240,,,,,
20144,11/02/21 03:45:00,29.240,,,,,
20145,11/02/21 04:00:00,29.240,,,,,
20146,11/02/21 04:15:00,29.240,,,,,
20147,11/02/21 04:30:00,29.240,,,,,
20148,11/02/21 04:45:00,29.240,,,,,
20149,11/02/21 05:00:00,29.240,,,,,
20150,11/02/21 05:15:00,29.240,,,,,
20151,11/02/21 05:30:00,29.265,,,,,
20152,11/02/21 05:45:00,29.414,,,,,
20153,11/02/21 06:00:00,29.290,,,,,
20154,11/02/21 06:15:00,29.365,,,,,
20155,11/02/21 06:30:00,29.315,,,,,
20156,11/02/21 06:45:00,29.439,,,,,
20157,11/02/21 07:00:00,29.439,,,,,
20158,11/02/21 07:15:00,29.265,,,,,
20159,11/02/21 07:30:00,29.240,,,,,
20160,11/02/21 07:45:00,29.240,,,,,
20161,11/02/21 08:00:00,29.265,,,,,
20162,11/02/21 08:15:00,29.240,,,,,
20163,11/02/21 08:30:00,29.215,,,,,
20164,11/02/21 08:45:00,29.215,,,,,
20165,11/02/21 09:00:00,29.240,,,,,
20166,11/02/21 09:15:00,29.215,,,,,
20167,11/02/21 09:30:00,29.240,,,,,
20168,11/02/21 09:45:00,29.240,,,,,
20169,11/02/21 10:00:00,29.240,,,,,
20170,11/02/21 10:15:00,29.265,,,,,
20171,11/02/21 10:30:00,29.290,,,,,
20172,11/02/21 10:45:00,29.265,,,,,
20173,11/02/21 11:00:00,29.265,,,,,
20174,11/02/21 11:15:00,29.240,,,,,
20175,11/02/21 11:30:00,29.290,,,,,
20176,11/02/21 11:45:00,29.290,,,,,
20177,11/02/21 12:00:00,29.340,,,,,
20178,11/02/21 12:15:00,29.290,,,,,
20179,11/02/21 12:30:00,29.240,,,,,
20180,11/02/21 12:45:00,29.240,,,,,
20181,11/02/21 13:00:00,29.215,,,,,
20182,11/02/21 13:15:00,29.190,,,,,
20183,11/02/21 13:30:00,29.190,,,,,
20184,11/02/21 13:45:00,29.240,,,,,
20185,11/02/21 14:00:00,29.240,,,,,
20186,11/02/21 14:15:00,29.240,,,,,
20187,11/02/21 14:30:00,29.215,,,,,
20188,11/02/21 14:45:00,29.165,,,,,
20189,11/02/21 15:00:00,29.115,,,,,
20190,11/02/21 15:15:00,29.040,,,,,
20191,11/02/21 15:30:00,29.140,,,,,
20192,11/02/21 15:45:00,29.190,,,,,
20193,11/02/21 16:00:00,29.190,,,,,
20194,11/02/21 16:15:00,29.165,,,,,
20195,11/02/21 16:30:00,29.215,,,,,
20196,11/02/21 16:45:00,29.140,,,,,
20197,11/02/21 17:00:00,29.215,,,,,
20198,11/02/21 17:15:00,29.215,,,,,
20199,11/02/21 17:30:00,29.215,,,,,
20200,11/02/21 17:45:00,29.365,,,,,
20201,11/02/21 18:00:00,29.414,,,,,
20202,11/02/21 18:15:00,29.414,,,,,
20203,11/02/21 18:30:00,29.414,,,,,
20204,11/02/21 18:45:00,29.439,,,,,
20205,11/02/21 19:00:00,29.490,,,,,
20206,11/02/21 19:15:00,29.464,,,,,
20207,11/02/21 19:30:00,29.439,,,,,
20208,11/02/21 19:45:00,29.414,,,,,
20209,11/02/21 20:00:00,29.414,,,,,
20210,11/02/21 20:15:00,29.439,,,,,
20211,11/02/21 20:30:00,29.439,,,,,
20212,11/02/21 20:45:00,29.439,,,,,
20213,11/02/21 21:00:00,29.389,,,,,
20214,11/02/21 21:15:00,29.389,,,,,
20215,11/02/21 21:30:00,29.389,,,,,
20216,11/02/21 21:45:00,29.490,,,,,
20217,11/02/21 22:00:00,29.590,,,,,
20218,11/02/21 22:15:00,29.615,,,,,
20219,11/02/21 22:30:00,29.665,,,,,
20220,11/02/21 22:45:00,29.690,,,,,
20221,11/02/21 23:00:00,29.690,,,,,
20222,11/02/21 23:15:00,29.715,,,,,
20223,11/02/21 23:30:00,29.690,,,,,
20224,11/02/21 23:45:00,29.715,,,,,
20225,11/03/21 00:00:00,29.715,,,,,
20226,11/03/21 00:15:00,29.690,,,,,
20227,11/03/21 00:30:00,29.665,,,,,
20228,11/03/21 00:45:00,29.640,,,,,
20229,11/03/21 01:00:00,29.590,,,,,
20230,11/03/21 01:15:00,29.615,,,,,
20231,11/03/21 01:30:00,29.615,,,,,
20232,11/03/21 01:45:00,29.590,,,,,
20233,11/03/21 02:00:00,29.389,,,,,
20234,11/03/21 02:15:00,29.290,,,,,
20235,11/03/21 02:30:00,29.290,,,,,
20236,11/03/21 02:45:00,29.290,,,,,
20237,11/03/21 03:00:00,29.040,,,,,
20238,11/03/21 03:15:00,29.015,,,,,
20239,11/03/21 03:30:00,29.240,,,,,
20240,11/03/21 03:45:00,29.290,,,,,
20241,11/03/21 04:00:00,29.290,,,,,
20242,11/03/21 04:15:00,29.315,,,,,
20243,11/03/21 04:30:00,29.315,,,,,
20244,11/03/21 04:45:00,29.340,,,,,
20245,11/03/21 05:00:00,29.340,,,,,
20246,11/03/21 05:15:00,29.490,,,,,
20247,11/03/21 05:30:00,29.340,,,,,
20248,11/03/21 05:45:00,29.340,,,,,
20249,11/03/21 06:00:00,29.340,,,,,
20250,11/03/21 06:15:00,29.515,,,,,
20251,11/03/21 06:30:00,29.515,,,,,
20252,11/03/21 06:45:00,29.515,,,,,
20253,11/03/21 07:00:00,29.515,,,,,
20254,11/03/21 07:15:00,29.490,,,,,
20255,11/03/21 07:30:00,29.464,,,,,
20256,11/03/21 07:45:00,29.464,,,,,
20257,11/03/21 08:00:00,29.414,,,,,
20258,11/03/21 08:15:00,29.439,,,,,
20259,11/03/21 08:30:00,29.439,,,,,
20260,11/03/21 08:45:00,29.365,,,,,
20261,11/03/21 09:00:00,29.365,,,,,
20262,11/03/21 09:15:00,29.340,,,,,
20263,11/03/21 09:30:00,29.315,,,,,
20264,11/03/21 09:45:00,29.290,,,,,
20265,11/03/21 10:00:00,29.389,,,,,
20266,11/03/21 10:15:00,29.439,,,,,
20267,11/03/21 10:30:00,29.389,,,,,
20268,11/03/21 10:45:00,29.315,,,,,
20269,11/03/21 11:00:00,29.315,,,,,
20270,11/03/21 11:15:00,29.290,,,,,
20271,11/03/21 11:30:00,29.290,,,,,
20272,11/03/21 11:45:00,29.265,,,,,
20273,11/03/21 12:00:00,29.265,,,,,
20274,11/03/21 12:15:00,29.240,,,,,
20275,11/03/21 12:30:00,29.240,,,,,
20276,11/03/21 12:45:00,29.240,,,,,
20277,11/03/21 13:00:00,29.215,,,,,
20278,11/03/21 13:15:00,29.140,,,,,
20279,11/03/21 13:30:00,29.115,,,,,
20280,11/03/21 13:45:00,29.115,,,,,
20281,11/03/21 14:00:00,29.115,,,,,
20282,11/03/21 14:15:00,29.115,,,,,
20283,11/03/21 14:30:00,29.115,,,,,
20284,11/03/21 14:45:00,29.115,,,,,
20285,11/03/21 15:00:00,29.490,,,,,
20286,11/03/21 15:15:00,29.115,,,,,
20287,11/03/21 15:30:00,29.065,,,,,
20288,11/03/21 15:45:00,29.090,,,,,
20289,11/03/21 16:00:00,29.090,,,,,
20290,11/03/21 16:15:00,29.090,,,,,
20291,11/03/21 16:30:00,29.090,,,,,
20292,11/03/21 16:45:00,29.090,,,,,
20293,11/03/21 17:00:00,29.090,,,,,
20294,11/03/21 17:15:00,29.090,,,,,
20295,11/03/21 17:30:00,29.065,,,,,
20296,11/03/21 17:45:00,29.065,,,,,
20297,11/03/21 18:00:00,29.065,,,,,
20298,11/03/21 18:15:00,29.115,,,,,
20299,11/03/21 18:30:00,29.115,,,,,
20300,11/03/21 18:45:00,29.515,,,,,
20301,11/03/21 19:00:00,29.565,,,,,
20302,11/03/21 19:15:00,29.540,,,,,
20303,11/03/21 19:30:00,29.565,,,,,
20304,11/03/21 19:45:00,29.515,,,,,
20305,11/03/21 20:00:00,29.490,,,,,
20306,11/03/21 20:15:00,29.515,,,,,
20307,11/03/21 20:30:00,29.540,,,,,
20308,11/03/21 20:45:00,29.565,,,,,
20309,11/03/21 21:00:00,29.590,,,,,
20310,11/03/21 21:15:00,29.615,,,,,
20311,11/03/21 21:30:00,29.615,,,,,
20312,11/03/21 21:45:00,29.590,,,,,
20313,11/03/21 22:00:00,29.590,,,,,
20314,11/03/21 22:15:00,29.565,,,,,
20315,11/03/21 22:30:00,29.515,,,,,
20316,11/03/21 22:45:00,29.464,,,,,
20317,11/03/21 23:00:00,29.464,,,,,
20318,11/03/21 23:15:00,29.464,,,,,
20319,11/03/21 23:30:00,29.464,,,,,
20320,11/03/21 23:45:00,29.515,,,,,
20321,11/04/21 00:00:00,29.515,,,,,
20322,11/04/21 00:15:00,29.540,,,,,
20323,11/04/21 00:30:00,29.540,,,,,
20324,11/04/21 00:45:00,29.515,,,,,
20325,11/04/21 01:00:00,29.389,,,,,
20326,11/04/21 01:15:00,29.540,,,,,
20327,11/04/21 01:30:00,29.265,,,,,
20328,11/04/21 01:45:00,29.190,,,,,
20329,11/04/21 02:00:00,29.190,,,,,
20330,11/04/21 02:15:00,29.240,,,,,
20331,11/04/21 02:30:00,29.215,,,,,
20332,11/04/21 02:45:00,29.340,,,,,
20333,11/04/21 03:00:00,29.290,,,,,
20334,11/04/21 03:15:00,29.389,,,,,
20335,11/04/21 03:30:00,29.464,,,,,
20336,11/04/21 03:45:00,29.490,,,,,
20337,11/04/21 04:00:00,29.490,,,,,
20338,11/04/21 04:15:00,29.490,,,,,
20339,11/04/21 04:30:00,29.515,,,,,
20340,11/04/21 04:45:00,29.515,,,,,
20341,11/04/21 05:00:00,29.540,,,,,
20342,11/04/21 05:15:00,29.515,,,,,
20343,11/04/21 05:30:00,29.540,,,,,
20344,11/04/21 05:45:00,29.515,,,,,
20345,11/04/21 06:00:00,29.515,,,,,
20346,11/04/21 06:15:00,29.240,,,,,
20347,11/04/21 06:30:00,29.215,,,,,
20348,11/04/21 06:45:00,29.265,,,,,
20349,11/04/21 07:00:00,29.389,,,,,
20350,11/04/21 07:15:00,29.389,,,,,
20351,11/04/21 07:30:00,29.340,,,,,
20352,11/04/21 07:45:00,29.315,,,,,
20353,11/04/21 08:00:00,29.365,,,,,
20354,11/04/21 08:15:00,29.365,,,,,
20355,11/04/21 08:30:00,29.389,,,,,
20356,11/04/21 08:45:00,29.365,,,,,
20357,11/04/21 09:00:00,29.389,,,,,
20358,11/04/21 09:15:00,29.414,,,,,
20359,11/04/21 09:30:00,29.389,,,,,
20360,11/04/21 09:45:00,29.389,,,,,
20361,11/04/21 10:00:00,29.414,,,,,
20362,11/04/21 10:15:00,29.439,,,,,
20363,11/04/21 10:30:00,29.439,,,,,
20364,11/04/21 10:45:00,29.439,,,,,
20365,11/04/21 11:00:00,29.414,,,,,
20366,11/04/21 11:15:00,29.389,,,,,
20367,11/04/21 11:30:00,29.389,,,,,
20368,11/04/21 11:45:00,29.365,,,,,
20369,11/04/21 12:00:00,29.365,,,,,
20370,11/04/21 12:15:00,29.414,,,,,
20371,11/04/21 12:30:00,29.340,,,,,
20372,11/04/21 12:45:00,29.315,,,,,
20373,11/04/21 13:00:00,29.340,,,,,
20374,11/04/21 13:15:00,29.340,,,,,
20375,11/04/21 13:30:00,29.340,,,,,
20376,11/04/21 13:45:00,29.315,,,,,
20377,11/04/21 14:00:00,29.315,,,,,
20378,11/04/21 14:15:00,29.290,,,,,
20379,11/04/21 14:30:00,29.290,,,,,
20380,11/04/21 14:45:00,29.315,,,,,
20381,11/04/21 15:00:00,29.315,,,,,
20382,11/04/21 15:15:00,29.290,,,,,
20383,11/04/21 15:30:00,29.290,,,,,
20384,11/04/21 15:45:00,29.290,,,,,
20385,11/04/21 16:00:00,29.340,,,,,
20386,11/04/21 16:15:00,29.439,,,,,
20387,11/04/21 16:30:00,29.414,,,,,
20388,11/04/21 16:45:00,29.340,,,,,
20389,11/04/21 17:00:00,29.389,,,,,
20390,11/04/21 17:15:00,29.315,,,,,
20391,11/04/21 17:30:00,29.315,,,,,
20392,11/04/21 17:45:00,29.414,,,,,
20393,11/04/21 18:00:00,29.365,,,,,
20394,11/04/21 18:15:00,29.414,,,,,
20395,11/04/21 18:30:00,29.365,,,,,
20396,11/04/21 18:45:00,29.365,,,,,
20397,11/04/21 19:00:00,29.365,,,,,
20398,11/04/21 19:15:00,29.414,,,,,
20399,11/04/21 19:30:00,29.365,,,,,
20400,11/04/21 19:45:00,29.340,,,,,
20401,11/04/21 20:00:00,29.365,,,,,
20402,11/04/21 20:15:00,29.365,,,,,
20403,11/04/21 20:30:00,29.439,,,,,
20404,11/04/21 20:45:00,29.464,,,,,
20405,11/04/21 21:00:00,29.490,,,,,
20406,11/04/21 21:15:00,29.464,,,,,
20407,11/04/21 21:30:00,29.515,,,,,
20408,11/04/21 21:45:00,29.515,,,,,
20409,11/04/21 22:00:00,29.515,,,,,
20410,11/04/21 22:15:00,29.515,,,,,
20411,11/04/21 22:30:00,29.490,,,,,
20412,11/04/21 22:45:00,29.490,,,,,
20413,11/04/21 23:00:00,29.515,,,,,
20414,11/04/21 23:15:00,29.515,,,,,
20415,11/04/21 23:30:00,29.490,,,,,
20416,11/04/21 23:45:00,29.490,,,,,
20417,11/05/21 00:00:00,29.490,,,,,
20418,11/05/21 00:15:00,29.515,,,,,
20419,11/05/21 00:30:00,29.515,,,,,
20420,11/05/21 00:45:00,29.515,,,,,
20421,11/05/21 01:00:00,29.515,,,,,
20422,11/05/21 01:15:00,29.515,,,,,
20423,11/05/21 01:30:00,29.414,,,,,
20424,11/05/21 01:45:00,29.389,,,,,
20425,11/05/21 02:00:00,29.464,,,,,
20426,11/05/21 02:15:00,29.439,,,,,
20427,11/05/21 02:30:00,29.490,,,,,
20428,11/05/21 02:45:00,29.439,,,,,
20429,11/05/21 03:00:00,29.414,,,,,
20430,11/05/21 03:15:00,29.414,,,,,
20431,11/05/21 03:30:00,29.365,,,,,
20432,11/05/21 03:45:00,29.365,,,,,
20433,11/05/21 04:00:00,29.389,,,,,
20434,11/05/21 04:15:00,29.490,,,,,
20435,11/05/21 04:30:00,29.464,,,,,
20436,11/05/21 04:45:00,29.439,,,,,
20437,11/05/21 05:00:00,29.340,,,,,
20438,11/05/21 05:15:00,29.315,,,,,
20439,11/05/21 05:30:00,29.340,,,,,
20440,11/05/21 05:45:00,29.389,,,,,
20441,11/05/21 06:00:00,29.315,,,,,
20442,11/05/21 06:15:00,29.290,,,,,
20443,11/05/21 06:30:00,29.315,,,,,
20444,11/05/21 06:45:00,29.340,,,,,
20445,11/05/21 07:00:00,29.340,,,,,
20446,11/05/21 07:15:00,29.290,,,,,
20447,11/05/21 07:30:00,29.389,,,,,
20448,11/05/21 07:45:00,29.414,,,,,
20449,11/05/21 08:00:00,29.464,,,,,
20450,11/05/21 08:15:00,29.389,,,,,
20451,11/05/21 08:30:00,29.414,,,,,
20452,11/05/21 08:45:00,29.439,,,,,
20453,11/05/21 09:00:00,29.439,,,,,
20454,11/05/21 09:15:00,29.490,,,,,
20455,11/05/21 09:30:00,29.490,,,,,
20456,11/05/21 09:45:00,29.490,,,,,
20457,11/05/21 10:00:00,29.490,,,,,
20458,11/05/21 10:15:00,29.515,,,,,
20459,11/05/21 10:30:00,29.389,,,,,
20460,11/05/21 10:45:00,29.315,,,,,
20461,11/05/21 11:00:00,29.365,,,,,
20462,11/05/21 11:15:00,29.414,,,,,
20463,11/05/21 11:30:00,29.439,,,,,
20464,11/05/21 11:45:00,29.414,,,,,
20465,11/05/21 12:00:00,29.340,,,,,
20466,11/05/21 12:15:00,29.315,,,,,
20467,11/05/21 12:30:00,29.290,,,,,
20468,11/05/21 12:45:00,29.240,,,,,
20469,11/05/21 13:00:00,29.365,,,,,
20470,11/05/21 13:15:00,29.315,,,,,
20471,11/05/21 13:30:00,29.389,,,,,
20472,11/05/21 13:45:00,29.464,,,,,
20473,11/05/21 14:00:00,29.490,,,,,
20474,11/05/21 14:15:00,29.490,,,,,
20475,11/05/21 14:30:00,29.490,,,,,
20476,11/05/21 14:45:00,29.464,,,,,
20477,11/05/21 15:00:00,29.265,,,,,
20478,11/05/21 15:15:00,29.215,,,,,
20479,11/05/21 15:30:00,29.240,,,,,
20480,11/05/21 15:45:00,29.240,,,,,
20481,11/05/21 16:00:00,29.215,,,,,
20482,11/05/21 16:15:00,29.165,,,,,
20483,11/05/21 16:30:00,29.190,,,,,
20484,11/05/21 16:45:00,29.165,,,,,
20485,11/05/21 17:00:00,29.140,,,,,
20486,11/05/21 17:15:00,29.215,,,,,
20487,11/05/21 17:30:00,29.215,,,,,
20488,11/05/21 17:45:00,29.140,,,,,
20489,11/05/21 18:00:00,29.340,,,,,
20490,11/05/21 18:15:00,29.515,,,,,
20491,11/05/21 18:30:00,29.515,,,,,
20492,11/05/21 18:45:00,29.490,,,,,
20493,11/05/21 19:00:00,29.340,,,,,
20494,11/05/21 19:15:00,29.365,,,,,
20495,11/05/21 19:30:00,29.540,,,,,
20496,11/05/21 19:45:00,29.515,,,,,
20497,11/05/21 20:00:00,29.540,,,,,
20498,11/05/21 20:15:00,29.515,,,,,
20499,11/05/21 20:30:00,29.515,,,,,
20500,11/05/21 20:45:00,29.540,,,,,
20501,11/05/21 21:00:00,29.540,,,,,
20502,11/05/21 21:15:00,29.540,,,,,
20503,11/05/21 21:30:00,29.515,,,,,
20504,11/05/21 21:45:00,29.515,,,,,
20505,11/05/21 22:00:00,29.490,,,,,
20506,11/05/21 22:15:00,29.490,,,,,
20507,11/05/21 22:30:00,29.490,,,,,
20508,11/05/21 22:45:00,29.515,,,,,
20509,11/05/21 23:00:00,29.515,,,,,
20510,11/05/21 23:15:00,29.515,,,,,
20511,11/05/21 23:30:00,29.515,,,,,
20512,11/05/21 23:45:00,29.515,,,,,
20513,11/06/21 00:00:00,29.540,,,,,
20514,11/06/21 00:15:00,29.540,,,,,
20515,11/06/21 00:30:00,29.540,,,,,
20516,11/06/21 00:45:00,29.515,,,,,
20517,11/06/21 01:00:00,29.540,,,,,
20518,11/06/21 01:15:00,29.515,,,,,
20519,11/06/21 01:30:00,29.490,,,,,
20520,11/06/21 01:45:00,29.464,,,,,
20521,11/06/21 02:00:00,29.464,,,,,
20522,11/06/21 02:15:00,29.490,,,,,
20523,11/06/21 02:30:00,29.515,,,,,
20524,11/06/21 02:45:00,29.490,,,,,
20525,11/06/21 03:00:00,29.464,,,,,
20526,11/06/21 03:15:00,29.439,,,,,
20527,11/06/21 03:30:00,29.464,,,,,
20528,11/06/21 03:45:00,29.439,,,,,
20529,11/06/21 04:00:00,29.464,,,,,
20530,11/06/21 04:15:00,29.315,,,,,
20531,11/06/21 04:30:00,29.190,,,,,
20532,11/06/21 04:45:00,29.490,,,,,
20533,11/06/21 05:00:00,29.464,,,,,
20534,11/06/21 05:15:00,29.389,,,,,
20535,11/06/21 05:30:00,29.389,,,,,
20536,11/06/21 05:45:00,29.414,,,,,
20537,11/06/21 06:00:00,29.414,,,,,
20538,11/06/21 06:15:00,29.315,,,,,
20539,11/06/21 06:30:00,29.315,,,,,
20540,11/06/21 06:45:00,29.340,,,,,
20541,11/06/21 07:00:00,29.340,,,,,
20542,11/06/21 07:15:00,29.315,,,,,
20543,11/06/21 07:30:00,29.265,,,,,
20544,11/06/21 07:45:00,29.315,,,,,
20545,11/06/21 08:00:00,29.315,,,,,
20546,11/06/21 08:15:00,29.315,,,,,
20547,11/06/21 08:30:00,29.265,,,,,
20548,11/06/21 08:45:00,29.290,,,,,
20549,11/06/21 09:00:00,29.215,,,,,
20550,11/06/21 09:15:00,29.290,,,,,
20551,11/06/21 09:30:00,29.340,,,,,
20552,11/06/21 09:45:00,29.365,,,,,
20553,11/06/21 10:00:00,29.414,,,,,
20554,11/06/21 10:15:00,29.439,,,,,
20555,11/06/21 10:30:00,29.439,,,,,
20556,11/06/21 10:45:00,29.464,,,,,
20557,11/06/21 11:00:00,29.439,,,,,
20558,11/06/21 11:15:00,29.464,,,,,
20559,11/06/21 11:30:00,29.464,,,,,
20560,11/06/21 11:45:00,29.464,,,,,
20561,11/06/21 12:00:00,29.490,,,,,
20562,11/06/21 12:15:00,29.464,,,,,
20563,11/06/21 12:30:00,29.439,,,,,
20564,11/06/21 12:45:00,29.439,,,,,
20565,11/06/21 13:00:00,29.439,,,,,
20566,11/06/21 13:15:00,29.215,,,,,
20567,11/06/21 13:30:00,29.290,,,,,
20568,11/06/21 13:45:00,29.464,,,,,
20569,11/06/21 14:00:00,29.464,,,,,
20570,11/06/21 14:15:00,29.464,,,,,
20571,11/06/21 14:30:00,29.315,,,,,
20572,11/06/21 14:45:00,29.389,,,,,
20573,11/06/21 15:00:00,29.389,,,,,
20574,11/06/21 15:15:00,29.389,,,,,
20575,11/06/21 15:30:00,29.365,,,,,
20576,11/06/21 15:45:00,29.414,,,,,
20577,11/06/21 16:00:00,29.414,,,,,
20578,11/06/21 16:15:00,29.265,,,,,
20579,11/06/21 16:30:00,29.140,,,,,
20580,11/06/21 16:45:00,29.065,,,,,
20581,11/06/21 17:00:00,29.090,,,,,
20582,11/06/21 17:15:00,29.115,,,,,
20583,11/06/21 17:30:00,29.165,,,,,
20584,11/06/21 17:45:00,29.165,,,,,
20585,11/06/21 18:00:00,29.165,,,,,
20586,11/06/21 18:15:00,29.240,,,,,
20587,11/06/21 18:30:00,29.190,,,,,
20588,11/06/21 18:45:00,29.165,,,,,
20589,11/06/21 19:00:00,29.165,,,,,
20590,11/06/21 19:15:00,29.240,,,,,
20591,11/06/21 19:30:00,29.240,,,,,
20592,11/06/21 19:45:00,29.290,,,,,
20593,11/06/21 20:00:00,29.365,,,,,
20594,11/06/21 20:15:00,29.340,,,,,
20595,11/06/21 20:30:00,29.290,,,,,
20596,11/06/21 20:45:00,29.265,,,,,
20597,11/06/21 21:00:00,29.340,,,,,
20598,11/06/21 21:15:00,29.439,,,,,
20599,11/06/21 21:30:00,29.464,,,,,
20600,11/06/21 21:45:00,29.540,,,,,
20601,11/06/21 22:00:00,29.590,,,,,
20602,11/06/21 22:15:00,29.565,,,,,
20603,11/06/21 22:30:00,29.565,,,,,
20604,11/06/21 22:45:00,29.565,,,,,
20605,11/06/21 23:00:00,29.565,,,,,
20606,11/06/21 23:15:00,29.565,,,,,
20607,11/06/21 23:30:00,29.565,,,,,
20608,11/06/21 23:45:00,29.565,,,,,
20609,11/07/21 00:00:00,29.590,,,,,
20610,11/07/21 00:15:00,29.590,,,,,
20611,11/07/21 00:30:00,29.590,,,,,
20612,11/07/21 00:45:00,29.515,,,,,
20613,11/07/21 01:00:00,29.540,,,,,
20614,11/07/21 01:15:00,29.414,,,,,
20615,11/07/21 01:30:00,29.240,,,,,
20616,11/07/21 01:45:00,29.190,,,,,
20617,11/07/21 02:00:00,29.190,,,,,
20618,11/07/21 02:15:00,29.490,,,,,
20619,11/07/21 02:30:00,29.515,,,,,
20620,11/07/21 02:45:00,29.340,,,,,
20621,11/07/21 03:00:00,29.315,,,,,
20622,11/07/21 03:15:00,29.464,,,,,
20623,11/07/21 03:30:00,29.464,,,,,
20624,11/07/21 03:45:00,29.490,,,,,
20625,11/07/21 04:00:00,29.490,,,,,
20626,11/07/21 04:15:00,29.464,,,,,
20627,11/07/21 04:30:00,29.439,,,,,
20628,11/07/21 04:45:00,29.439,,,,,
20629,11/07/21 05:00:00,29.464,,,,,
20630,11/07/21 05:15:00,29.490,,,,,
20631,11/07/21 05:30:00,29.464,,,,,
20632,11/07/21 05:45:00,29.464,,,,,
20633,11/07/21 06:00:00,29.464,,,,,
20634,11/07/21 06:15:00,29.439,,,,,
20635,11/07/21 06:30:00,29.414,,,,,
20636,11/07/21 06:45:00,29.365,,,,,
20637,11/07/21 07:00:00,29.389,,,,,
20638,11/07/21 07:15:00,29.414,,,,,
20639,11/07/21 07:30:00,29.439,,,,,
20640,11/07/21 07:45:00,29.464,,,,,
20641,11/07/21 08:00:00,29.540,,,,,
20642,11/07/21 08:15:00,29.515,,,,,
20643,11/07/21 08:30:00,29.414,,,,,
20644,11/07/21 08:45:00,29.389,,,,,
20645,11/07/21 09:00:00,29.389,,,,,
20646,11/07/21 09:15:00,29.439,,,,,
20647,11/07/21 09:30:00,29.439,,,,,
20648,11/07/21 09:45:00,29.439,,,,,
20649,11/07/21 10:00:00,29.439,,,,,
20650,11/07/21 10:15:00,29.540,,,,,
20651,11/07/21 10:30:00,29.540,,,,,
20652,11/07/21 10:45:00,29.515,,,,,
20653,11/07/21 11:00:00,29.464,,,,,
20654,11/07/21 11:15:00,29.490,,,,,
20655,11/07/21 11:30:00,29.439,,,,,
20656,11/07/21 11:45:00,29.414,,,,,
20657,11/07/21 12:00:00,29.490,,,,,
20658,11/07/21 12:15:00,29.515,,,,,
20659,11/07/21 12:30:00,29.540,,,,,
20660,11/07/21 12:45:00,29.540,,,,,
20661,11/07/21 13:00:00,29.540,,,,,
20662,11/07/21 13:15:00,29.540,,,,,
20663,11/07/21 13:30:00,29.540,,,,,
20664,11/07/21 13:45:00,29.540,,,,,
20665,11/07/21 14:00:00,29.464,,,,,
20666,11/07/21 14:15:00,29.115,,,,,
20667,11/07/21 14:30:00,29.115,,,,,
20668,11/07/21 14:45:00,29.464,,,,,
20669,11/07/21 15:00:00,29.515,,,,,
20670,11/07/21 15:15:00,29.515,,,,,
20671,11/07/21 15:30:00,29.464,,,,,
20672,11/07/21 15:45:00,29.414,,,,,
20673,11/07/21 16:00:00,29.015,,,,,
20674,11/07/21 16:15:00,28.916,,,,,
20675,11/07/21 16:30:00,28.965,,,,,
20676,11/07/21 16:45:00,28.965,,,,,
20677,11/07/21 17:00:00,29.165,,,,,
20678,11/07/21 17:15:00,29.439,,,,,
20679,11/07/21 17:30:00,29.490,,,,,
20680,11/07/21 17:45:00,29.515,,,,,
20681,11/07/21 18:00:00,29.540,,,,,
20682,11/07/21 18:15:00,29.540,,,,,
20683,11/07/21 18:30:00,29.565,,,,,
20684,11/07/21 18:45:00,29.565,,,,,
20685,11/07/21 19:00:00,29.540,,,,,
20686,11/07/21 19:15:00,29.565,,,,,
20687,11/07/21 19:30:00,29.565,,,,,
20688,11/07/21 19:45:00,29.565,,,,,
20689,11/07/21 20:00:00,29.565,,,,,
20690,11/07/21 20:15:00,29.565,,,,,
20691,11/07/21 20:30:00,29.565,,,,,
20692,11/07/21 20:45:00,29.540,,,,,
20693,11/07/21 21:00:00,29.515,,,,,
20694,11/07/21 21:15:00,29.490,,,,,
20695,11/07/21 21:30:00,29.490,,,,,
20696,11/07/21 21:45:00,29.540,,,,,
20697,11/07/21 22:00:00,29.565,,,,,
20698,11/07/21 22:15:00,29.565,,,,,
20699,11/07/21 22:30:00,29.490,,,,,
20700,11/07/21 22:45:00,29.515,,,,,
20701,11/07/21 23:00:00,29.540,,,,,
20702,11/07/21 23:15:00,29.540,,,,,
20703,11/07/21 23:30:00,29.540,,,,,
20704,11/07/21 23:45:00,29.540,,,,,
20705,11/08/21 00:00:00,29.540,,,,,
20706,11/08/21 00:15:00,29.540,,,,,
20707,11/08/21 00:30:00,29.540,,,,,
20708,11/08/21 00:45:00,29.565,,,,,
20709,11/08/21 01:00:00,29.565,,,,,
20710,11/08/21 01:15:00,29.540,,,,,
20711,11/08/21 01:30:00,29.490,,,,,
20712,11/08/21 01:45:00,29.565,,,,,
20713,11/08/21 02:00:00,29.565,,,,,
20714,11/08/21 02:15:00,29.565,,,,,
20715,11/08/21 02:30:00,29.565,,,,,
20716,11/08/21 02:45:00,29.565,,,,,
20717,11/08/21 03:00:00,29.565,,,,,
20718,11/08/21 03:15:00,29.540,,,,,
20719,11/08/21 03:30:00,29.565,,,,,
20720,11/08/21 03:45:00,29.565,,,,,
20721,11/08/21 04:00:00,29.565,,,,,
20722,11/08/21 04:15:00,29.565,,,,,
20723,11/08/21 04:30:00,29.565,,,,,
20724,11/08/21 04:45:00,29.565,,,,,
20725,11/08/21 05:00:00,29.540,,,,,
20726,11/08/21 05:15:00,29.540,,,,,
20727,11/08/21 05:30:00,29.439,,,,,
20728,11/08/21 05:45:00,29.464,,,,,
20729,11/08/21 06:00:00,29.065,,,,,
20730,11/08/21 06:15:00,29.165,,,,,
20731,11/08/21 06:30:00,29.290,,,,,
20732,11/08/21 06:45:00,29.265,,,,,
20733,11/08/21 07:00:00,29.265,,,,,
20734,11/08/21 07:15:00,29.240,,,,,
20735,11/08/21 07:30:00,29.315,,,,,
20736,11/08/21 07:45:00,29.315,,,,,
20737,11/08/21 08:00:00,29.315,,,,,
20738,11/08/21 08:15:00,29.365,,,,,
20739,11/08/21 08:30:00,29.439,,,,,
20740,11/08/21 08:45:00,29.490,,,,,
20741,11/08/21 09:00:00,29.490,,,,,
20742,11/08/21 09:15:00,29.490,,,,,
20743,11/08/21 09:30:00,29.340,,,,,
20744,11/08/21 09:45:00,29.389,,,,,
20745,11/08/21 10:00:00,29.414,,,,,
20746,11/08/21 10:15:00,29.389,,,,,
20747,11/08/21 10:30:00,29.365,,,,,
20748,11/08/21 10:45:00,29.365,,,,,
20749,11/08/21 11:00:00,29.365,,,,,
20750,11/08/21 11:15:00,29.389,,,,,
20751,11/08/21 11:30:00,29.340,,,,,
20752,11/08/21 11:45:00,29.365,,,,,
20753,11/08/21 12:00:00,29.389,,,,,
20754,11/08/21 12:15:00,29.389,,,,,
20755,11/08/21 12:30:00,29.389,,,,,
20756,11/08/21 12:45:00,29.414,,,,,
20757,11/08/21 13:00:00,29.414,,,,,
20758,11/08/21 13:15:00,29.389,,,,,
20759,11/08/21 13:30:00,29.389,,,,,
20760,11/08/21 13:45:00,29.439,,,,,
20761,11/08/21 14:00:00,29.439,,,,,
20762,11/08/21 14:15:00,29.439,,,,,
20763,11/08/21 14:30:00,29.414,,,,,
20764,11/08/21 14:45:00,29.439,,,,,
20765,11/08/21 15:00:00,29.439,,,,,
20766,11/08/21 15:15:00,29.439,,,,,
20767,11/08/21 15:30:00,29.439,,,,,
20768,11/08/21 15:45:00,29.340,,,,,
20769,11/08/21 16:00:00,29.115,,,,,
20770,11/08/21 16:15:00,29.115,,,,,
20771,11/08/21 16:30:00,29.165,,,,,
20772,11/08/21 16:45:00,28.990,,,,,
20773,11/08/21 17:00:00,29.165,,,,,
20774,11/08/21 17:15:00,29.215,,,,,
20775,11/08/21 17:30:00,29.115,,,,,
20776,11/08/21 17:45:00,29.165,,,,,
20777,11/08/21 18:00:00,29.165,,,,,
20778,11/08/21 18:15:00,29.165,,,,,
20779,11/08/21 18:30:00,29.215,,,,,
20780,11/08/21 18:45:00,29.290,,,,,
20781,11/08/21 19:00:00,29.240,,,,,
20782,11/08/21 19:15:00,29.215,,,,,
20783,11/08/21 19:30:00,29.190,,,,,
20784,11/08/21 19:45:00,29.190,,,,,
20785,11/08/21 20:00:00,29.265,,,,,
20786,11/08/21 20:15:00,29.215,,,,,
20787,11/08/21 20:30:00,29.265,,,,,
20788,11/08/21 20:45:00,29.240,,,,,
20789,11/08/21 21:00:00,29.215,,,,,
20790,11/08/21 21:15:00,29.190,,,,,
20791,11/08/21 21:30:00,29.190,,,,,
20792,11/08/21 21:45:00,29.340,,,,,
20793,11/08/21 22:00:00,29.389,,,,,
20794,11/08/21 22:15:00,29.365,,,,,
20795,11/08/21 22:30:00,29.389,,,,,
20796,11/08/21 22:45:00,29.340,,,,,
20797,11/08/21 23:00:00,29.265,,,,,
20798,11/08/21 23:15:00,29.365,,,,,
20799,11/08/21 23:30:00,29.389,,,,,
20800,11/08/21 23:45:00,29.414,,,,,
20801,11/09/21 00:00:00,29.365,,,,,
20802,11/09/21 00:15:00,29.389,,,,,
20803,11/09/21 00:30:00,29.464,,,,,
20804,11/09/21 00:45:00,29.490,,,,,
20805,11/09/21 01:00:00,29.439,,,,,
20806,11/09/21 01:15:00,29.464,,,,,
20807,11/09/21 01:30:00,29.464,,,,,
20808,11/09/21 01:45:00,29.464,,,,,
20809,11/09/21 02:00:00,29.464,,,,,
20810,11/09/21 02:15:00,29.464,,,,,
20811,11/09/21 02:30:00,29.490,,,,,
20812,11/09/21 02:45:00,29.464,,,,,
20813,11/09/21 03:00:00,29.490,,,,,
20814,11/09/21 03:15:00,29.490,,,,,
20815,11/09/21 03:30:00,29.490,,,,,
20816,11/09/21 03:45:00,29.490,,,,,
20817,11/09/21 04:00:00,29.464,,,,,
20818,11/09/21 04:15:00,29.414,,,,,
20819,11/09/21 04:30:00,29.414,,,,,
20820,11/09/21 04:45:00,29.190,,,,,
20821,11/09/21 05:00:00,29.290,,,,,
20822,11/09/21 05:15:00,29.140,,,,,
20823,11/09/21 05:30:00,29.340,,,,,
20824,11/09/21 05:45:00,29.439,,,,,
20825,11/09/21 06:00:00,29.464,,,,,
20826,11/09/21 06:15:00,29.365,,,,,
20827,11/09/21 06:30:00,29.414,,,,,
20828,11/09/21 06:45:00,29.414,,,,,
20829,11/09/21 07:00:00,29.439,,,,,
20830,11/09/21 07:15:00,29.414,,,,,
20831,11/09/21 07:30:00,29.439,,,,,
20832,11/09/21 07:45:00,29.240,,,,,
20833,11/09/21 08:00:00,29.165,,,,,
20834,11/09/21 08:15:00,29.165,,,,,
20835,11/09/21 08:30:00,29.265,,,,,
20836,11/09/21 08:45:00,29.190,,,,,
20837,11/09/21 09:00:00,29.290,,,,,
20838,11/09/21 09:15:00,29.315,,,,,
20839,11/09/21 09:30:00,29.265,,,,,
20840,11/09/21 09:45:00,29.315,,,,,
20841,11/09/21 10:00:00,29.365,,,,,
20842,11/09/21 10:15:00,29.414,,,,,
20843,11/09/21 10:30:00,29.389,,,,,
20844,11/09/21 10:45:00,29.414,,,,,
20845,11/09/21 11:00:00,29.439,,,,,
20846,11/09/21 11:15:00,29.414,,,,,
20847,11/09/21 11:30:00,29.414,,,,,
20848,11/09/21 11:45:00,29.414,,,,,
20849,11/09/21 12:00:00,29.414,,,,,
20850,11/09/21 12:15:00,29.414,,,,,
20851,11/09/21 12:30:00,29.439,,,,,
20852,11/09/21 12:45:00,29.414,,,,,
20853,11/09/21 13:00:00,29.414,,,,,
20854,11/09/21 13:15:00,29.439,,,,,
20855,11/09/21 13:30:00,29.439,,,,,
20856,11/09/21 13:45:00,29.464,,,,,
20857,11/09/21 14:00:00,29.389,,,,,
20858,11/09/21 14:15:00,29.389,,,,,
20859,11/09/21 14:30:00,29.464,,,,,
20860,11/09/21 14:45:00,29.464,,,,,
20861,11/09/21 15:00:00,29.464,,,,,
20862,11/09/21 15:15:00,29.464,,,,,
20863,11/09/21 15:30:00,29.464,,,,,
20864,11/09/21 15:45:00,29.464,,,,,
20865,11/09/21 16:00:00,29.464,,,,,
20866,11/09/21 16:15:00,29.414,,,,,
20867,11/09/21 16:30:00,29.265,,,,,
20868,11/09/21 16:45:00,29.215,,,,,
20869,11/09/21 17:00:00,29.215,,,,,
20870,11/09/21 17:15:00,29.190,,,,,
20871,11/09/21 17:30:00,29.190,,,,,
20872,11/09/21 17:45:00,29.190,,,,,
20873,11/09/21 18:00:00,29.190,,,,,
20874,11/09/21 18:15:00,29.190,,,,,
20875,11/09/21 18:30:00,29.215,,,,,
20876,11/09/21 18:45:00,29.215,,,,,
20877,11/09/21 19:00:00,29.065,,,,,
20878,11/09/21 19:15:00,29.215,,,,,
20879,11/09/21 19:30:00,29.140,,,,,
20880,11/09/21 19:45:00,29.140,,,,,
20881,11/09/21 20:00:00,29.190,,,,,
20882,11/09/21 20:15:00,29.140,,,,,
20883,11/09/21 20:30:00,29.065,,,,,
20884,11/09/21 20:45:00,28.891,,,,,
20885,11/09/21 21:00:00,28.841,,,,,
20886,11/09/21 21:15:00,28.891,,,,,
20887,11/09/21 21:30:00,28.866,,,,,
20888,11/09/21 21:45:00,28.965,,,,,
20889,11/09/21 22:00:00,29.065,,,,,
20890,11/09/21 22:15:00,28.891,,,,,
20891,11/09/21 22:30:00,29.315,,,,,
20892,11/09/21 22:45:00,29.414,,,,,
20893,11/09/21 23:00:00,29.439,,,,,
20894,11/09/21 23:15:00,29.439,,,,,
20895,11/09/21 23:30:00,29.414,,,,,
20896,11/09/21 23:45:00,29.414,,,,,
20897,11/10/21 00:00:00,29.414,,,,,
20898,11/10/21 00:15:00,29.414,,,,,
20899,11/10/21 00:30:00,29.414,,,,,
20900,11/10/21 00:45:00,29.389,,,,,
20901,11/10/21 01:00:00,29.414,,,,,
20902,11/10/21 01:15:00,29.414,,,,,
20903,11/10/21 01:30:00,29.389,,,,,
20904,11/10/21 01:45:00,29.389,,,,,
20905,11/10/21 02:00:00,29.340,,,,,
20906,11/10/21 02:15:00,29.365,,,,,
20907,11/10/21 02:30:00,29.389,,,,,
20908,11/10/21 02:45:00,29.389,,,,,
20909,11/10/21 03:00:00,29.389,,,,,
20910,11/10/21 03:15:00,29.389,,,,,
20911,11/10/21 03:30:00,29.414,,,,,
20912,11/10/21 03:45:00,29.414,,,,,
20913,11/10/21 04:00:00,29.414,,,,,
20914,11/10/21 04:15:00,29.389,,,,,
20915,11/10/21 04:30:00,29.340,,,,,
20916,11/10/21 04:45:00,29.340,,,,,
20917,11/10/21 05:00:00,29.315,,,,,
20918,11/10/21 05:15:00,29.190,,,,,
20919,11/10/21 05:30:00,29.215,,,,,
20920,11/10/21 05:45:00,29.215,,,,,
20921,11/10/21 06:00:00,29.290,,,,,
20922,11/10/21 06:15:00,29.265,,,,,
20923,11/10/21 06:30:00,29.265,,,,,
20924,11/10/21 06:45:00,29.265,,,,,
20925,11/10/21 07:00:00,29.290,,,,,
20926,11/10/21 07:15:00,29.315,,,,,
20927,11/10/21 07:30:00,29.315,,,,,
20928,11/10/21 07:45:00,29.340,,,,,
20929,11/10/21 08:00:00,29.340,,,,,
20930,11/10/21 08:15:00,29.340,,,,,
20931,11/10/21 08:30:00,29.340,,,,,
20932,11/10/21 08:45:00,29.340,,,,,
20933,11/10/21 09:00:00,29.365,,,,,
20934,11/10/21 09:15:00,29.340,,,,,
20935,11/10/21 09:30:00,29.365,,,,,
20936,11/10/21 09:45:00,29.365,,,,,
20937,11/10/21 10:00:00,29.389,,,,,
20938,11/10/21 10:15:00,29.140,,,,,
20939,11/10/21 10:30:00,29.165,,,,,
20940,11/10/21 10:45:00,29.165,,,,,
20941,11/10/21 11:00:00,29.190,,,,,
20942,11/10/21 11:15:00,29.190,,,,,
20943,11/10/21 11:30:00,29.190,,,,,
20944,11/10/21 11:45:00,29.215,,,,,
20945,11/10/21 12:00:00,29.215,,,,,
20946,11/10/21 12:15:00,29.215,,,,,
20947,11/10/21 12:30:00,29.215,,,,,
20948,11/10/21 12:45:00,29.215,,,,,
20949,11/10/21 13:00:00,29.115,,,,,
20950,11/10/21 13:15:00,29.165,,,,,
20951,11/10/21 13:30:00,29.190,,,,,
20952,11/10/21 13:45:00,29.215,,,,,
20953,11/10/21 14:00:00,29.190,,,,,
20954,11/10/21 14:15:00,29.190,,,,,
20955,11/10/21 14:30:00,29.190,,,,,
20956,11/10/21 14:45:00,29.165,,,,,
20957,11/10/21 15:00:00,29.190,,,,,
20958,11/10/21 15:15:00,29.190,,,,,
20959,11/10/21 15:30:00,29.215,,,,,
20960,11/10/21 15:45:00,29.165,,,,,
20961,11/10/21 16:00:00,29.190,,,,,
20962,11/10/21 16:15:00,29.215,,,,,
20963,11/10/21 16:30:00,29.265,,,,,
20964,11/10/21 16:45:00,29.265,,,,,
20965,11/10/21 17:00:00,29.265,,,,,
20966,11/10/21 17:15:00,29.265,,,,,
20967,11/10/21 17:30:00,29.290,,,,,
20968,11/10/21 17:45:00,29.290,,,,,
20969,11/10/21 18:00:00,29.290,,,,,
20970,11/10/21 18:15:00,29.290,,,,,
20971,11/10/21 18:30:00,29.290,,,,,
20972,11/10/21 18:45:00,29.265,,,,,
20973,11/10/21 19:00:00,29.290,,,,,
20974,11/10/21 19:15:00,29.290,,,,,
20975,11/10/21 19:30:00,29.240,,,,,
20976,11/10/21 19:45:00,29.240,,,,,
20977,11/10/21 20:00:00,29.190,,,,,
20978,11/10/21 20:15:00,29.165,,,,,
20979,11/10/21 20:30:00,29.165,,,,,
20980,11/10/21 20:45:00,29.140,,,,,
20981,11/10/21 21:00:00,29.115,,,,,
20982,11/10/21 21:15:00,29.140,,,,,
20983,11/10/21 21:30:00,29.115,,,,,
20984,11/10/21 21:45:00,29.065,,,,,
20985,11/10/21 22:00:00,29.090,,,,,
20986,11/10/21 22:15:00,29.090,,,,,
20987,11/10/21 22:30:00,29.040,,,,,
20988,11/10/21 22:45:00,29.040,,,,,
20989,11/10/21 23:00:00,28.990,,,,,
20990,11/10/21 23:15:00,29.065,,,,,
20991,11/10/21 23:30:00,29.090,,,,,
20992,11/10/21 23:45:00,29.040,,,,,
20993,11/11/21 00:00:00,29.190,,,,,
20994,11/11/21 00:15:00,29.240,,,,,
20995,11/11/21 00:30:00,29.115,,,,,
20996,11/11/21 00:45:00,29.215,,,,,
20997,11/11/21 01:00:00,29.290,,,,,
20998,11/11/21 01:15:00,29.140,,,,,
20999,11/11/21 01:30:00,29.115,,,,,
21000,11/11/21 01:45:00,29.140,,,,,
21001,11/11/21 02:00:00,29.290,,,,,
21002,11/11/21 02:15:00,29.290,,,,,
21003,11/11/21 02:30:00,29.315,,,,,
21004,11/11/21 02:45:00,29.315,,,,,
21005,11/11/21 03:00:00,29.340,,,,,
21006,11/11/21 03:15:00,29.365,,,,,
21007,11/11/21 03:30:00,29.290,,,,,
21008,11/11/21 03:45:00,29.290,,,,,
21009,11/11/21 04:00:00,29.165,,,,,
21010,11/11/21 04:15:00,29.190,,,,,
21011,11/11/21 04:30:00,29.115,,,,,
21012,11/11/21 04:45:00,29.165,,,,,
21013,11/11/21 05:00:00,29.115,,,,,
21014,11/11/21 05:15:00,29.265,,,,,
21015,11/11/21 05:30:00,29.290,,,,,
21016,11/11/21 05:45:00,29.315,,,,,
21017,11/11/21 06:00:00,29.315,,,,,
21018,11/11/21 06:15:00,29.290,,,,,
21019,11/11/21 06:30:00,29.290,,,,,
21020,11/11/21 06:45:00,29.290,,,,,
21021,11/11/21 07:00:00,29.290,,,,,
21022,11/11/21 07:15:00,29.315,,,,,
21023,11/11/21 07:30:00,29.340,,,,,
21024,11/11/21 07:45:00,29.340,,,,,
21025,11/11/21 08:00:00,29.340,,,,,
21026,11/11/21 08:15:00,29.365,,,,,
21027,11/11/21 08:30:00,29.365,,,,,
21028,11/11/21 08:45:00,29.389,,,,,
21029,11/11/21 09:00:00,29.365,,,,,
21030,11/11/21 09:15:00,29.340,,,,,
21031,11/11/21 09:30:00,29.240,,,,,
21032,11/11/21 09:45:00,29.215,,,,,
21033,11/11/21 10:00:00,29.240,,,,,
21034,11/11/21 10:15:00,29.290,,,,,
21035,11/11/21 10:30:00,29.290,,,,,
21036,11/11/21 10:45:00,29.315,,,,,
21037,11/11/21 11:00:00,29.240,,,,,
21038,11/11/21 11:15:00,29.215,,,,,
21039,11/11/21 11:30:00,29.215,,,,,
21040,11/11/21 11:45:00,29.240,,,,,
21041,11/11/21 12:00:00,29.215,,,,,
21042,11/11/21 12:15:00,29.215,,,,,
21043,11/11/21 12:30:00,29.240,,,,,
21044,11/11/21 12:45:00,29.240,,,,,
21045,11/11/21 13:00:00,29.165,,,,,
21046,11/11/21 13:15:00,29.165,,,,,
21047,11/11/21 13:30:00,29.165,,,,,
21048,11/11/21 13:45:00,29.140,,,,,
21049,11/11/21 14:00:00,29.115,,,,,
21050,11/11/21 14:15:00,29.165,,,,,
21051,11/11/21 14:30:00,29.215,,,,,
21052,11/11/21 14:45:00,29.140,,,,,
21053,11/11/21 15:00:00,29.115,,,,,
21054,11/11/21 15:15:00,29.090,,,,,
21055,11/11/21 15:30:00,29.115,,,,,
21056,11/11/21 15:45:00,29.115,,,,,
21057,11/11/21 16:00:00,29.140,,,,,
21058,11/11/21 16:15:00,29.140,,,,,
21059,11/11/21 16:30:00,29.165,,,,,
21060,11/11/21 16:45:00,29.315,,,,,
21061,11/11/21 17:00:00,29.340,,,,,
21062,11/11/21 17:15:00,29.389,,,,,
21063,11/11/21 17:30:00,29.365,,,,,
21064,11/11/21 17:45:00,29.365,,,,,
21065,11/11/21 18:00:00,29.389,,,,,
21066,11/11/21 18:15:00,29.389,,,,,
21067,11/11/21 18:30:00,29.389,,,,,
21068,11/11/21 18:45:00,29.414,,,,,
21069,11/11/21 19:00:00,29.414,,,,,
21070,11/11/21 19:15:00,29.365,,,,,
21071,11/11/21 19:30:00,29.115,,,,,
21072,11/11/21 19:45:00,29.140,,,,,
21073,11/11/21 20:00:00,29.115,,,,,
21074,11/11/21 20:15:00,29.015,,,,,
21075,11/11/21 20:30:00,29.040,,,,,
21076,11/11/21 20:45:00,29.215,,,,,
21077,11/11/21 21:00:00,29.240,,,,,
21078,11/11/21 21:15:00,29.190,,,,,
21079,11/11/21 21:30:00,29.040,,,,,
21080,11/11/21 21:45:00,28.965,,,,,
21081,11/11/21 22:00:00,28.941,,,,,
21082,11/11/21 22:15:00,28.916,,,,,
21083,11/11/21 22:30:00,28.941,,,,,
21084,11/11/21 22:45:00,28.916,,,,,
21085,11/11/21 23:00:00,29.140,,,,,
21086,11/11/21 23:15:00,29.265,,,,,
21087,11/11/21 23:30:00,29.040,,,,,
21088,11/11/21 23:45:00,29.165,,,,,
21089,11/12/21 00:00:00,29.290,,,,,
21090,11/12/21 00:15:00,29.315,,,,,
21091,11/12/21 00:30:00,28.916,,,,,
21092,11/12/21 00:45:00,28.965,,,,,
21093,11/12/21 01:00:00,28.916,,,,,
21094,11/12/21 01:15:00,28.916,,,,,
21095,11/12/21 01:30:00,28.965,,,,,
21096,11/12/21 01:45:00,29.290,,,,,
21097,11/12/21 02:00:00,29.315,,,,,
21098,11/12/21 02:15:00,29.290,,,,,
21099,11/12/21 02:30:00,29.315,,,,,
21100,11/12/21 02:45:00,29.240,,,,,
21101,11/12/21 03:00:00,29.215,,,,,
21102,11/12/21 03:15:00,29.290,,,,,
21103,11/12/21 03:30:00,29.340,,,,,
21104,11/12/21 03:45:00,29.340,,,,,
21105,11/12/21 04:00:00,29.340,,,,,
21106,11/12/21 04:15:00,29.340,,,,,
21107,11/12/21 04:30:00,29.315,,,,,
21108,11/12/21 04:45:00,29.265,,,,,
21109,11/12/21 05:00:00,29.315,,,,,
21110,11/12/21 05:15:00,29.315,,,,,
21111,11/12/21 05:30:00,29.265,,,,,
21112,11/12/21 05:45:00,29.140,,,,,
21113,11/12/21 06:00:00,29.115,,,,,
21114,11/12/21 06:15:00,29.090,,,,,
21115,11/12/21 06:30:00,29.040,,,,,
21116,11/12/21 06:45:00,29.015,,,,,
21117,11/12/21 07:00:00,29.015,,,,,
21118,11/12/21 07:15:00,28.990,,,,,
21119,11/12/21 07:30:00,29.015,,,,,
21120,11/12/21 07:45:00,29.040,,,,,
21121,11/12/21 08:00:00,29.165,,,,,
21122,11/12/21 08:15:00,29.165,,,,,
21123,11/12/21 08:30:00,29.265,,,,,
21124,11/12/21 08:45:00,29.290,,,,,
21125,11/12/21 09:00:00,29.265,,,,,
21126,11/12/21 09:15:00,29.265,,,,,
21127,11/12/21 09:30:00,29.190,,,,,
21128,11/12/21 09:45:00,29.090,,,,,
21129,11/12/21 10:00:00,29.165,,,,,
21130,11/12/21 10:15:00,29.215,,,,,
21131,11/12/21 10:30:00,29.240,,,,,
21132,11/12/21 10:45:00,29.240,,,,,
21133,11/12/21 11:00:00,29.240,,,,,
21134,11/12/21 11:15:00,29.215,,,,,
21135,11/12/21 11:30:00,29.215,,,,,
21136,11/12/21 11:45:00,29.190,,,,,
21137,11/12/21 12:00:00,29.165,,,,,
21138,11/12/21 12:15:00,29.165,,,,,
21139,11/12/21 12:30:00,29.115,,,,,
21140,11/12/21 12:45:00,29.140,,,,,
21141,11/12/21 13:00:00,29.090,,,,,
21142,11/12/21 13:15:00,29.090,,,,,
21143,11/12/21 13:30:00,29.115,,,,,
21144,11/12/21 13:45:00,29.115,,,,,
21145,11/12/21 14:00:00,29.140,,,,,
21146,11/12/21 14:15:00,29.190,,,,,
21147,11/12/21 14:30:00,29.240,,,,,
21148,11/12/21 14:45:00,29.215,,,,,
21149,11/12/21 15:00:00,29.215,,,,,
21150,11/12/21 15:15:00,29.215,,,,,
21151,11/12/21 15:30:00,29.240,,,,,
21152,11/12/21 15:45:00,29.240,,,,,
21153,11/12/21 16:00:00,29.215,,,,,
21154,11/12/21 16:15:00,29.215,,,,,
21155,11/12/21 16:30:00,29.190,,,,,
21156,11/12/21 16:45:00,29.190,,,,,
21157,11/12/21 17:00:00,29.165,,,,,
21158,11/12/21 17:15:00,29.115,,,,,
21159,11/12/21 17:30:00,29.140,,,,,
21160,11/12/21 17:45:00,29.190,,,,,
21161,11/12/21 18:00:00,29.165,,,,,
21162,11/12/21 18:15:00,29.215,,,,,
21163,11/12/21 18:30:00,29.240,,,,,
21164,11/12/21 18:45:00,29.265,,,,,
21165,11/12/21 19:00:00,29.265,,,,,
21166,11/12/21 19:15:00,29.265,,,,,
21167,11/12/21 19:30:00,29.290,,,,,
21168,11/12/21 19:45:00,29.290,,,,,
21169,11/12/21 20:00:00,29.290,,,,,
21170,11/12/21 20:15:00,29.265,,,,,
21171,11/12/21 20:30:00,29.265,,,,,
21172,11/12/21 20:45:00,29.265,,,,,
21173,11/12/21 21:00:00,29.265,,,,,
21174,11/12/21 21:15:00,29.265,,,,,
21175,11/12/21 21:30:00,29.265,,,,,
21176,11/12/21 21:45:00,29.265,,,,,
21177,11/12/21 22:00:00,29.265,,,,,
21178,11/12/21 22:15:00,29.265,,,,,
21179,11/12/21 22:30:00,29.240,,,,,
21180,11/12/21 22:45:00,29.240,,,,,
21181,11/12/21 23:00:00,29.240,,,,,
21182,11/12/21 23:15:00,29.240,,,,,
21183,11/12/21 23:30:00,28.990,,,,,
21184,11/12/21 23:45:00,28.841,,,,,
21185,11/13/21 00:00:00,28.841,,,,,
21186,11/13/21 00:15:00,28.841,,,,,
21187,11/13/21 00:30:00,28.891,,,,,
21188,11/13/21 00:45:00,28.916,,,,,
21189,11/13/21 01:00:00,28.941,,,,,
21190,11/13/21 01:15:00,28.941,,,,,
21191,11/13/21 01:30:00,28.965,,,,,
21192,11/13/21 01:45:00,28.965,,,,,
21193,11/13/21 02:00:00,28.965,,,,,
21194,11/13/21 02:15:00,29.015,,,,,
21195,11/13/21 02:30:00,29.065,,,,,
21196,11/13/21 02:45:00,29.065,,,,,
21197,11/13/21 03:00:00,29.040,,,,,
21198,11/13/21 03:15:00,29.165,,,,,
21199,11/13/21 03:30:00,29.240,,,,,
21200,11/13/21 03:45:00,29.240,,,,,
21201,11/13/21 04:00:00,29.265,,,,,
21202,11/13/21 04:15:00,29.265,,,,,
21203,11/13/21 04:30:00,29.265,,,,,
21204,11/13/21 04:45:00,29.265,,,,,
21205,11/13/21 05:00:00,29.190,,,,,
21206,11/13/21 05:15:00,29.240,,,,,
21207,11/13/21 05:30:00,29.215,,,,,
21208,11/13/21 05:45:00,29.115,,,,,
21209,11/13/21 06:00:00,29.240,,,,,
21210,11/13/21 06:15:00,29.165,,,,,
21211,11/13/21 06:30:00,29.040,,,,,
21212,11/13/21 06:45:00,28.866,,,,,
21213,11/13/21 07:00:00,28.891,,,,,
21214,11/13/21 07:15:00,29.065,,,,,
21215,11/13/21 07:30:00,29.090,,,,,
21216,11/13/21 07:45:00,28.990,,,,,
21217,11/13/21 08:00:00,29.065,,,,,
21218,11/13/21 08:15:00,29.015,,,,,
21219,11/13/21 08:30:00,28.941,,,,,
21220,11/13/21 08:45:00,28.866,,,,,
21221,11/13/21 09:00:00,28.841,,,,,
21222,11/13/21 09:15:00,28.891,,,,,
21223,11/13/21 09:30:00,28.941,,,,,
21224,11/13/21 09:45:00,29.065,,,,,
21225,11/13/21 10:00:00,29.165,,,,,
21226,11/13/21 10:15:00,29.165,,,,,
21227,11/13/21 10:30:00,29.115,,,,,
21228,11/13/21 10:45:00,28.990,,,,,
21229,11/13/21 11:00:00,29.115,,,,,
21230,11/13/21 11:15:00,29.065,,,,,
21231,11/13/21 11:30:00,29.140,,,,,
21232,11/13/21 11:45:00,28.866,,,,,
21233,11/13/21 12:00:00,29.015,,,,,
21234,11/13/21 12:15:00,29.090,,,,,
21235,11/13/21 12:30:00,29.115,,,,,
21236,11/13/21 12:45:00,29.165,,,,,
21237,11/13/21 13:00:00,29.165,,,,,
21238,11/13/21 13:15:00,28.617,,,,,
21239,11/13/21 13:30:00,28.023,,,,,
21240,11/13/21 13:45:00,27.677,,,,,
21241,11/13/21 14:00:00,27.604,,,,,
21242,11/13/21 14:15:00,29.015,,,,,
21243,11/13/21 14:30:00,29.190,,,,,
21244,11/13/21 14:45:00,29.190,,,,,
21245,11/13/21 15:00:00,28.891,,,,,
21246,11/13/21 15:15:00,28.717,,,,,
21247,11/13/21 15:30:00,28.493,,,,,
21248,11/13/21 15:45:00,32.587,,,,,
21249,11/13/21 16:00:00,34.202,,,,,
21250,11/13/21 16:15:00,33.940,,,,,
21251,11/13/21 16:30:00,33.652,,,,,
21252,11/13/21 16:45:00,33.600,,,,,
21253,11/13/21 17:00:00,33.391,,,,,
21254,11/13/21 17:15:00,33.157,,,,,
21255,11/13/21 17:30:00,32.924,,,,,
21256,11/13/21 17:45:00,32.587,,,,,
21257,11/13/21 18:00:00,32.304,,,,,
21258,11/13/21 18:15:00,32.073,,,,,
21259,11/13/21 18:30:00,31.868,,,,,
21260,11/13/21 18:45:00,31.663,,,,,
21261,11/13/21 19:00:00,31.433,,,,,
21262,11/13/21 19:15:00,31.230,,,,,
21263,11/13/21 19:30:00,31.052,,,,,
21264,11/13/21 19:45:00,30.874,,,,,
21265,11/13/21 20:00:00,30.697,,,,,
21266,11/13/21 20:15:00,30.545,,,,,
21267,11/13/21 20:30:00,30.394,,,,,
21268,11/13/21 20:45:00,30.243,,,,,
21269,11/13/21 21:00:00,30.142,,,,,
21270,11/13/21 21:15:00,30.016,,,,,
21271,11/13/21 21:30:00,29.890,,,,,
21272,11/13/21 21:45:00,29.765,,,,,
21273,11/13/21 22:00:00,29.665,,,,,
21274,11/13/21 22:15:00,29.565,,,,,
21275,11/13/21 22:30:00,29.464,,,,,
21276,11/13/21 22:45:00,29.365,,,,,
21277,11/13/21 23:00:00,29.265,,,,,
21278,11/13/21 23:15:00,29.190,,,,,
21279,11/13/21 23:30:00,29.115,,,,,
21280,11/13/21 23:45:00,29.015,,,,,
21281,11/14/21 00:00:00,28.941,,,,,
21282,11/14/21 00:15:00,28.866,,,,,
21283,11/14/21 00:30:00,28.791,,,,,
21284,11/14/21 00:45:00,28.717,,,,,
21285,11/14/21 01:00:00,28.642,,,,,
21286,11/14/21 01:15:00,28.568,,,,,
21287,11/14/21 01:30:00,28.493,,,,,
21288,11/14/21 01:45:00,28.419,,,,,
21289,11/14/21 02:00:00,28.369,,,,,
21290,11/14/21 02:15:00,28.295,,,,,
21291,11/14/21 02:30:00,28.221,,,,,
21292,11/14/21 02:45:00,28.171,,,,,
21293,11/14/21 03:00:00,28.097,,,,,
21294,11/14/21 03:15:00,28.023,,,,,
21295,11/14/21 03:30:00,27.974,,,,,
21296,11/14/21 03:45:00,27.924,,,,,
21297,11/14/21 04:00:00,27.875,,,,,
21298,11/14/21 04:15:00,27.801,,,,,
21299,11/14/21 04:30:00,27.751,,,,,
21300,11/14/21 04:45:00,27.677,,,,,
21301,11/14/21 05:00:00,27.628,,,,,
21302,11/14/21 05:15:00,27.604,,,,,
21303,11/14/21 05:30:00,27.554,,,,,
21304,11/14/21 05:45:00,27.505,,,,,
21305,11/14/21 06:00:00,27.456,,,,,
21306,11/14/21 06:15:00,27.382,,,,,
21307,11/14/21 06:30:00,27.333,,,,,
21308,11/14/21 06:45:00,27.284,,,,,
21309,11/14/21 07:00:00,27.259,,,,,
21310,11/14/21 07:15:00,27.235,,,,,
21311,11/14/21 07:30:00,27.210,,,,,
21312,11/14/21 07:45:00,27.210,,,,,
21313,11/14/21 08:00:00,27.235,,,,,
21314,11/14/21 08:15:00,27.284,,,,,
21315,11/14/21 08:30:00,27.333,,,,,
21316,11/14/21 08:45:00,27.431,,,,,
21317,11/14/21 09:00:00,27.456,,,,,
21318,11/14/21 09:15:00,27.407,,,,,
21319,11/14/21 09:30:00,27.530,,,,,
21320,11/14/21 09:45:00,27.702,,,,,
21321,11/14/21 10:00:00,27.850,,,,,
21322,11/14/21 10:15:00,28.023,,,,,
21323,11/14/21 10:30:00,28.221,,,,,
21324,11/14/21 10:45:00,28.444,,,,,
21325,11/14/21 11:00:00,28.593,,,,,
21326,11/14/21 11:15:00,28.742,,,,,
21327,11/14/21 11:30:00,28.916,,,,,
21328,11/14/21 11:45:00,29.115,,,,,
21329,11/14/21 12:00:00,29.365,,,,,
21330,11/14/21 12:15:00,29.640,,,,,
21331,11/14/21 12:30:00,29.890,,,,,
21332,11/14/21 12:45:00,30.192,,,,,
21333,11/14/21 13:00:00,30.495,,,,,
21334,11/14/21 13:15:00,30.849,,,,,
21335,11/14/21 13:30:00,31.204,,,,,
21336,11/14/21 13:45:00,31.689,,,,,
21337,11/14/21 14:00:00,33.001,,,,,
21338,11/14/21 14:15:00,34.308,,,,,
21339,11/14/21 14:30:00,34.889,,,,,
21340,11/14/21 14:45:00,35.075,,,,,
21341,11/14/21 15:00:00,35.395,,,,,
21342,11/14/21 15:15:00,35.448,,,,,
21343,11/14/21 15:30:00,35.395,,,,,
21344,11/14/21 15:45:00,35.315,,,,,
21345,11/14/21 16:00:00,35.235,,,,,
21346,11/14/21 16:15:00,35.262,,,,,
21347,11/14/21 16:30:00,35.128,,,,,
21348,11/14/21 16:45:00,34.942,,,,,
21349,11/14/21 17:00:00,34.677,,,,,
21350,11/14/21 17:15:00,34.466,,,,,
21351,11/14/21 17:30:00,34.176,,,,,
21352,11/14/21 17:45:00,33.861,,,,,
21353,11/14/21 18:00:00,33.548,,,,,
21354,11/14/21 18:15:00,33.235,,,,,
21355,11/14/21 18:30:00,32.975,,,,,
21356,11/14/21 18:45:00,32.717,,,,,
21357,11/14/21 19:00:00,32.484,,,,,
21358,11/14/21 19:15:00,32.227,,,,,
21359,11/14/21 19:30:00,31.996,,,,,
21360,11/14/21 19:45:00,31.791,,,,,
21361,11/14/21 20:00:00,31.612,,,,,
21362,11/14/21 20:15:00,31.433,,,,,
21363,11/14/21 20:30:00,31.255,,,,,
21364,11/14/21 20:45:00,31.077,,,,,
21365,11/14/21 21:00:00,30.925,,,,,
21366,11/14/21 21:15:00,30.773,,,,,
21367,11/14/21 21:30:00,30.621,,,,,
21368,11/14/21 21:45:00,30.495,,,,,
21369,11/14/21 22:00:00,30.369,,,,,
21370,11/14/21 22:15:00,30.268,,,,,
21371,11/14/21 22:30:00,30.142,,,,,
21372,11/14/21 22:45:00,30.041,,,,,
21373,11/14/21 23:00:00,29.966,,,,,
21374,11/14/21 23:15:00,29.865,,,,,
21375,11/14/21 23:30:00,29.765,,,,,
21376,11/14/21 23:45:00,29.690,,,,,
21377,11/15/21 00:00:00,29.590,,,,,
21378,11/15/21 00:15:00,29.515,,,,,
21379,11/15/21 00:30:00,29.414,,,,,
21380,11/15/21 00:45:00,29.315,,,,,
21381,11/15/21 01:00:00,29.240,,,,,
21382,11/15/21 01:15:00,29.140,,,,,
21383,11/15/21 01:30:00,29.065,,,,,
21384,11/15/21 01:45:00,28.990,,,,,
21385,11/15/21 02:00:00,28.916,,,,,
21386,11/15/21 02:15:00,28.816,,,,,
21387,11/15/21 02:30:00,28.742,,,,,
21388,11/15/21 02:45:00,28.667,,,,,
21389,11/15/21 03:00:00,28.617,,,,,
21390,11/15/21 03:15:00,28.543,,,,,
21391,11/15/21 03:30:00,28.493,,,,,
21392,11/15/21 03:45:00,28.444,,,,,
21393,11/15/21 04:00:00,28.394,,,,,
21394,11/15/21 04:15:00,28.345,,,,,
21395,11/15/21 04:30:00,28.270,,,,,
21396,11/15/21 04:45:00,28.147,,,,,
21397,11/15/21 05:00:00,28.048,,,,,
21398,11/15/21 05:15:00,27.974,,,,,
21399,11/15/21 05:30:00,27.899,,,,,
21400,11/15/21 05:45:00,27.825,,,,,
21401,11/15/21 06:00:00,27.751,,,,,
21402,11/15/21 06:15:00,27.677,,,,,
21403,11/15/21 06:30:00,27.604,,,,,
21404,11/15/21 06:45:00,27.579,,,,,
21405,11/15/21 07:00:00,27.530,,,,,
21406,11/15/21 07:15:00,27.530,,,,,
21407,11/15/21 07:30:00,27.505,,,,,
21408,11/15/21 07:45:00,27.505,,,,,
21409,11/15/21 08:00:00,27.530,,,,,
21410,11/15/21 08:15:00,27.554,,,,,
21411,11/15/21 08:30:00,27.604,,,,,
21412,11/15/21 08:45:00,27.677,,,,,
21413,11/15/21 09:00:00,27.751,,,,,
21414,11/15/21 09:15:00,27.825,,,,,
21415,11/15/21 09:30:00,27.998,,,,,
21416,11/15/21 09:45:00,28.171,,,,,
21417,11/15/21 10:00:00,28.295,,,,,
21418,11/15/21 10:15:00,28.444,,,,,
21419,11/15/21 10:30:00,28.617,,,,,
21420,11/15/21 10:45:00,28.841,,,,,
21421,11/15/21 11:00:00,29.015,,,,,
21422,11/15/21 11:15:00,29.240,,,,,
21423,11/15/21 11:30:00,29.464,,,,,
21424,11/15/21 11:45:00,29.690,,,,,
21425,11/15/21 12:00:00,29.916,,,,,
21426,11/15/21 12:15:00,30.142,,,,,
21427,11/15/21 12:30:00,30.369,,,,,
21428,11/15/21 12:45:00,30.621,,,,,
21429,11/15/21 13:00:00,30.900,,,,,
21430,11/15/21 13:15:00,31.179,,,,,
21431,11/15/21 13:30:00,31.433,,,,,
21432,11/15/21 13:45:00,31.637,,,,,
21433,11/15/21 14:00:00,31.765,,,,,
21434,11/15/21 14:15:00,33.105,,,,,
21435,11/15/21 14:30:00,33.235,,,,,
21436,11/15/21 14:45:00,33.183,,,,,
21437,11/15/21 15:00:00,33.183,,,,,
21438,11/15/21 15:15:00,33.183,,,,,
21439,11/15/21 15:30:00,33.261,,,,,
21440,11/15/21 15:45:00,33.261,,,,,
21441,11/15/21 16:00:00,33.235,,,,,
21442,11/15/21 16:15:00,33.157,,,,,
21443,11/15/21 16:30:00,33.053,,,,,
21444,11/15/21 16:45:00,32.924,,,,,
21445,11/15/21 17:00:00,32.717,,,,,
21446,11/15/21 17:15:00,32.458,,,,,
21447,11/15/21 17:30:00,32.458,,,,,
21448,11/15/21 17:45:00,29.439,,,,,
21449,11/15/21 18:00:00,29.215,,,,,
21450,11/15/21 18:15:00,23.352,,,,,
21451,11/15/21 18:30:00,20.317,,,,,
21452,11/15/21 18:45:00,19.365,,,,,
21453,11/15/21 19:00:00,19.032,,,,,
21454,11/15/21 19:15:00,18.842,,,,,
21455,11/15/21 19:30:00,18.675,,,,,
21456,11/15/21 19:45:00,18.580,,,,,
21457,11/15/21 20:00:00,18.557,,,,,
21458,11/15/21 20:15:00,18.580,,,,,
21459,11/15/21 20:30:00,18.533,,,,,
21460,11/15/21 20:45:00,18.509,,,,,
21461,11/15/21 21:00:00,18.485,,,,,
21462,11/15/21 21:15:00,19.532,,,,,
21463,11/15/21 21:30:00,20.746,,,,,
21464,11/15/21 21:45:00,20.627,,,,,
21465,11/15/21 22:00:00,20.579,,,,,
21466,11/15/21 22:15:00,20.555,,,,,
21467,11/15/21 22:30:00,20.531,,,,,
21468,11/15/21 22:45:00,20.484,,,,,
21469,11/15/21 23:00:00,20.436,,,,,
21470,11/15/21 23:15:00,20.412,,,,,
21471,11/15/21 23:30:00,20.365,,,,,
21472,11/15/21 23:45:00,20.341,,,,,
21473,11/16/21 00:00:00,20.293,,,,,
21474,11/16/21 00:15:00,20.269,,,,,
21475,11/16/21 00:30:00,20.222,,,,,
21476,11/16/21 00:45:00,20.198,,,,,
21477,11/16/21 01:00:00,20.174,,,,,
21478,11/16/21 01:15:00,20.150,,,,,
21479,11/16/21 01:30:00,20.126,,,,,
21480,11/16/21 01:45:00,20.103,,,,,
21481,11/16/21 02:00:00,20.079,,,,,
21482,11/16/21 02:15:00,20.055,,,,,
21483,11/16/21 02:30:00,20.031,,,,,
21484,11/16/21 02:45:00,20.007,,,,,
21485,11/16/21 03:00:00,19.984,,,,,
21486,11/16/21 03:15:00,19.960,,,,,
21487,11/16/21 03:30:00,19.936,,,,,
21488,11/16/21 03:45:00,19.912,,,,,
21489,11/16/21 04:00:00,19.888,,,,,
21490,11/16/21 04:15:00,19.888,,,,,
21491,11/16/21 04:30:00,19.865,,,,,
21492,11/16/21 04:45:00,19.841,,,,,
21493,11/16/21 05:00:00,19.841,,,,,
21494,11/16/21 05:15:00,19.817,,,,,
21495,11/16/21 05:30:00,19.817,,,,,
21496,11/16/21 05:45:00,19.793,,,,,
21497,11/16/21 06:00:00,19.770,,,,,
21498,11/16/21 06:15:00,19.770,,,,,
21499,11/16/21 06:30:00,19.865,,,,,
21500,11/16/21 06:45:00,20.174,,,,,
21501,11/16/21 07:00:00,20.150,,,,,
21502,11/16/21 07:15:00,20.150,,,,,
21503,11/16/21 07:30:00,20.150,,,,,
21504,11/16/21 07:45:00,20.507,,,,,
21505,11/16/21 08:00:00,20.674,,,,,
21506,11/16/21 08:15:00,20.555,,,,,
21507,11/16/21 08:30:00,20.531,,,,,
21508,11/16/21 08:45:00,20.960,,,,,
21509,11/16/21 09:00:00,21.437,,,,,
21510,11/16/21 09:15:00,21.867,,,,,
21511,11/16/21 09:30:00,22.226,,,,,
21512,11/16/21 09:45:00,22.537,,,,,
21513,11/16/21 10:00:00,22.824,,,,,
21514,11/16/21 10:15:00,23.064,,,,,
21515,11/16/21 10:30:00,23.280,,,,,
21516,11/16/21 10:45:00,23.497,,,,,
21517,11/16/21 11:00:00,23.665,,,,,
21518,11/16/21 11:15:00,23.833,,,,,
21519,11/16/21 11:30:00,23.978,,,,,
21520,11/16/21 11:45:00,24.098,,,,,
21521,11/16/21 12:00:00,24.243,,,,,
21522,11/16/21 12:15:00,24.363,,,,,
21523,11/16/21 12:30:00,24.484,,,,,
21524,11/16/21 12:45:00,24.605,,,,,
21525,11/16/21 13:00:00,24.726,,,,,
21526,11/16/21 13:15:00,24.847,,,,,
21527,11/16/21 13:30:00,24.944,,,,,
21528,11/16/21 13:45:00,25.065,,,,,
21529,11/16/21 14:00:00,25.162,,,,,
21530,11/16/21 14:15:00,25.258,,,,,
21531,11/16/21 14:30:00,25.331,,,,,
21532,11/16/21 14:45:00,25.428,,,,,
21533,11/16/21 15:00:00,25.501,,,,,
21534,11/16/21 15:15:00,25.574,,,,,
21535,11/16/21 15:30:00,25.647,,,,,
21536,11/16/21 15:45:00,25.720,,,,,
21537,11/16/21 16:00:00,25.793,,,,,
21538,11/16/21 16:15:00,25.866,,,,,
21539,11/16/21 16:30:00,25.914,,,,,
21540,11/16/21 16:45:00,25.963,,,,,
21541,11/16/21 17:00:00,26.012,,,,,
21542,11/16/21 17:15:00,26.061,,,,,
21543,11/16/21 17:30:00,26.061,,,,,
21544,11/16/21 17:45:00,25.987,,,,,
21545,11/16/21 18:00:00,25.914,,,,,
21546,11/16/21 18:15:00,25.866,,,,,
21547,11/16/21 18:30:00,25.866,,,,,
21548,11/16/21 18:45:00,25.841,,,,,
21549,11/16/21 19:00:00,25.841,,,,,
21550,11/16/21 19:15:00,25.841,,,,,
21551,11/16/21 19:30:00,25.817,,,,,
21552,11/16/21 19:45:00,25.817,,,,,
21553,11/16/21 20:00:00,25.793,,,,,
21554,11/16/21 20:15:00,25.768,,,,,
21555,11/16/21 20:30:00,25.768,,,,,
21556,11/16/21 20:45:00,25.744,,,,,
21557,11/16/21 21:00:00,25.720,,,,,
21558,11/16/21 21:15:00,25.695,,,,,
21559,11/16/21 21:30:00,25.671,,,,,
21560,11/16/21 21:45:00,25.647,,,,,
21561,11/16/21 22:00:00,25.623,,,,,
21562,11/16/21 22:15:00,25.598,,,,,
21563,11/16/21 22:30:00,25.574,,,,,
21564,11/16/21 22:45:00,25.574,,,,,
21565,11/16/21 23:00:00,25.574,,,,,
21566,11/16/21 23:15:00,25.574,,,,,
21567,11/16/21 23:30:00,25.574,,,,,
21568,11/16/21 23:45:00,25.598,,,,,
21569,11/17/21 00:00:00,25.598,,,,,
21570,11/17/21 00:15:00,25.598,,,,,
21571,11/17/21 00:30:00,25.598,,,,,
21572,11/17/21 00:45:00,25.598,,,,,
21573,11/17/21 01:00:00,25.598,,,,,
21574,11/17/21 01:15:00,25.598,,,,,
21575,11/17/21 01:30:00,25.623,,,,,
21576,11/17/21 01:45:00,25.623,,,,,
21577,11/17/21 02:00:00,25.647,,,,,
21578,11/17/21 02:15:00,25.671,,,,,
21579,11/17/21 02:30:00,25.671,,,,,
21580,11/17/21 02:45:00,25.671,,,,,
21581,11/17/21 03:00:00,25.695,,,,,
21582,11/17/21 03:15:00,25.695,,,,,
21583,11/17/21 03:30:00,25.695,,,,,
21584,11/17/21 03:45:00,25.695,,,,,
21585,11/17/21 04:00:00,25.695,,,,,
21586,11/17/21 04:15:00,25.671,,,,,
21587,11/17/21 04:30:00,25.671,,,,,
21588,11/17/21 04:45:00,25.623,,,,,
21589,11/17/21 05:00:00,25.598,,,,,
21590,11/17/21 05:15:00,25.550,,,,,
21591,11/17/21 05:30:00,25.525,,,,,
21592,11/17/21 05:45:00,25.501,,,,,
21593,11/17/21 06:00:00,25.501,,,,,
21594,11/17/21 06:15:00,25.477,,,,,
21595,11/17/21 06:30:00,25.453,,,,,
21596,11/17/21 06:45:00,25.428,,,,,
21597,11/17/21 07:00:00,25.428,,,,,
21598,11/17/21 07:15:00,25.404,,,,,
21599,11/17/21 07:30:00,25.428,,,,,
21600,11/17/21 07:45:00,25.428,,,,,
21601,11/17/21 08:00:00,25.525,,,,,
21602,11/17/21 08:15:00,25.598,,,,,
21603,11/17/21 08:30:00,25.695,,,,,
21604,11/17/21 08:45:00,25.841,,,,,
21605,11/17/21 09:00:00,25.987,,,,,
21606,11/17/21 09:15:00,26.182,,,,,
21607,11/17/21 09:30:00,26.402,,,,,
21608,11/17/21 09:45:00,26.622,,,,,
21609,11/17/21 10:00:00,26.867,,,,,
21610,11/17/21 10:15:00,27.087,,,,,
21611,11/17/21 10:30:00,27.333,,,,,
21612,11/17/21 10:45:00,27.579,,,,,
21613,11/17/21 11:00:00,27.801,,,,,
21614,11/17/21 11:15:00,28.023,,,,,
21615,11/17/21 11:30:00,28.221,,,,,
21616,11/17/21 11:45:00,28.369,,,,,
21617,11/17/21 12:00:00,28.543,,,,,
21618,11/17/21 12:15:00,28.692,,,,,
21619,11/17/21 12:30:00,28.866,,,,,
21620,11/17/21 12:45:00,29.015,,,,,
21621,11/17/21 13:00:00,29.190,,,,,
21622,11/17/21 13:15:00,29.640,,,,,
21623,11/17/21 13:30:00,29.040,,,,,
21624,11/17/21 13:45:00,27.136,,,,,
21625,11/17/21 14:00:00,26.134,,,,,
21626,11/17/21 14:15:00,25.258,,,,,
21627,11/17/21 14:30:00,24.605,,,,,
21628,11/17/21 14:45:00,24.122,,,,,
21629,11/17/21 15:00:00,23.785,,,,,
21630,11/17/21 15:15:00,23.521,,,,,
21631,11/17/21 15:30:00,23.280,,,,,
21632,11/17/21 15:45:00,23.088,,,,,
21633,11/17/21 16:00:00,22.920,,,,,
21634,11/17/21 16:15:00,22.824,,,,,
21635,11/17/21 16:30:00,22.681,,,,,
21636,11/17/21 16:45:00,22.609,,,,,
21637,11/17/21 17:00:00,22.537,,,,,
21638,11/17/21 17:15:00,22.465,,,,,
21639,11/17/21 17:30:00,22.417,,,,,
21640,11/17/21 17:45:00,22.369,,,,,
21641,11/17/21 18:00:00,22.345,,,,,
21642,11/17/21 18:15:00,22.321,,,,,
21643,11/17/21 18:30:00,22.298,,,,,
21644,11/17/21 18:45:00,22.298,,,,,
21645,11/17/21 19:00:00,22.298,,,,,
21646,11/17/21 19:15:00,22.274,,,,,
21647,11/17/21 19:30:00,22.250,,,,,
21648,11/17/21 19:45:00,22.226,,,,,
21649,11/17/21 20:00:00,22.202,,,,,
21650,11/17/21 20:15:00,22.202,,,,,
21651,11/17/21 20:30:00,22.202,,,,,
21652,11/17/21 20:45:00,22.202,,,,,
21653,11/17/21 21:00:00,22.226,,,,,
21654,11/17/21 21:15:00,22.226,,,,,
21655,11/17/21 21:30:00,22.202,,,,,
21656,11/17/21 21:45:00,22.202,,,,,
21657,11/17/21 22:00:00,22.178,,,,,
21658,11/17/21 22:15:00,22.178,,,,,
21659,11/17/21 22:30:00,22.202,,,,,
21660,11/17/21 22:45:00,22.226,,,,,
21661,11/17/21 23:00:00,22.250,,,,,
21662,11/17/21 23:15:00,22.298,,,,,
21663,11/17/21 23:30:00,22.393,,,,,
21664,11/17/21 23:45:00,22.489,,,,,
21665,11/18/21 00:00:00,22.609,,,,,
21666,11/18/21 00:15:00,22.729,,,,,
21667,11/18/21 00:30:00,22.848,,,,,
21668,11/18/21 00:45:00,22.968,,,,,
21669,11/18/21 01:00:00,23.088,,,,,
21670,11/18/21 01:15:00,23.208,,,,,
21671,11/18/21 01:30:00,23.352,,,,,
21672,11/18/21 01:45:00,23.472,,,,,
21673,11/18/21 02:00:00,23.569,,,,,
21674,11/18/21 02:15:00,23.665,,,,,
21675,11/18/21 02:30:00,23.761,,,,,
21676,11/18/21 02:45:00,23.833,,,,,
21677,11/18/21 03:00:00,23.930,,,,,
21678,11/18/21 03:15:00,24.002,,,,,
21679,11/18/21 03:30:00,24.098,,,,,
21680,11/18/21 03:45:00,24.171,,,,,
21681,11/18/21 04:00:00,24.243,,,,,
21682,11/18/21 04:15:00,24.315,,,,,
21683,11/18/21 04:30:00,24.363,,,,,
21684,11/18/21 04:45:00,24.412,,,,,
21685,11/18/21 05:00:00,24.484,,,,,
21686,11/18/21 05:15:00,24.557,,,,,
21687,11/18/21 05:30:00,24.605,,,,,
21688,11/18/21 05:45:00,24.653,,,,,
21689,11/18/21 06:00:00,24.702,,,,,
21690,11/18/21 06:15:00,24.750,,,,,
21691,11/18/21 06:30:00,24.798,,,,,
21692,11/18/21 06:45:00,24.774,,,,,
21693,11/18/21 07:00:00,24.774,,,,,
21694,11/18/21 07:15:00,24.532,,,,,
21695,11/18/21 07:30:00,24.146,,,,,
21696,11/18/21 07:45:00,23.833,,,,,
21697,11/18/21 08:00:00,23.569,,,,,
21698,11/18/21 08:15:00,23.400,,,,,
21699,11/18/21 08:30:00,23.256,,,,,
21700,11/18/21 08:45:00,23.208,,,,,
21701,11/18/21 09:00:00,23.256,,,,,
21702,11/18/21 09:15:00,23.280,,,,,
21703,11/18/21 09:30:00,23.376,,,,,
21704,11/18/21 09:45:00,23.521,,,,,
21705,11/18/21 10:00:00,23.617,,,,,
21706,11/18/21 10:15:00,23.689,,,,,
21707,11/18/21 10:30:00,23.665,,,,,
21708,11/18/21 10:45:00,23.689,,,,,
21709,11/18/21 11:00:00,23.737,,,,,
21710,11/18/21 11:15:00,23.737,,,,,
21711,11/18/21 11:30:00,23.689,,,,,
21712,11/18/21 11:45:00,23.665,,,,,
21713,11/18/21 12:00:00,23.617,,,,,
21714,11/18/21 12:15:00,23.569,,,,,
21715,11/18/21 12:30:00,23.569,,,,,
21716,11/18/21 12:45:00,23.593,,,,,
21717,11/18/21 13:00:00,23.569,,,,,
21718,11/18/21 13:15:00,23.593,,,,,
21719,11/18/21 13:30:00,23.593,,,,,
21720,11/18/21 13:45:00,23.569,,,,,
21721,11/18/21 14:00:00,23.545,,,,,
21722,11/18/21 14:15:00,23.545,,,,,
21723,11/18/21 14:30:00,23.497,,,,,
21724,11/18/21 14:45:00,23.472,,,,,
21725,11/18/21 15:00:00,23.352,,,,,
21726,11/18/21 15:15:00,23.280,,,,,
21727,11/18/21 15:30:00,23.256,,,,,
21728,11/18/21 15:45:00,23.304,,,,,
21729,11/18/21 16:00:00,23.304,,,,,
21730,11/18/21 16:15:00,23.328,,,,,
21731,11/18/21 16:30:00,23.328,,,,,
21732,11/18/21 16:45:00,23.280,,,,,
21733,11/18/21 17:00:00,23.256,,,,,
21734,11/18/21 17:15:00,23.208,,,,,
21735,11/18/21 17:30:00,23.184,,,,,
21736,11/18/21 17:45:00,23.184,,,,,
21737,11/18/21 18:00:00,23.184,,,,,
21738,11/18/21 18:15:00,23.184,,,,,
21739,11/18/21 18:30:00,23.208,,,,,
21740,11/18/21 18:45:00,23.208,,,,,
21741,11/18/21 19:00:00,23.232,,,,,
21742,11/18/21 19:15:00,23.256,,,,,
21743,11/18/21 19:30:00,23.256,,,,,
21744,11/18/21 19:45:00,23.280,,,,,
21745,11/18/21 20:00:00,23.280,,,,,
21746,11/18/21 20:15:00,23.280,,,,,
21747,11/18/21 20:30:00,23.280,,,,,
21748,11/18/21 20:45:00,23.280,,,,,
21749,11/18/21 21:00:00,23.280,,,,,
21750,11/18/21 21:15:00,23.280,,,,,
21751,11/18/21 21:30:00,23.280,,,,,
21752,11/18/21 21:45:00,23.280,,,,,
21753,11/18/21 22:00:00,23.280,,,,,
21754,11/18/21 22:15:00,23.304,,,,,
21755,11/18/21 22:30:00,23.304,,,,,
21756,11/18/21 22:45:00,23.280,,,,,
21757,11/18/21 23:00:00,23.256,,,,,
21758,11/18/21 23:15:00,23.280,,,,,
21759,11/18/21 23:30:00,23.352,,,,,
21760,11/18/21 23:45:00,23.424,,,,,
21761,11/19/21 00:00:00,23.521,,,,,
21762,11/19/21 00:15:00,23.593,,,,,
21763,11/19/21 00:30:00,23.665,,,,,
21764,11/19/21 00:45:00,23.737,,,,,
21765,11/19/21 01:00:00,23.809,,,,,
21766,11/19/21 01:15:00,23.881,,,,,
21767,11/19/21 01:30:00,23.930,,,,,
21768,11/19/21 01:45:00,23.978,,,,,
21769,11/19/21 02:00:00,24.026,,,,,
21770,11/19/21 02:15:00,24.074,,,,,
21771,11/19/21 02:30:00,24.122,,,,,
21772,11/19/21 02:45:00,24.146,,,,,
21773,11/19/21 03:00:00,24.195,,,,,
21774,11/19/21 03:15:00,24.243,,,,,
21775,11/19/21 03:30:00,24.291,,,,,
21776,11/19/21 03:45:00,24.315,,,,,
21777,11/19/21 04:00:00,24.339,,,,,
21778,11/19/21 04:15:00,24.363,,,,,
21779,11/19/21 04:30:00,24.388,,,,,
21780,11/19/21 04:45:00,24.436,,,,,
21781,11/19/21 05:00:00,24.460,,,,,
21782,11/19/21 05:15:00,24.460,,,,,
21783,11/19/21 05:30:00,24.484,,,,,
21784,11/19/21 05:45:00,24.508,,,,,
21785,11/19/21 06:00:00,24.532,,,,,
21786,11/19/21 06:15:00,24.557,,,,,
21787,11/19/21 06:30:00,24.557,,,,,
21788,11/19/21 06:45:00,24.532,,,,,
21789,11/19/21 07:00:00,24.532,,,,,
21790,11/19/21 07:15:00,24.363,,,,,
21791,11/19/21 07:30:00,24.098,,,,,
21792,11/19/21 07:45:00,23.905,,,,,
21793,11/19/21 08:00:00,23.809,,,,,
21794,11/19/21 08:15:00,23.785,,,,,
21795,11/19/21 08:30:00,23.785,,,,,
21796,11/19/21 08:45:00,23.809,,,,,
21797,11/19/21 09:00:00,23.857,,,,,
21798,11/19/21 09:15:00,23.905,,,,,
21799,11/19/21 09:30:00,23.978,,,,,
21800,11/19/21 09:45:00,24.050,,,,,
21801,11/19/21 10:00:00,24.098,,,,,
21802,11/19/21 10:15:00,24.146,,,,,
21803,11/19/21 10:30:00,24.195,,,,,
21804,11/19/21 10:45:00,24.219,,,,,
21805,11/19/21 11:00:00,24.267,,,,,
21806,11/19/21 11:15:00,24.243,,,,,
21807,11/19/21 11:30:00,24.219,,,,,
21808,11/19/21 11:45:00,24.243,,,,,
21809,11/19/21 12:00:00,24.243,,,,,
21810,11/19/21 12:15:00,24.243,,,,,
21811,11/19/21 12:30:00,24.243,,,,,
21812,11/19/21 12:45:00,24.315,,,,,
21813,11/19/21 13:00:00,24.436,,,,,
21814,11/19/21 13:15:00,24.532,,,,,
21815,11/19/21 13:30:00,24.557,,,,,
21816,11/19/21 13:45:00,24.581,,,,,
21817,11/19/21 14:00:00,24.581,,,,,
21818,11/19/21 14:15:00,24.508,,,,,
21819,11/19/21 14:30:00,24.412,,,,,
21820,11/19/21 14:45:00,24.315,,,,,
21821,11/19/21 15:00:00,24.171,,,,,
21822,11/19/21 15:15:00,24.002,,,,,
21823,11/19/21 15:30:00,23.857,,,,,
21824,11/19/21 15:45:00,23.761,,,,,
21825,11/19/21 16:00:00,23.665,,,,,
21826,11/19/21 16:15:00,23.569,,,,,
21827,11/19/21 16:30:00,23.472,,,,,
21828,11/19/21 16:45:00,23.400,,,,,
21829,11/19/21 17:00:00,23.304,,,,,
21830,11/19/21 17:15:00,23.184,,,,,
21831,11/19/21 17:30:00,23.064,,,,,
21832,11/19/21 17:45:00,22.824,,,,,
21833,11/19/21 18:00:00,22.585,,,,,
21834,11/19/21 18:15:00,22.321,,,,,
21835,11/19/21 18:30:00,22.082,,,,,
21836,11/19/21 18:45:00,21.867,,,,,
21837,11/19/21 19:00:00,21.652,,,,,
21838,11/19/21 19:15:00,21.437,,,,,
21839,11/19/21 19:30:00,21.294,,,,,
21840,11/19/21 19:45:00,21.223,,,,,
21841,11/19/21 20:00:00,21.151,,,,,
21842,11/19/21 20:15:00,21.103,,,,,
21843,11/19/21 20:30:00,21.079,,,,,
21844,11/19/21 20:45:00,21.079,,,,,
21845,11/19/21 21:00:00,21.103,,,,,
21846,11/19/21 21:15:00,21.175,,,,,
21847,11/19/21 21:30:00,21.175,,,,,
21848,11/19/21 21:45:00,21.151,,,,,
21849,11/19/21 22:00:00,21.103,,,,,
21850,11/19/21 22:15:00,21.103,,,,,
21851,11/19/21 22:30:00,21.079,,,,,
21852,11/19/21 22:45:00,21.079,,,,,
21853,11/19/21 23:00:00,21.079,,,,,
21854,11/19/21 23:15:00,21.079,,,,,
21855,11/19/21 23:30:00,21.079,,,,,
21856,11/19/21 23:45:00,21.079,,,,,
21857,11/20/21 00:00:00,21.103,,,,,
21858,11/20/21 00:15:00,21.079,,,,,
21859,11/20/21 00:30:00,21.079,,,,,
21860,11/20/21 00:45:00,21.056,,,,,
21861,11/20/21 01:00:00,21.056,,,,,
21862,11/20/21 01:15:00,21.127,,,,,
21863,11/20/21 01:30:00,21.294,,,,,
21864,11/20/21 01:45:00,21.437,,,,,
21865,11/20/21 02:00:00,21.581,,,,,
21866,11/20/21 02:15:00,21.700,,,,,
21867,11/20/21 02:30:00,21.819,,,,,
21868,11/20/21 02:45:00,21.939,,,,,
21869,11/20/21 03:00:00,22.011,,,,,
21870,11/20/21 03:15:00,22.106,,,,,
21871,11/20/21 03:30:00,22.178,,,,,
21872,11/20/21 03:45:00,22.226,,,,,
21873,11/20/21 04:00:00,22.298,,,,,
21874,11/20/21 04:15:00,22.369,,,,,
21875,11/20/21 04:30:00,22.417,,,,,
21876,11/20/21 04:45:00,22.465,,,,,
21877,11/20/21 05:00:00,22.489,,,,,
21878,11/20/21 05:15:00,22.537,,,,,
21879,11/20/21 05:30:00,22.561,,,,,
21880,11/20/21 05:45:00,22.609,,,,,
21881,11/20/21 06:00:00,22.633,,,,,
21882,11/20/21 06:15:00,22.657,,,,,
21883,11/20/21 06:30:00,22.681,,,,,
21884,11/20/21 06:45:00,22.657,,,,,
21885,11/20/21 07:00:00,22.705,,,,,
21886,11/20/21 07:15:00,22.681,,,,,
21887,11/20/21 07:30:00,22.609,,,,,
21888,11/20/21 07:45:00,22.609,,,,,
21889,11/20/21 08:00:00,22.681,,,,,
21890,11/20/21 08:15:00,22.633,,,,,
21891,11/20/21 08:30:00,22.585,,,,,
21892,11/20/21 08:45:00,22.681,,,,,
21893,11/20/21 09:00:00,22.776,,,,,
21894,11/20/21 09:15:00,22.920,,,,,
21895,11/20/21 09:30:00,22.968,,,,,
21896,11/20/21 09:45:00,23.064,,,,,
21897,11/20/21 10:00:00,23.160,,,,,
21898,11/20/21 10:15:00,23.184,,,,,
21899,11/20/21 10:30:00,23.232,,,,,
21900,11/20/21 10:45:00,23.304,,,,,
21901,11/20/21 11:00:00,23.352,,,,,
21902,11/20/21 11:15:00,23.376,,,,,
21903,11/20/21 11:30:00,23.400,,,,,
21904,11/20/21 11:45:00,23.400,,,,,
21905,11/20/21 12:00:00,23.400,,,,,
21906,11/20/21 12:15:00,23.424,,,,,
21907,11/20/21 12:30:00,23.400,,,,,
21908,11/20/21 12:45:00,23.400,,,,,
21909,11/20/21 13:00:00,23.376,,,,,
21910,11/20/21 13:15:00,23.304,,,,,
21911,11/20/21 13:30:00,23.304,,,,,
21912,11/20/21 13:45:00,23.424,,,,,
21913,11/20/21 14:00:00,23.280,,,,,
21914,11/20/21 14:15:00,23.208,,,,,
21915,11/20/21 14:30:00,23.040,,,,,
21916,11/20/21 14:45:00,22.848,,,,,
21917,11/20/21 15:00:00,22.705,,,,,
21918,11/20/21 15:15:00,22.561,,,,,
21919,11/20/21 15:30:00,22.441,,,,,
21920,11/20/21 15:45:00,22.321,,,,,
21921,11/20/21 16:00:00,22.178,,,,,
21922,11/20/21 16:15:00,22.058,,,,,
21923,11/20/21 16:30:00,21.963,,,,,
21924,11/20/21 16:45:00,21.915,,,,,
21925,11/20/21 17:00:00,21.891,,,,,
21926,11/20/21 17:15:00,21.843,,,,,
21927,11/20/21 17:30:00,21.795,,,,,
21928,11/20/21 17:45:00,21.748,,,,,
21929,11/20/21 18:00:00,21.652,,,,,
21930,11/20/21 18:15:00,21.533,,,,,
21931,11/20/21 18:30:00,21.437,,,,,
21932,11/20/21 18:45:00,21.390,,,,,
21933,11/20/21 19:00:00,21.366,,,,,
21934,11/20/21 19:15:00,21.342,,,,,
21935,11/20/21 19:30:00,21.318,,,,,
21936,11/20/21 19:45:00,21.294,,,,,
21937,11/20/21 20:00:00,21.270,,,,,
21938,11/20/21 20:15:00,21.270,,,,,
21939,11/20/21 20:30:00,21.270,,,,,
21940,11/20/21 20:45:00,21.294,,,,,
21941,11/20/21 21:00:00,21.294,,,,,
21942,11/20/21 21:15:00,21.294,,,,,
21943,11/20/21 21:30:00,21.270,,,,,
21944,11/20/21 21:45:00,21.246,,,,,
21945,11/20/21 22:00:00,21.223,,,,,
21946,11/20/21 22:15:00,21.223,,,,,
21947,11/20/21 22:30:00,21.199,,,,,
21948,11/20/21 22:45:00,21.199,,,,,
21949,11/20/21 23:00:00,21.175,,,,,
21950,11/20/21 23:15:00,21.151,,,,,
21951,11/20/21 23:30:00,21.151,,,,,
21952,11/20/21 23:45:00,21.151,,,,,
21953,11/21/21 00:00:00,21.151,,,,,
21954,11/21/21 00:15:00,21.151,,,,,
21955,11/21/21 00:30:00,21.151,,,,,
21956,11/21/21 00:45:00,21.151,,,,,
21957,11/21/21 01:00:00,21.151,,,,,
21958,11/21/21 01:15:00,21.246,,,,,
21959,11/21/21 01:30:00,21.366,,,,,
21960,11/21/21 01:45:00,21.485,,,,,
21961,11/21/21 02:00:00,21.628,,,,,
21962,11/21/21 02:15:00,21.724,,,,,
21963,11/21/21 02:30:00,21.843,,,,,
21964,11/21/21 02:45:00,21.915,,,,,
21965,11/21/21 03:00:00,22.011,,,,,
21966,11/21/21 03:15:00,22.106,,,,,
21967,11/21/21 03:30:00,22.178,,,,,
21968,11/21/21 03:45:00,22.250,,,,,
21969,11/21/21 04:00:00,22.345,,,,,
21970,11/21/21 04:15:00,22.417,,,,,
21971,11/21/21 04:30:00,22.489,,,,,
21972,11/21/21 04:45:00,22.561,,,,,
21973,11/21/21 05:00:00,22.633,,,,,
21974,11/21/21 05:15:00,22.705,,,,,
21975,11/21/21 05:30:00,22.776,,,,,
21976,11/21/21 05:45:00,22.848,,,,,
21977,11/21/21 06:00:00,22.920,,,,,
21978,11/21/21 06:15:00,23.016,,,,,
21979,11/21/21 06:30:00,23.088,,,,,
21980,11/21/21 06:45:00,23.016,,,,,
21981,11/21/21 07:00:00,23.040,,,,,
21982,11/21/21 07:15:00,22.920,,,,,
21983,11/21/21 07:30:00,22.633,,,,,
21984,11/21/21 07:45:00,22.441,,,,,
21985,11/21/21 08:00:00,22.321,,,,,
21986,11/21/21 08:15:00,22.106,,,,,
21987,11/21/21 08:30:00,21.891,,,,,
21988,11/21/21 08:45:00,21.700,,,,,
21989,11/21/21 09:00:00,21.628,,,,,
21990,11/21/21 09:15:00,21.652,,,,,
21991,11/21/21 09:30:00,21.748,,,,,
21992,11/21/21 09:45:00,21.891,,,,,
21993,11/21/21 10:00:00,21.963,,,,,
21994,11/21/21 10:15:00,22.011,,,,,
21995,11/21/21 10:30:00,22.058,,,,,
21996,11/21/21 10:45:00,22.034,,,,,
21997,11/21/21 11:00:00,22.058,,,,,
21998,11/21/21 11:15:00,22.154,,,,,
21999,11/21/21 11:30:00,22.226,,,,,
22000,11/21/21 11:45:00,22.250,,,,,
22001,11/21/21 12:00:00,22.250,,,,,
22002,11/21/21 12:15:00,22.226,,,,,
22003,11/21/21 12:30:00,22.202,,,,,
22004,11/21/21 12:45:00,22.202,,,,,
22005,11/21/21 13:00:00,22.154,,,,,
22006,11/21/21 13:15:00,22.130,,,,,
22007,11/21/21 13:30:00,22.130,,,,,
22008,11/21/21 13:45:00,22.106,,,,,
22009,11/21/21 14:00:00,22.106,,,,,
22010,11/21/21 14:15:00,22.106,,,,,
22011,11/21/21 14:30:00,22.130,,,,,
22012,11/21/21 14:45:00,22.154,,,,,
22013,11/21/21 15:00:00,22.226,,,,,
22014,11/21/21 15:15:00,22.321,,,,,
22015,11/21/21 15:30:00,22.417,,,,,
22016,11/21/21 15:45:00,22.441,,,,,
22017,11/21/21 16:00:00,22.393,,,,,
22018,11/21/21 16:15:00,22.321,,,,,
22019,11/21/21 16:30:00,22.202,,,,,
22020,11/21/21 16:45:00,22.058,,,,,
22021,11/21/21 17:00:00,21.939,,,,,
22022,11/21/21 17:15:00,21.795,,,,,
22023,11/21/21 17:30:00,21.628,,,,,
22024,11/21/21 17:45:00,21.485,,,,,
22025,11/21/21 18:00:00,21.390,,,,,
22026,11/21/21 18:15:00,21.294,,,,,
22027,11/21/21 18:30:00,21.246,,,,,
22028,11/21/21 18:45:00,21.223,,,,,
22029,11/21/21 19:00:00,21.199,,,,,
22030,11/21/21 19:15:00,21.175,,,,,
22031,11/21/21 19:30:00,21.175,,,,,
22032,11/21/21 19:45:00,21.175,,,,,
22033,11/21/21 20:00:00,21.175,,,,,
22034,11/21/21 20:15:00,21.151,,,,,
22035,11/21/21 20:30:00,21.151,,,,,
22036,11/21/21 20:45:00,21.151,,,,,
22037,11/21/21 21:00:00,21.151,,,,,
22038,11/21/21 21:15:00,21.151,,,,,
22039,11/21/21 21:30:00,21.175,,,,,
22040,11/21/21 21:45:00,21.175,,,,,
22041,11/21/21 22:00:00,21.199,,,,,
22042,11/21/21 22:15:00,21.223,,,,,
22043,11/21/21 22:30:00,21.223,,,,,
22044,11/21/21 22:45:00,21.199,,,,,
22045,11/21/21 23:00:00,21.199,,,,,
22046,11/21/21 23:15:00,21.199,,,,,
22047,11/21/21 23:30:00,21.175,,,,,
22048,11/21/21 23:45:00,21.175,,,,,
22049,11/22/21 00:00:00,21.175,,,,,
22050,11/22/21 00:15:00,21.175,,,,,
22051,11/22/21 00:30:00,21.175,,,,,
22052,11/22/21 00:45:00,21.175,,,,,
22053,11/22/21 01:00:00,21.175,,,,,
22054,11/22/21 01:15:00,21.270,,,,,
22055,11/22/21 01:30:00,21.390,,,,,
22056,11/22/21 01:45:00,21.533,,,,,
22057,11/22/21 02:00:00,21.652,,,,,
22058,11/22/21 02:15:00,21.748,,,,,
22059,11/22/21 02:30:00,21.819,,,,,
22060,11/22/21 02:45:00,21.891,,,,,
22061,11/22/21 03:00:00,21.963,,,,,
22062,11/22/21 03:15:00,22.034,,,,,
22063,11/22/21 03:30:00,22.082,,,,,
22064,11/22/21 03:45:00,22.154,,,,,
22065,11/22/21 04:00:00,22.202,,,,,
22066,11/22/21 04:15:00,22.226,,,,,
22067,11/22/21 04:30:00,22.274,,,,,
22068,11/22/21 04:45:00,22.298,,,,,
22069,11/22/21 05:00:00,22.345,,,,,
22070,11/22/21 05:15:00,22.345,,,,,
22071,11/22/21 05:30:00,22.369,,,,,
22072,11/22/21 05:45:00,22.393,,,,,
22073,11/22/21 06:00:00,22.417,,,,,
22074,11/22/21 06:15:00,22.441,,,,,
22075,11/22/21 06:30:00,22.465,,,,,
22076,11/22/21 06:45:00,22.441,,,,,
22077,11/22/21 07:00:00,22.513,,,,,
22078,11/22/21 07:15:00,22.441,,,,,
22079,11/22/21 07:30:00,22.321,,,,,
22080,11/22/21 07:45:00,22.274,,,,,
22081,11/22/21 08:00:00,22.274,,,,,
22082,11/22/21 08:15:00,22.345,,,,,
22083,11/22/21 08:30:00,22.393,,,,,
22084,11/22/21 08:45:00,22.465,,,,,
22085,11/22/21 09:00:00,22.513,,,,,
22086,11/22/21 09:15:00,22.537,,,,,
22087,11/22/21 09:30:00,22.585,,,,,
22088,11/22/21 09:45:00,22.729,,,,,
22089,11/22/21 10:00:00,22.872,,,,,
22090,11/22/21 10:15:00,23.016,,,,,
22091,11/22/21 10:30:00,23.136,,,,,
22092,11/22/21 10:45:00,23.064,,,,,
22093,11/22/21 11:00:00,22.872,,,,,
22094,11/22/21 11:15:00,22.681,,,,,
22095,11/22/21 11:30:00,22.513,,,,,
22096,11/22/21 11:45:00,22.417,,,,,
22097,11/22/21 12:00:00,22.369,,,,,
22098,11/22/21 12:15:00,22.369,,,,,
22099,11/22/21 12:30:00,22.393,,,,,
22100,11/22/21 12:45:00,22.441,,,,,
22101,11/22/21 13:00:00,22.489,,,,,
22102,11/22/21 13:15:00,22.561,,,,,
22103,11/22/21 13:30:00,22.585,,,,,
22104,11/22/21 13:45:00,22.585,,,,,
22105,11/22/21 14:00:00,22.585,,,,,
22106,11/22/21 14:15:00,22.633,,,,,
22107,11/22/21 14:30:00,22.681,,,,,
22108,11/22/21 14:45:00,22.753,,,,,
22109,11/22/21 15:00:00,22.776,,,,,
22110,11/22/21 15:15:00,22.753,,,,,
22111,11/22/21 15:30:00,22.681,,,,,
22112,11/22/21 15:45:00,22.585,,,,,
22113,11/22/21 16:00:00,22.465,,,,,
22114,11/22/21 16:15:00,22.321,,,,,
22115,11/22/21 16:30:00,22.130,,,,,
22116,11/22/21 16:45:00,21.963,,,,,
22117,11/22/21 17:00:00,21.772,,,,,
22118,11/22/21 17:15:00,21.628,,,,,
22119,11/22/21 17:30:00,21.533,,,,,
22120,11/22/21 17:45:00,21.461,,,,,
22121,11/22/21 18:00:00,21.413,,,,,
22122,11/22/21 18:15:00,21.390,,,,,
22123,11/22/21 18:30:00,21.366,,,,,
22124,11/22/21 18:45:00,21.342,,,,,
22125,11/22/21 19:00:00,21.318,,,,,
22126,11/22/21 19:15:00,21.318,,,,,
22127,11/22/21 19:30:00,21.294,,,,,
22128,11/22/21 19:45:00,21.270,,,,,
22129,11/22/21 20:00:00,21.270,,,,,
22130,11/22/21 20:15:00,21.270,,,,,
22131,11/22/21 20:30:00,21.270,,,,,
22132,11/22/21 20:45:00,21.270,,,,,
22133,11/22/21 21:00:00,21.270,,,,,
22134,11/22/21 21:15:00,21.270,,,,,
22135,11/22/21 21:30:00,21.270,,,,,
22136,11/22/21 21:45:00,21.270,,,,,
22137,11/22/21 22:00:00,21.246,,,,,
22138,11/22/21 22:15:00,21.246,,,,,
22139,11/22/21 22:30:00,21.246,,,,,
22140,11/22/21 22:45:00,21.246,,,,,
22141,11/22/21 23:00:00,21.246,,,,,
22142,11/22/21 23:15:00,21.270,,,,,
22143,11/22/21 23:30:00,21.270,,,,,
22144,11/22/21 23:45:00,21.270,,,,,
22145,11/23/21 00:00:00,21.270,,,,,
22146,11/23/21 00:15:00,21.246,,,,,
22147,11/23/21 00:30:00,21.246,,,,,
22148,11/23/21 00:45:00,21.223,,,,,
22149,11/23/21 01:00:00,21.223,,,,,
22150,11/23/21 01:15:00,21.223,,,,,
22151,11/23/21 01:30:00,21.223,,,,,
22152,11/23/21 01:45:00,21.223,,,,,
22153,11/23/21 02:00:00,21.223,,,,,
22154,11/23/21 02:15:00,21.223,,,,,
22155,11/23/21 02:30:00,21.246,,,,,
22156,11/23/21 02:45:00,21.246,,,,,
22157,11/23/21 03:00:00,21.246,,,,,
22158,11/23/21 03:15:00,21.270,,,,,
22159,11/23/21 03:30:00,21.294,,,,,
22160,11/23/21 03:45:00,21.318,,,,,
22161,11/23/21 04:00:00,21.366,,,,,
22162,11/23/21 04:15:00,21.461,,,,,
22163,11/23/21 04:30:00,21.557,,,,,
22164,11/23/21 04:45:00,21.628,,,,,
22165,11/23/21 05:00:00,21.700,,,,,
22166,11/23/21 05:15:00,21.772,,,,,
22167,11/23/21 05:30:00,21.819,,,,,
22168,11/23/21 05:45:00,21.867,,,,,
22169,11/23/21 06:00:00,21.915,,,,,
22170,11/23/21 06:15:00,21.963,,,,,
22171,11/23/21 06:30:00,22.011,,,,,
22172,11/23/21 06:45:00,22.034,,,,,
22173,11/23/21 07:00:00,22.130,,,,,
22174,11/23/21 07:15:00,22.393,,,,,
22175,11/23/21 07:30:00,22.776,,,,,
22176,11/23/21 07:45:00,23.184,,,,,
22177,11/23/21 08:00:00,23.304,,,,,
22178,11/23/21 08:15:00,23.184,,,,,
22179,11/23/21 08:30:00,23.088,,,,,
22180,11/23/21 08:45:00,23.040,,,,,
22181,11/23/21 09:00:00,22.968,,,,,
22182,11/23/21 09:15:00,22.920,,,,,
22183,11/23/21 09:30:00,22.896,,,,,
22184,11/23/21 09:45:00,22.944,,,,,
22185,11/23/21 10:00:00,22.896,,,,,
22186,11/23/21 10:15:00,22.800,,,,,
22187,11/23/21 10:30:00,22.729,,,,,
22188,11/23/21 10:45:00,22.657,,,,,
22189,11/23/21 11:00:00,23.833,,,,,
22190,11/23/21 11:15:00,25.040,,,,,
22191,11/23/21 11:30:00,24.944,,,,,
22192,11/23/21 11:45:00,25.016,,,,,
22193,11/23/21 12:00:00,25.016,,,,,
22194,11/23/21 12:15:00,25.210,,,,,
22195,11/23/21 12:30:00,25.404,,,,,
22196,11/23/21 12:45:00,25.695,,,,,
22197,11/23/21 13:00:00,25.914,,,,,
22198,11/23/21 13:15:00,25.914,,,,,
22199,11/23/21 13:30:00,25.939,,,,,
22200,11/23/21 13:45:00,26.061,,,,,
22201,11/23/21 14:00:00,26.231,,,,,
22202,11/23/21 14:15:00,26.378,,,,,
22203,11/23/21 14:30:00,26.524,,,,,
22204,11/23/21 14:45:00,26.671,,,,,
22205,11/23/21 15:00:00,26.842,,,,,
22206,11/23/21 15:15:00,26.940,,,,,
22207,11/23/21 15:30:00,27.014,,,,,
22208,11/23/21 15:45:00,27.112,,,,,
22209,11/23/21 16:00:00,27.235,,,,,
22210,11/23/21 16:15:00,27.358,,,,,
22211,11/23/21 16:30:00,27.481,,,,,
22212,11/23/21 16:45:00,27.579,,,,,
22213,11/23/21 17:00:00,27.677,,,,,
22214,11/23/21 17:15:00,27.751,,,,,
22215,11/23/21 17:30:00,27.776,,,,,
22216,11/23/21 17:45:00,27.776,,,,,
22217,11/23/21 18:00:00,27.751,,,,,
22218,11/23/21 18:15:00,27.702,,,,,
22219,11/23/21 18:30:00,27.628,,,,,
22220,11/23/21 18:45:00,27.530,,,,,
22221,11/23/21 19:00:00,27.382,,,,,
22222,11/23/21 19:15:00,27.235,,,,,
22223,11/23/21 19:30:00,27.063,,,,,
22224,11/23/21 19:45:00,26.891,,,,,
22225,11/23/21 20:00:00,26.744,,,,,
22226,11/23/21 20:15:00,26.573,,,,,
22227,11/23/21 20:30:00,26.378,,,,,
22228,11/23/21 20:45:00,26.207,,,,,
22229,11/23/21 21:00:00,25.987,,,,,
22230,11/23/21 21:15:00,25.841,,,,,
22231,11/23/21 21:30:00,25.695,,,,,
22232,11/23/21 21:45:00,25.525,,,,,
22233,11/23/21 22:00:00,25.355,,,,,
22234,11/23/21 22:15:00,25.186,,,,,
22235,11/23/21 22:30:00,25.016,,,,,
22236,11/23/21 22:45:00,24.871,,,,,
22237,11/23/21 23:00:00,24.726,,,,,
22238,11/23/21 23:15:00,24.629,,,,,
22239,11/23/21 23:30:00,24.484,,,,,
22240,11/23/21 23:45:00,24.363,,,,,
22241,11/24/21 00:00:00,24.267,,,,,
22242,11/24/21 00:15:00,24.195,,,,,
22243,11/24/21 00:30:00,24.122,,,,,
22244,11/24/21 00:45:00,24.050,,,,,
22245,11/24/21 01:00:00,23.978,,,,,
22246,11/24/21 01:15:00,23.930,,,,,
22247,11/24/21 01:30:00,23.881,,,,,
22248,11/24/21 01:45:00,23.833,,,,,
22249,11/24/21 02:00:00,23.785,,,,,
22250,11/24/21 02:15:00,23.737,,,,,
22251,11/24/21 02:30:00,23.689,,,,,
22252,11/24/21 02:45:00,23.665,,,,,
22253,11/24/21 03:00:00,23.641,,,,,
22254,11/24/21 03:15:00,23.617,,,,,
22255,11/24/21 03:30:00,23.593,,,,,
22256,11/24/21 03:45:00,23.569,,,,,
22257,11/24/21 04:00:00,23.545,,,,,
22258,11/24/21 04:15:00,23.545,,,,,
22259,11/24/21 04:30:00,23.545,,,,,
22260,11/24/21 04:45:00,23.545,,,,,
22261,11/24/21 05:00:00,23.545,,,,,
22262,11/24/21 05:15:00,23.545,,,,,
22263,11/24/21 05:30:00,23.545,,,,,
22264,11/24/21 05:45:00,23.545,,,,,
22265,11/24/21 06:00:00,23.545,,,,,
22266,11/24/21 06:15:00,23.545,,,,,
22267,11/24/21 06:30:00,23.545,,,,,
22268,11/24/21 06:45:00,23.545,,,,,
22269,11/24/21 07:00:00,23.569,,,,,
22270,11/24/21 07:15:00,23.569,,,,,
22271,11/24/21 07:30:00,23.569,,,,,
22272,11/24/21 07:45:00,23.569,,,,,
22273,11/24/21 08:00:00,23.569,,,,,
22274,11/24/21 08:15:00,23.593,,,,,
22275,11/24/21 08:30:00,23.617,,,,,
22276,11/24/21 08:45:00,23.641,,,,,
22277,11/24/21 09:00:00,23.665,,,,,
22278,11/24/21 09:15:00,23.713,,,,,
22279,11/24/21 09:30:00,23.737,,,,,
22280,11/24/21 09:45:00,23.809,,,,,
22281,11/24/21 10:00:00,23.881,,,,,
22282,11/24/21 10:15:00,23.954,,,,,
22283,11/24/21 10:30:00,24.026,,,,,
22284,11/24/21 10:45:00,24.098,,,,,
22285,11/24/21 11:00:00,24.171,,,,,
22286,11/24/21 11:15:00,24.243,,,,,
22287,11/24/21 11:30:00,24.339,,,,,
22288,11/24/21 11:45:00,24.436,,,,,
22289,11/24/21 12:00:00,24.557,,,,,
22290,11/24/21 12:15:00,24.702,,,,,
22291,11/24/21 12:30:00,24.895,,,,,
22292,11/24/21 12:45:00,25.089,,,,,
22293,11/24/21 13:00:00,25.283,,,,,
22294,11/24/21 13:15:00,25.477,,,,,
22295,11/24/21 13:30:00,25.647,,,,,
22296,11/24/21 13:45:00,25.817,,,,,
22297,11/24/21 14:00:00,25.963,,,,,
22298,11/24/21 14:15:00,26.134,,,,,
22299,11/24/21 14:30:00,26.280,,,,,
22300,11/24/21 14:45:00,26.426,,,,,
22301,11/24/21 15:00:00,26.524,,,,,
22302,11/24/21 15:15:00,26.646,,,,,
22303,11/24/21 15:30:00,26.793,,,,,
22304,11/24/21 15:45:00,26.940,,,,,
22305,11/24/21 16:00:00,27.038,,,,,
22306,11/24/21 16:15:00,27.112,,,,,
22307,11/24/21 16:30:00,27.161,,,,,
22308,11/24/21 16:45:00,27.186,,,,,
22309,11/24/21 17:00:00,27.210,,,,,
22310,11/24/21 17:15:00,27.235,,,,,
22311,11/24/21 17:30:00,27.186,,,,,
22312,11/24/21 17:45:00,27.112,,,,,
22313,11/24/21 18:00:00,27.038,,,,,
22314,11/24/21 18:15:00,26.940,,,,,
22315,11/24/21 18:30:00,26.867,,,,,
22316,11/24/21 18:45:00,26.744,,,,,
22317,11/24/21 19:00:00,26.598,,,,,
22318,11/24/21 19:15:00,26.451,,,,,
22319,11/24/21 19:30:00,26.304,,,,,
22320,11/24/21 19:45:00,26.182,,,,,
22321,11/24/21 20:00:00,26.061,,,,,
22322,11/24/21 20:15:00,25.914,,,,,
22323,11/24/21 20:30:00,25.744,,,,,
22324,11/24/21 20:45:00,25.598,,,,,
22325,11/24/21 21:00:00,25.477,,,,,
22326,11/24/21 21:15:00,25.331,,,,,
22327,11/24/21 21:30:00,25.210,,,,,
22328,11/24/21 21:45:00,25.065,,,,,
22329,11/24/21 22:00:00,24.895,,,,,
22330,11/24/21 22:15:00,24.774,,,,,
22331,11/24/21 22:30:00,24.653,,,,,
22332,11/24/21 22:45:00,24.532,,,,,
22333,11/24/21 23:00:00,24.412,,,,,
22334,11/24/21 23:15:00,24.267,,,,,
22335,11/24/21 23:30:00,24.146,,,,,
22336,11/24/21 23:45:00,24.050,,,,,
22337,11/25/21 00:00:00,23.954,,,,,
22338,11/25/21 00:15:00,23.857,,,,,
22339,11/25/21 00:30:00,23.785,,,,,
22340,11/25/21 00:45:00,23.689,,,,,
22341,11/25/21 01:00:00,23.617,,,,,
22342,11/25/21 01:15:00,23.569,,,,,
22343,11/25/21 01:30:00,23.497,,,,,
22344,11/25/21 01:45:00,23.448,,,,,
22345,11/25/21 02:00:00,23.376,,,,,
22346,11/25/21 02:15:00,23.328,,,,,
22347,11/25/21 02:30:00,23.304,,,,,
22348,11/25/21 02:45:00,23.280,,,,,
22349,11/25/21 03:00:00,23.256,,,,,
22350,11/25/21 03:15:00,23.232,,,,,
22351,11/25/21 03:30:00,23.208,,,,,
22352,11/25/21 03:45:00,23.184,,,,,
22353,11/25/21 04:00:00,23.184,,,,,
22354,11/25/21 04:15:00,23.184,,,,,
22355,11/25/21 04:30:00,23.184,,,,,
22356,11/25/21 04:45:00,23.184,,,,,
22357,11/25/21 05:00:00,23.184,,,,,
22358,11/25/21 05:15:00,23.184,,,,,
22359,11/25/21 05:30:00,23.208,,,,,
22360,11/25/21 05:45:00,23.208,,,,,
22361,11/25/21 06:00:00,23.232,,,,,
22362,11/25/21 06:15:00,23.232,,,,,
22363,11/25/21 06:30:00,23.232,,,,,
22364,11/25/21 06:45:00,23.256,,,,,
22365,11/25/21 07:00:00,23.280,,,,,
22366,11/25/21 07:15:00,23.280,,,,,
22367,11/25/21 07:30:00,23.304,,,,,
22368,11/25/21 07:45:00,23.328,,,,,
22369,11/25/21 08:00:00,23.352,,,,,
22370,11/25/21 08:15:00,23.376,,,,,
22371,11/25/21 08:30:00,23.424,,,,,
22372,11/25/21 08:45:00,23.448,,,,,
22373,11/25/21 09:00:00,23.472,,,,,
22374,11/25/21 09:15:00,23.497,,,,,
22375,11/25/21 09:30:00,23.545,,,,,
22376,11/25/21 09:45:00,23.569,,,,,
22377,11/25/21 10:00:00,23.569,,,,,
22378,11/25/21 10:15:00,23.569,,,,,
22379,11/25/21 10:30:00,23.569,,,,,
22380,11/25/21 10:45:00,23.569,,,,,
22381,11/25/21 11:00:00,23.593,,,,,
22382,11/25/21 11:15:00,23.593,,,,,
22383,11/25/21 11:30:00,23.593,,,,,
22384,11/25/21 11:45:00,23.617,,,,,
22385,11/25/21 12:00:00,23.665,,,,,
22386,11/25/21 12:15:00,23.737,,,,,
22387,11/25/21 12:30:00,23.809,,,,,
22388,11/25/21 12:45:00,23.881,,,,,
22389,11/25/21 13:00:00,23.930,,,,,
22390,11/25/21 13:15:00,23.954,,,,,
22391,11/25/21 13:30:00,23.978,,,,,
22392,11/25/21 13:45:00,24.050,,,,,
22393,11/25/21 14:00:00,24.098,,,,,
22394,11/25/21 14:15:00,24.122,,,,,
22395,11/25/21 14:30:00,24.122,,,,,
22396,11/25/21 14:45:00,24.122,,,,,
22397,11/25/21 15:00:00,24.122,,,,,
22398,11/25/21 15:15:00,24.098,,,,,
22399,11/25/21 15:30:00,24.074,,,,,
22400,11/25/21 15:45:00,24.050,,,,,
22401,11/25/21 16:00:00,24.002,,,,,
22402,11/25/21 16:15:00,23.978,,,,,
22403,11/25/21 16:30:00,23.954,,,,,
22404,11/25/21 16:45:00,23.930,,,,,
22405,11/25/21 17:00:00,23.905,,,,,
22406,11/25/21 17:15:00,23.881,,,,,
22407,11/25/21 17:30:00,23.833,,,,,
22408,11/25/21 17:45:00,23.809,,,,,
22409,11/25/21 18:00:00,23.785,,,,,
22410,11/25/21 18:15:00,23.761,,,,,
22411,11/25/21 18:30:00,23.713,,,,,
22412,11/25/21 18:45:00,23.689,,,,,
22413,11/25/21 19:00:00,23.665,,,,,
22414,11/25/21 19:15:00,23.641,,,,,
22415,11/25/21 19:30:00,23.617,,,,,
22416,11/25/21 19:45:00,23.593,,,,,
22417,11/25/21 20:00:00,23.569,,,,,
22418,11/25/21 20:15:00,23.545,,,,,
22419,11/25/21 20:30:00,23.545,,,,,
22420,11/25/21 20:45:00,23.521,,,,,
22421,11/25/21 21:00:00,23.497,,,,,
22422,11/25/21 21:15:00,23.497,,,,,
22423,11/25/21 21:30:00,23.472,,,,,
22424,11/25/21 21:45:00,23.448,,,,,
22425,11/25/21 22:00:00,23.448,,,,,
22426,11/25/21 22:15:00,23.448,,,,,
22427,11/25/21 22:30:00,23.448,,,,,
22428,11/25/21 22:45:00,23.400,,,,,
22429,11/25/21 23:00:00,23.400,,,,,
22430,11/25/21 23:15:00,23.400,,,,,
22431,11/25/21 23:30:00,23.400,,,,,
22432,11/25/21 23:45:00,23.400,,,,,
22433,11/26/21 00:00:00,23.376,,,,,
22434,11/26/21 00:15:00,23.376,,,,,
22435,11/26/21 00:30:00,23.376,,,,,
22436,11/26/21 00:45:00,23.376,,,,,
22437,11/26/21 01:00:00,23.376,,,,,
22438,11/26/21 01:15:00,23.352,,,,,
22439,11/26/21 01:30:00,23.352,,,,,
22440,11/26/21 01:45:00,23.352,,,,,
22441,11/26/21 02:00:00,23.352,,,,,
22442,11/26/21 02:15:00,23.352,,,,,
22443,11/26/21 02:30:00,23.352,,,,,
22444,11/26/21 02:45:00,23.352,,,,,
22445,11/26/21 03:00:00,23.352,,,,,
22446,11/26/21 03:15:00,23.352,,,,,
22447,11/26/21 03:30:00,23.352,,,,,
22448,11/26/21 03:45:00,23.352,,,,,
22449,11/26/21 04:00:00,23.352,,,,,
22450,11/26/21 04:15:00,23.376,,,,,
22451,11/26/21 04:30:00,23.376,,,,,
22452,11/26/21 04:45:00,23.400,,,,,
22453,11/26/21 05:00:00,23.400,,,,,
22454,11/26/21 05:15:00,23.400,,,,,
22455,11/26/21 05:30:00,23.400,,,,,
22456,11/26/21 05:45:00,23.424,,,,,
22457,11/26/21 06:00:00,23.448,,,,,
22458,11/26/21 06:15:00,23.448,,,,,
22459,11/26/21 06:30:00,23.472,,,,,
22460,11/26/21 06:45:00,23.472,,,,,
22461,11/26/21 07:00:00,23.472,,,,,
22462,11/26/21 07:15:00,23.472,,,,,
22463,11/26/21 07:30:00,23.472,,,,,
22464,11/26/21 07:45:00,23.472,,,,,
22465,11/26/21 08:00:00,23.472,,,,,
22466,11/26/21 08:15:00,23.472,,,,,
22467,11/26/21 08:30:00,23.497,,,,,
22468,11/26/21 08:45:00,23.521,,,,,
22469,11/26/21 09:00:00,23.545,,,,,
22470,11/26/21 09:15:00,23.545,,,,,
22471,11/26/21 09:30:00,23.593,,,,,
22472,11/26/21 09:45:00,23.641,,,,,
22473,11/26/21 10:00:00,23.665,,,,,
22474,11/26/21 10:15:00,23.713,,,,,
22475,11/26/21 10:30:00,23.737,,,,,
22476,11/26/21 10:45:00,23.785,,,,,
22477,11/26/21 11:00:00,23.857,,,,,
22478,11/26/21 11:15:00,23.905,,,,,
22479,11/26/21 11:30:00,23.954,,,,,
22480,11/26/21 11:45:00,24.002,,,,,
22481,11/26/21 12:00:00,24.050,,,,,
22482,11/26/21 12:15:00,24.122,,,,,
22483,11/26/21 12:30:00,24.195,,,,,
22484,11/26/21 12:45:00,24.267,,,,,
22485,11/26/21 13:00:00,24.315,,,,,
22486,11/26/21 13:15:00,24.388,,,,,
22487,11/26/21 13:30:00,24.436,,,,,
22488,11/26/21 13:45:00,24.532,,,,,
22489,11/26/21 14:00:00,24.605,,,,,
22490,11/26/21 14:15:00,24.677,,,,,
22491,11/26/21 14:30:00,24.726,,,,,
22492,11/26/21 14:45:00,24.774,,,,,
22493,11/26/21 15:00:00,24.823,,,,,
22494,11/26/21 15:15:00,24.895,,,,,
22495,11/26/21 15:30:00,24.944,,,,,
22496,11/26/21 15:45:00,24.992,,,,,
22497,11/26/21 16:00:00,24.992,,,,,
22498,11/26/21 16:15:00,25.016,,,,,
22499,11/26/21 16:30:00,25.040,,,,,
22500,11/26/21 16:45:00,25.040,,,,,
22501,11/26/21 17:00:00,25.040,,,,,
22502,11/26/21 17:15:00,24.992,,,,,
22503,11/26/21 17:30:00,24.968,,,,,
22504,11/26/21 17:45:00,24.944,,,,,
22505,11/26/21 18:00:00,24.895,,,,,
22506,11/26/21 18:15:00,24.798,,,,,
22507,11/26/21 18:30:00,24.702,,,,,
22508,11/26/21 18:45:00,24.629,,,,,
22509,11/26/21 19:00:00,24.557,,,,,
22510,11/26/21 19:15:00,24.460,,,,,
22511,11/26/21 19:30:00,24.388,,,,,
22512,11/26/21 19:45:00,24.291,,,,,
22513,11/26/21 20:00:00,24.219,,,,,
22514,11/26/21 20:15:00,24.146,,,,,
22515,11/26/21 20:30:00,24.074,,,,,
22516,11/26/21 20:45:00,24.002,,,,,
22517,11/26/21 21:00:00,23.954,,,,,
22518,11/26/21 21:15:00,23.881,,,,,
22519,11/26/21 21:30:00,23.833,,,,,
22520,11/26/21 21:45:00,23.809,,,,,
22521,11/26/21 22:00:00,23.761,,,,,
22522,11/26/21 22:15:00,23.689,,,,,
22523,11/26/21 22:30:00,23.641,,,,,
22524,11/26/21 22:45:00,23.617,,,,,
22525,11/26/21 23:00:00,23.569,,,,,
22526,11/26/21 23:15:00,23.545,,,,,
22527,11/26/21 23:30:00,23.521,,,,,
22528,11/26/21 23:45:00,23.497,,,,,
22529,11/27/21 00:00:00,23.448,,,,,
22530,11/27/21 00:15:00,23.448,,,,,
22531,11/27/21 00:30:00,23.424,,,,,
22532,11/27/21 00:45:00,23.400,,,,,
22533,11/27/21 01:00:00,23.400,,,,,
22534,11/27/21 01:15:00,23.400,,,,,
22535,11/27/21 01:30:00,23.376,,,,,
22536,11/27/21 01:45:00,23.376,,,,,
22537,11/27/21 02:00:00,23.376,,,,,
22538,11/27/21 02:15:00,23.376,,,,,
22539,11/27/21 02:30:00,23.376,,,,,
22540,11/27/21 02:45:00,23.376,,,,,
22541,11/27/21 03:00:00,23.376,,,,,
22542,11/27/21 03:15:00,23.400,,,,,
22543,11/27/21 03:30:00,23.400,,,,,
22544,11/27/21 03:45:00,23.400,,,,,
22545,11/27/21 04:00:00,23.376,,,,,
22546,11/27/21 04:15:00,23.376,,,,,
22547,11/27/21 04:30:00,23.376,,,,,
22548,11/27/21 04:45:00,23.352,,,,,
22549,11/27/21 05:00:00,23.352,,,,,
22550,11/27/21 05:15:00,23.352,,,,,
22551,11/27/21 05:30:00,23.352,,,,,
22552,11/27/21 05:45:00,23.352,,,,,
22553,11/27/21 06:00:00,23.376,,,,,
22554,11/27/21 06:15:00,23.376,,,,,
22555,11/27/21 06:30:00,23.376,,,,,
22556,11/27/21 06:45:00,23.376,,,,,
22557,11/27/21 07:00:00,23.376,,,,,
22558,11/27/21 07:15:00,23.400,,,,,
22559,11/27/21 07:30:00,23.400,,,,,
22560,11/27/21 07:45:00,23.400,,,,,
22561,11/27/21 08:00:00,23.400,,,,,
22562,11/27/21 08:15:00,23.400,,,,,
22563,11/27/21 08:30:00,23.424,,,,,
22564,11/27/21 08:45:00,23.448,,,,,
22565,11/27/21 09:00:00,23.448,,,,,
22566,11/27/21 09:15:00,23.472,,,,,
22567,11/27/21 09:30:00,23.497,,,,,
22568,11/27/21 09:45:00,23.545,,,,,
22569,11/27/21 10:00:00,23.593,,,,,
22570,11/27/21 10:15:00,23.641,,,,,
22571,11/27/21 10:30:00,23.689,,,,,
22572,11/27/21 10:45:00,23.737,,,,,
22573,11/27/21 11:00:00,23.833,,,,,
22574,11/27/21 11:15:00,23.905,,,,,
22575,11/27/21 11:30:00,24.002,,,,,
22576,11/27/21 11:45:00,24.074,,,,,
22577,11/27/21 12:00:00,24.171,,,,,
22578,11/27/21 12:15:00,24.267,,,,,
22579,11/27/21 12:30:00,24.388,,,,,
22580,11/27/21 12:45:00,24.484,,,,,
22581,11/27/21 13:00:00,24.581,,,,,
22582,11/27/21 13:15:00,24.677,,,,,
22583,11/27/21 13:30:00,24.750,,,,,
22584,11/27/21 13:45:00,24.847,,,,,
22585,11/27/21 14:00:00,24.992,,,,,
22586,11/27/21 14:15:00,25.089,,,,,
22587,11/27/21 14:30:00,25.186,,,,,
22588,11/27/21 14:45:00,25.283,,,,,
22589,11/27/21 15:00:00,25.404,,,,,
22590,11/27/21 15:15:00,25.501,,,,,
22591,11/27/21 15:30:00,25.623,,,,,
22592,11/27/21 15:45:00,25.695,,,,,
22593,11/27/21 16:00:00,25.768,,,,,
22594,11/27/21 16:15:00,25.841,,,,,
22595,11/27/21 16:30:00,25.914,,,,,
22596,11/27/21 16:45:00,25.987,,,,,
22597,11/27/21 17:00:00,26.012,,,,,
22598,11/27/21 17:15:00,26.036,,,,,
22599,11/27/21 17:30:00,26.036,,,,,
22600,11/27/21 17:45:00,26.036,,,,,
22601,11/27/21 18:00:00,26.012,,,,,
22602,11/27/21 18:15:00,25.987,,,,,
22603,11/27/21 18:30:00,25.914,,,,,
22604,11/27/21 18:45:00,25.841,,,,,
22605,11/27/21 19:00:00,25.768,,,,,
22606,11/27/21 19:15:00,25.720,,,,,
22607,11/27/21 19:30:00,25.647,,,,,
22608,11/27/21 19:45:00,25.550,,,,,
22609,11/27/21 20:00:00,25.428,,,,,
22610,11/27/21 20:15:00,25.355,,,,,
22611,11/27/21 20:30:00,25.258,,,,,
22612,11/27/21 20:45:00,25.186,,,,,
22613,11/27/21 21:00:00,25.089,,,,,
22614,11/27/21 21:15:00,24.968,,,,,
22615,11/27/21 21:30:00,24.871,,,,,
22616,11/27/21 21:45:00,24.798,,,,,
22617,11/27/21 22:00:00,24.702,,,,,
22618,11/27/21 22:15:00,24.629,,,,,
22619,11/27/21 22:30:00,24.532,,,,,
22620,11/27/21 22:45:00,24.436,,,,,
22621,11/27/21 23:00:00,24.363,,,,,
22622,11/27/21 23:15:00,24.291,,,,,
22623,11/27/21 23:30:00,24.219,,,,,
22624,11/27/21 23:45:00,24.122,,,,,
22625,11/28/21 00:00:00,24.050,,,,,
22626,11/28/21 00:15:00,23.978,,,,,
22627,11/28/21 00:30:00,23.905,,,,,
22628,11/28/21 00:45:00,23.857,,,,,
22629,11/28/21 01:00:00,23.785,,,,,
22630,11/28/21 01:15:00,23.689,,,,,
22631,11/28/21 01:30:00,23.641,,,,,
22632,11/28/21 01:45:00,23.569,,,,,
22633,11/28/21 02:00:00,23.521,,,,,
22634,11/28/21 02:15:00,23.448,,,,,
22635,11/28/21 02:30:00,23.400,,,,,
22636,11/28/21 02:45:00,23.352,,,,,
22637,11/28/21 03:00:00,23.304,,,,,
22638,11/28/21 03:15:00,23.280,,,,,
22639,11/28/21 03:30:00,23.256,,,,,
22640,11/28/21 03:45:00,23.208,,,,,
22641,11/28/21 04:00:00,23.184,,,,,
22642,11/28/21 04:15:00,23.160,,,,,
22643,11/28/21 04:30:00,23.160,,,,,
22644,11/28/21 04:45:00,23.136,,,,,
22645,11/28/21 05:00:00,23.136,,,,,
22646,11/28/21 05:15:00,23.112,,,,,
22647,11/28/21 05:30:00,23.112,,,,,
22648,11/28/21 05:45:00,23.112,,,,,
22649,11/28/21 06:00:00,23.136,,,,,
22650,11/28/21 06:15:00,23.160,,,,,
22651,11/28/21 06:30:00,23.160,,,,,
22652,11/28/21 06:45:00,23.160,,,,,
22653,11/28/21 07:00:00,23.184,,,,,
22654,11/28/21 07:15:00,23.208,,,,,
22655,11/28/21 07:30:00,23.232,,,,,
22656,11/28/21 07:45:00,23.256,,,,,
22657,11/28/21 08:00:00,23.280,,,,,
22658,11/28/21 08:15:00,23.304,,,,,
22659,11/28/21 08:30:00,23.352,,,,,
22660,11/28/21 08:45:00,23.376,,,,,
22661,11/28/21 09:00:00,23.448,,,,,
22662,11/28/21 09:15:00,23.472,,,,,
22663,11/28/21 09:30:00,23.521,,,,,
22664,11/28/21 09:45:00,23.569,,,,,
22665,11/28/21 10:00:00,23.641,,,,,
22666,11/28/21 10:15:00,23.713,,,,,
22667,11/28/21 10:30:00,23.785,,,,,
22668,11/28/21 10:45:00,23.857,,,,,
22669,11/28/21 11:00:00,23.930,,,,,
22670,11/28/21 11:15:00,24.026,,,,,
22671,11/28/21 11:30:00,24.146,,,,,
22672,11/28/21 11:45:00,24.243,,,,,
22673,11/28/21 12:00:00,24.339,,,,,
22674,11/28/21 12:15:00,24.412,,,,,
22675,11/28/21 12:30:00,24.508,,,,,
22676,11/28/21 12:45:00,24.653,,,,,
22677,11/28/21 13:00:00,24.774,,,,,
22678,11/28/21 13:15:00,24.871,,,,,
22679,11/28/21 13:30:00,24.992,,,,,
22680,11/28/21 13:45:00,25.089,,,,,
22681,11/28/21 14:00:00,25.234,,,,,
22682,11/28/21 14:15:00,25.355,,,,,
22683,11/28/21 14:30:00,25.477,,,,,
22684,11/28/21 14:45:00,25.598,,,,,
22685,11/28/21 15:00:00,25.695,,,,,
22686,11/28/21 15:15:00,25.817,,,,,
22687,11/28/21 15:30:00,25.914,,,,,
22688,11/28/21 15:45:00,26.012,,,,,
22689,11/28/21 16:00:00,26.109,,,,,
22690,11/28/21 16:15:00,26.158,,,,,
22691,11/28/21 16:30:00,26.207,,,,,
22692,11/28/21 16:45:00,26.256,,,,,
22693,11/28/21 17:00:00,26.304,,,,,
22694,11/28/21 17:15:00,26.304,,,,,
22695,11/28/21 17:30:00,26.280,,,,,
22696,11/28/21 17:45:00,26.256,,,,,
22697,11/28/21 18:00:00,26.207,,,,,
22698,11/28/21 18:15:00,26.158,,,,,
22699,11/28/21 18:30:00,26.109,,,,,
22700,11/28/21 18:45:00,26.012,,,,,
22701,11/28/21 19:00:00,25.890,,,,,
22702,11/28/21 19:15:00,25.817,,,,,
22703,11/28/21 19:30:00,25.720,,,,,
22704,11/28/21 19:45:00,25.623,,,,,
22705,11/28/21 20:00:00,25.525,,,,,
22706,11/28/21 20:15:00,25.380,,,,,
22707,11/28/21 20:30:00,25.283,,,,,
22708,11/28/21 20:45:00,25.186,,,,,
22709,11/28/21 21:00:00,25.089,,,,,
22710,11/28/21 21:15:00,24.992,,,,,
22711,11/28/21 21:30:00,24.871,,,,,
22712,11/28/21 21:45:00,24.750,,,,,
22713,11/28/21 22:00:00,24.653,,,,,
22714,11/28/21 22:15:00,24.557,,,,,
22715,11/28/21 22:30:00,24.460,,,,,
22716,11/28/21 22:45:00,24.339,,,,,
22717,11/28/21 23:00:00,24.219,,,,,
22718,11/28/21 23:15:00,24.122,,,,,
22719,11/28/21 23:30:00,24.050,,,,,
22720,11/28/21 23:45:00,23.954,,,,,
22721,11/29/21 00:00:00,23.857,,,,,
22722,11/29/21 00:15:00,23.761,,,,,
22723,11/29/21 00:30:00,23.689,,,,,
22724,11/29/21 00:45:00,23.617,,,,,
22725,11/29/21 01:00:00,23.569,,,,,
22726,11/29/21 01:15:00,23.521,,,,,
22727,11/29/21 01:30:00,23.448,,,,,
22728,11/29/21 01:45:00,23.400,,,,,
22729,11/29/21 02:00:00,23.352,,,,,
22730,11/29/21 02:15:00,23.328,,,,,
22731,11/29/21 02:30:00,23.280,,,,,
22732,11/29/21 02:45:00,23.256,,,,,
22733,11/29/21 03:00:00,23.232,,,,,
22734,11/29/21 03:15:00,23.208,,,,,
22735,11/29/21 03:30:00,23.184,,,,,
22736,11/29/21 03:45:00,23.208,,,,,
22737,11/29/21 04:00:00,23.184,,,,,
22738,11/29/21 04:15:00,23.160,,,,,
22739,11/29/21 04:30:00,23.160,,,,,
22740,11/29/21 04:45:00,23.160,,,,,
22741,11/29/21 05:00:00,23.160,,,,,
22742,11/29/21 05:15:00,23.160,,,,,
22743,11/29/21 05:30:00,23.160,,,,,
22744,11/29/21 05:45:00,23.136,,,,,
22745,11/29/21 06:00:00,23.136,,,,,
22746,11/29/21 06:15:00,23.160,,,,,
22747,11/29/21 06:30:00,23.184,,,,,
22748,11/29/21 06:45:00,23.208,,,,,
22749,11/29/21 07:00:00,23.208,,,,,
22750,11/29/21 07:15:00,23.208,,,,,
22751,11/29/21 07:30:00,23.208,,,,,
22752,11/29/21 07:45:00,23.232,,,,,
22753,11/29/21 08:00:00,23.256,,,,,
22754,11/29/21 08:15:00,23.256,,,,,
22755,11/29/21 08:30:00,23.280,,,,,
22756,11/29/21 08:45:00,23.304,,,,,
22757,11/29/21 09:00:00,23.400,,,,,
22758,11/29/21 09:15:00,23.521,,,,,
22759,11/29/21 09:30:00,23.665,,,,,
22760,11/29/21 09:45:00,23.785,,,,,
22761,11/29/21 10:00:00,23.905,,,,,
22762,11/29/21 10:15:00,24.026,,,,,
22763,11/29/21 10:30:00,24.195,,,,,
22764,11/29/21 10:45:00,24.363,,,,,
22765,11/29/21 11:00:00,24.484,,,,,
22766,11/29/21 11:15:00,24.629,,,,,
22767,11/29/21 11:30:00,24.774,,,,,
22768,11/29/21 11:45:00,24.944,,,,,
22769,11/29/21 12:00:00,25.113,,,,,
22770,11/29/21 12:15:00,25.258,,,,,
22771,11/29/21 12:30:00,25.428,,,,,
22772,11/29/21 12:45:00,25.574,,,,,
22773,11/29/21 13:00:00,25.720,,,,,
22774,11/29/21 13:15:00,25.914,,,,,
22775,11/29/21 13:30:00,26.109,,,,,
22776,11/29/21 13:45:00,26.304,,,,,
22777,11/29/21 14:00:00,26.500,,,,,
22778,11/29/21 14:15:00,26.646,,,,,
22779,11/29/21 14:30:00,26.793,,,,,
22780,11/29/21 14:45:00,26.940,,,,,
22781,11/29/21 15:00:00,27.087,,,,,
22782,11/29/21 15:15:00,27.235,,,,,
22783,11/29/21 15:30:00,27.382,,,,,
22784,11/29/21 15:45:00,27.530,,,,,
22785,11/29/21 16:00:00,27.677,,,,,
22786,11/29/21 16:15:00,27.825,,,,,
22787,11/29/21 16:30:00,27.924,,,,,
22788,11/29/21 16:45:00,28.023,,,,,
22789,11/29/21 17:00:00,28.097,,,,,
22790,11/29/21 17:15:00,28.147,,,,,
22791,11/29/21 17:30:00,28.171,,,,,
22792,11/29/21 17:45:00,28.171,,,,,
22793,11/29/21 18:00:00,28.122,,,,,
22794,11/29/21 18:15:00,28.072,,,,,
22795,11/29/21 18:30:00,27.974,,,,,
22796,11/29/21 18:45:00,27.875,,,,,
22797,11/29/21 19:00:00,27.776,,,,,
22798,11/29/21 19:15:00,27.653,,,,,
22799,11/29/21 19:30:00,27.530,,,,,
22800,11/29/21 19:45:00,27.431,,,,,
22801,11/29/21 20:00:00,27.308,,,,,
22802,11/29/21 20:15:00,27.186,,,,,
22803,11/29/21 20:30:00,27.038,,,,,
22804,11/29/21 20:45:00,26.916,,,,,
22805,11/29/21 21:00:00,26.744,,,,,
22806,11/29/21 21:15:00,26.573,,,,,
22807,11/29/21 21:30:00,26.426,,,,,
22808,11/29/21 21:45:00,26.280,,,,,
22809,11/29/21 22:00:00,26.158,,,,,
22810,11/29/21 22:15:00,26.012,,,,,
22811,11/29/21 22:30:00,25.866,,,,,
22812,11/29/21 22:45:00,25.695,,,,,
22813,11/29/21 23:00:00,25.550,,,,,
22814,11/29/21 23:15:00,25.428,,,,,
22815,11/29/21 23:30:00,25.307,,,,,
22816,11/29/21 23:45:00,25.186,,,,,
22817,11/30/21 00:00:00,25.040,,,,,
22818,11/30/21 00:15:00,24.895,,,,,
22819,11/30/21 00:30:00,24.774,,,,,
22820,11/30/21 00:45:00,24.677,,,,,
22821,11/30/21 01:00:00,24.557,,,,,
22822,11/30/21 01:15:00,24.436,,,,,
22823,11/30/21 01:30:00,24.291,,,,,
22824,11/30/21 01:45:00,24.195,,,,,
22825,11/30/21 02:00:00,24.074,,,,,
22826,11/30/21 02:15:00,24.002,,,,,
22827,11/30/21 02:30:00,23.905,,,,,
22828,11/30/21 02:45:00,23.809,,,,,
22829,11/30/21 03:00:00,23.737,,,,,
22830,11/30/21 03:15:00,23.689,,,,,
22831,11/30/21 03:30:00,23.641,,,,,
22832,11/30/21 03:45:00,23.569,,,,,
22833,11/30/21 04:00:00,23.521,,,,,
22834,11/30/21 04:15:00,23.472,,,,,
22835,11/30/21 04:30:00,23.448,,,,,
22836,11/30/21 04:45:00,23.424,,,,,
22837,11/30/21 05:00:00,23.376,,,,,
22838,11/30/21 05:15:00,23.352,,,,,
22839,11/30/21 05:30:00,23.352,,,,,
22840,11/30/21 05:45:00,23.352,,,,,
22841,11/30/21 06:00:00,23.328,,,,,
22842,11/30/21 06:15:00,23.304,,,,,
22843,11/30/21 06:30:00,23.304,,,,,
22844,11/30/21 06:45:00,23.304,,,,,
22845,11/30/21 07:00:00,23.304,,,,,
22846,11/30/21 07:15:00,23.328,,,,,
22847,11/30/21 07:30:00,23.328,,,,,
22848,11/30/21 07:45:00,23.352,,,,,
22849,11/30/21 08:00:00,23.376,,,,,
22850,11/30/21 08:15:00,23.400,,,,,
22851,11/30/21 08:30:00,23.424,,,,,
22852,11/30/21 08:45:00,23.448,,,,,
22853,11/30/21 09:00:00,23.497,,,,,
22854,11/30/21 09:15:00,23.545,,,,,
22855,11/30/21 09:30:00,23.737,,,,,
22856,11/30/21 09:45:00,23.905,,,,,
22857,11/30/21 10:00:00,24.050,,,,,
22858,11/30/21 10:15:00,24.195,,,,,
22859,11/30/21 10:30:00,24.339,,,,,
22860,11/30/21 10:45:00,24.460,,,,,
22861,11/30/21 11:00:00,24.581,,,,,
22862,11/30/21 11:15:00,24.702,,,,,
22863,11/30/21 11:30:00,24.823,,,,,
22864,11/30/21 11:45:00,24.968,,,,,
22865,11/30/21 12:00:00,25.137,,,,,
22866,11/30/21 12:15:00,25.307,,,,,
22867,11/30/21 12:30:00,25.307,,,,,
22868,11/30/21 12:45:00,25.477,,,,,
22869,11/30/21 13:00:00,25.647,,,,,
22870,11/30/21 13:15:00,25.817,,,,,
22871,11/30/21 13:30:00,26.012,,,,,
22872,11/30/21 13:45:00,26.182,,,,,
22873,11/30/21 14:00:00,26.426,,,,,
22874,11/30/21 14:15:00,26.622,,,,,
22875,11/30/21 14:30:00,26.793,,,,,
22876,11/30/21 14:45:00,26.989,,,,,
22877,11/30/21 15:00:00,27.136,,,,,
22878,11/30/21 15:15:00,27.308,,,,,
22879,11/30/21 15:30:00,27.431,,,,,
22880,11/30/21 15:45:00,27.554,,,,,
22881,11/30/21 16:00:00,27.702,,,,,
22882,11/30/21 16:15:00,27.850,,,,,
22883,11/30/21 16:30:00,27.974,,,,,
22884,11/30/21 16:45:00,28.122,,,,,
22885,11/30/21 17:00:00,28.245,,,,,
22886,11/30/21 17:15:00,28.345,,,,,
22887,11/30/21 17:30:00,28.419,,,,,
22888,11/30/21 17:45:00,28.419,,,,,
22889,11/30/21 18:00:00,28.394,,,,,
22890,11/30/21 18:15:00,28.345,,,,,
22891,11/30/21 18:30:00,28.270,,,,,
22892,11/30/21 18:45:00,28.171,,,,,
22893,11/30/21 19:00:00,28.048,,,,,
22894,11/30/21 19:15:00,27.899,,,,,
22895,11/30/21 19:30:00,27.751,,,,,
22896,11/30/21 19:45:00,27.653,,,,,
22897,11/30/21 20:00:00,27.530,,,,,
22898,11/30/21 20:15:00,27.407,,,,,
22899,11/30/21 20:30:00,27.235,,,,,
22900,11/30/21 20:45:00,27.063,,,,,
22901,11/30/21 21:00:00,26.891,,,,,
22902,11/30/21 21:15:00,26.744,,,,,
22903,11/30/21 21:30:00,26.622,,,,,
22904,11/30/21 21:45:00,26.475,,,,,
22905,11/30/21 22:00:00,26.304,,,,,
22906,11/30/21 22:15:00,26.158,,,,,
22907,11/30/21 22:30:00,26.012,,,,,
22908,11/30/21 22:45:00,25.914,,,,,
22909,11/30/21 23:00:00,25.793,,,,,
22910,11/30/21 23:15:00,25.647,,,,,
22911,11/30/21 23:30:00,25.525,,,,,
22912,11/30/21 23:45:00,25.380,,,,,
22913,12/01/21 00:00:00,25.283,,,,,
22914,12/01/21 00:15:00,25.186,,,,,
22915,12/01/21 00:30:00,25.089,,,,,
22916,12/01/21 00:45:00,24.968,,,,,
22917,12/01/21 01:00:00,24.871,,,,,
22918,12/01/21 01:15:00,24.774,,,,,
22919,12/01/21 01:30:00,24.677,,,,,
22920,12/01/21 01:45:00,24.605,,,,,
22921,12/01/21 02:00:00,24.508,,,,,
22922,12/01/21 02:15:00,24.388,,,,,
22923,12/01/21 02:30:00,24.291,,,,,
22924,12/01/21 02:45:00,24.219,,,,,
22925,12/01/21 03:00:00,24.171,,,,,
22926,12/01/21 03:15:00,24.074,,,,,
22927,12/01/21 03:30:00,24.002,,,,,
22928,12/01/21 03:45:00,23.930,,,,,
22929,12/01/21 04:00:00,23.905,,,,,
22930,12/01/21 04:15:00,23.857,,,,,
22931,12/01/21 04:30:00,23.809,,,,,
22932,12/01/21 04:45:00,23.737,,,,,
22933,12/01/21 05:00:00,23.665,,,,,
22934,12/01/21 05:15:00,23.569,,,,,
22935,12/01/21 05:30:00,23.545,,,,,
22936,12/01/21 05:45:00,23.497,,,,,
22937,12/01/21 06:00:00,23.448,,,,,
22938,12/01/21 06:15:00,23.400,,,,,
22939,12/01/21 06:30:00,23.352,,,,,
22940,12/01/21 06:45:00,23.328,,,,,
22941,12/01/21 07:00:00,23.304,,,,,
22942,12/01/21 07:15:00,23.280,,,,,
22943,12/01/21 07:30:00,23.256,,,,,
22944,12/01/21 07:45:00,23.232,,,,,
22945,12/01/21 08:00:00,23.232,,,,,
22946,12/01/21 08:15:00,23.256,,,,,
22947,12/01/21 08:30:00,23.280,,,,,
22948,12/01/21 08:45:00,23.304,,,,,
22949,12/01/21 09:00:00,23.352,,,,,
22950,12/01/21 09:15:00,23.424,,,,,
22951,12/01/21 09:30:00,23.497,,,,,
22952,12/01/21 09:45:00,23.593,,,,,
22953,12/01/21 10:00:00,23.689,,,,,
22954,12/01/21 10:15:00,23.785,,,,,
22955,12/01/21 10:30:00,23.905,,,,,
22956,12/01/21 10:45:00,24.074,,,,,
22957,12/01/21 11:00:00,24.219,,,,,
22958,12/01/21 11:15:00,24.363,,,,,
22959,12/01/21 11:30:00,24.532,,,,,
22960,12/01/21 11:45:00,24.677,,,,,
22961,12/01/21 12:00:00,24.823,,,,,
22962,12/01/21 12:15:00,24.968,,,,,
22963,12/01/21 12:30:00,25.137,,,,,
22964,12/01/21 12:45:00,25.331,,,,,
22965,12/01/21 13:00:00,25.501,,,,,
22966,12/01/21 13:15:00,25.623,,,,,
22967,12/01/21 13:30:00,25.744,,,,,
22968,12/01/21 13:45:00,25.890,,,,,
22969,12/01/21 14:00:00,26.036,,,,,
22970,12/01/21 14:15:00,26.158,,,,,
22971,12/01/21 14:30:00,26.231,,,,,
22972,12/01/21 14:45:00,26.304,,,,,
22973,12/01/21 15:00:00,26.378,,,,,
22974,12/01/21 15:15:00,26.451,,,,,
22975,12/01/21 15:30:00,26.549,,,,,
22976,12/01/21 15:45:00,26.622,,,,,
22977,12/01/21 16:00:00,26.671,,,,,
22978,12/01/21 16:15:00,26.695,,,,,
22979,12/01/21 16:30:00,26.744,,,,,
22980,12/01/21 16:45:00,26.793,,,,,
22981,12/01/21 17:00:00,26.818,,,,,
22982,12/01/21 17:15:00,26.818,,,,,
22983,12/01/21 17:30:00,26.793,,,,,
22984,12/01/21 17:45:00,26.793,,,,,
22985,12/01/21 18:00:00,26.793,,,,,
22986,12/01/21 18:15:00,26.720,,,,,
22987,12/01/21 18:30:00,26.622,,,,,
22988,12/01/21 18:45:00,26.524,,,,,
22989,12/01/21 19:00:00,26.475,,,,,
22990,12/01/21 19:15:00,26.426,,,,,
22991,12/01/21 19:30:00,26.378,,,,,
22992,12/01/21 19:45:00,26.256,,,,,
22993,12/01/21 20:00:00,26.134,,,,,
22994,12/01/21 20:15:00,26.036,,,,,
22995,12/01/21 20:30:00,25.963,,,,,
22996,12/01/21 20:45:00,25.890,,,,,
22997,12/01/21 21:00:00,25.793,,,,,
22998,12/01/21 21:15:00,25.671,,,,,
22999,12/01/21 21:30:00,25.574,,,,,
23000,12/01/21 21:45:00,25.477,,,,,
23001,12/01/21 22:00:00,25.428,,,,,
23002,12/01/21 22:15:00,25.355,,,,,
23003,12/01/21 22:30:00,25.234,,,,,
23004,12/01/21 22:45:00,25.113,,,,,
23005,12/01/21 23:00:00,25.016,,,,,
23006,12/01/21 23:15:00,24.944,,,,,
23007,12/01/21 23:30:00,24.895,,,,,
23008,12/01/21 23:45:00,24.798,,,,,
23009,12/02/21 00:00:00,24.702,,,,,
23010,12/02/21 00:15:00,24.581,,,,,
23011,12/02/21 00:30:00,24.508,,,,,
23012,12/02/21 00:45:00,24.460,,,,,
23013,12/02/21 01:00:00,24.388,,,,,
23014,12/02/21 01:15:00,24.291,,,,,
23015,12/02/21 01:30:00,24.195,,,,,
23016,12/02/21 01:45:00,24.098,,,,,
23017,12/02/21 02:00:00,24.074,,,,,
23018,12/02/21 02:15:00,24.002,,,,,
23019,12/02/21 02:30:00,23.930,,,,,
23020,12/02/21 02:45:00,23.881,,,,,
23021,12/02/21 03:00:00,23.809,,,,,
23022,12/02/21 03:15:00,23.761,,,,,
23023,12/02/21 03:30:00,23.737,,,,,
23024,12/02/21 03:45:00,23.689,,,,,
23025,12/02/21 04:00:00,23.665,,,,,
23026,12/02/21 04:15:00,23.641,,,,,
23027,12/02/21 04:30:00,23.593,,,,,
23028,12/02/21 04:45:00,23.569,,,,,
23029,12/02/21 05:00:00,23.569,,,,,
23030,12/02/21 05:15:00,23.545,,,,,
23031,12/02/21 05:30:00,23.521,,,,,
23032,12/02/21 05:45:00,23.497,,,,,
23033,12/02/21 06:00:00,23.497,,,,,
23034,12/02/21 06:15:00,23.497,,,,,
23035,12/02/21 06:30:00,23.472,,,,,
23036,12/02/21 06:45:00,23.472,,,,,
23037,12/02/21 07:00:00,23.448,,,,,
23038,12/02/21 07:15:00,23.448,,,,,
23039,12/02/21 07:30:00,23.472,,,,,
23040,12/02/21 07:45:00,23.472,,,,,
23041,12/02/21 08:00:00,23.497,,,,,
23042,12/02/21 08:15:00,23.521,,,,,
23043,12/02/21 08:30:00,23.521,,,,,
23044,12/02/21 08:45:00,23.569,,,,,
23045,12/02/21 09:00:00,23.641,,,,,
23046,12/02/21 09:15:00,23.737,,,,,
23047,12/02/21 09:30:00,23.785,,,,,
23048,12/02/21 09:45:00,23.833,,,,,
23049,12/02/21 10:00:00,23.954,,,,,
23050,12/02/21 10:15:00,24.122,,,,,
23051,12/02/21 10:30:00,24.243,,,,,
23052,12/02/21 10:45:00,24.339,,,,,
23053,12/02/21 11:00:00,24.484,,,,,
23054,12/02/21 11:15:00,24.605,,,,,
23055,12/02/21 11:30:00,24.774,,,,,
23056,12/02/21 11:45:00,24.944,,,,,
23057,12/02/21 12:00:00,25.113,,,,,
23058,12/02/21 12:15:00,25.258,,,,,
23059,12/02/21 12:30:00,25.428,,,,,
23060,12/02/21 12:45:00,25.623,,,,,
23061,12/02/21 13:00:00,25.817,,,,,
23062,12/02/21 13:15:00,26.012,,,,,
23063,12/02/21 13:30:00,26.134,,,,,
23064,12/02/21 13:45:00,26.280,,,,,
23065,12/02/21 14:00:00,26.451,,,,,
23066,12/02/21 14:15:00,26.646,,,,,
23067,12/02/21 14:30:00,26.818,,,,,
23068,12/02/21 14:45:00,26.965,,,,,
23069,12/02/21 15:00:00,27.063,,,,,
23070,12/02/21 15:15:00,27.186,,,,,
23071,12/02/21 15:30:00,27.284,,,,,
23072,12/02/21 15:45:00,27.407,,,,,
23073,12/02/21 16:00:00,27.530,,,,,
23074,12/02/21 16:15:00,27.628,,,,,
23075,12/02/21 16:30:00,27.727,,,,,
23076,12/02/21 16:45:00,27.776,,,,,
23077,12/02/21 17:00:00,27.825,,,,,
23078,12/02/21 17:15:00,27.875,,,,,
23079,12/02/21 17:30:00,27.875,,,,,
23080,12/02/21 17:45:00,27.850,,,,,
23081,12/02/21 18:00:00,27.801,,,,,
23082,12/02/21 18:15:00,27.727,,,,,
23083,12/02/21 18:30:00,27.653,,,,,
23084,12/02/21 18:45:00,27.554,,,,,
23085,12/02/21 19:00:00,27.481,,,,,
23086,12/02/21 19:15:00,27.358,,,,,
23087,12/02/21 19:30:00,27.235,,,,,
23088,12/02/21 19:45:00,27.087,,,,,
23089,12/02/21 20:00:00,26.989,,,,,
23090,12/02/21 20:15:00,26.891,,,,,
23091,12/02/21 20:30:00,26.744,,,,,
23092,12/02/21 20:45:00,26.598,,,,,
23093,12/02/21 21:00:00,26.451,,,,,
23094,12/02/21 21:15:00,26.329,,,,,
23095,12/02/21 21:30:00,26.207,,,,,
23096,12/02/21 21:45:00,26.061,,,,,
23097,12/02/21 22:00:00,25.939,,,,,
23098,12/02/21 22:15:00,25.793,,,,,
23099,12/02/21 22:30:00,25.647,,,,,
23100,12/02/21 22:45:00,25.525,,,,,
23101,12/02/21 23:00:00,25.404,,,,,
23102,12/02/21 23:15:00,25.283,,,,,
23103,12/02/21 23:30:00,25.162,,,,,
23104,12/02/21 23:45:00,25.016,,,,,
23105,12/03/21 00:00:00,24.895,,,,,
23106,12/03/21 00:15:00,24.798,,,,,
23107,12/03/21 00:30:00,24.677,,,,,
23108,12/03/21 00:45:00,24.557,,,,,
23109,12/03/21 01:00:00,24.436,,,,,
23110,12/03/21 01:15:00,24.339,,,,,
23111,12/03/21 01:30:00,24.243,,,,,
23112,12/03/21 01:45:00,24.171,,,,,
23113,12/03/21 02:00:00,24.050,,,,,
23114,12/03/21 02:15:00,23.978,,,,,
23115,12/03/21 02:30:00,23.881,,,,,
23116,12/03/21 02:45:00,23.833,,,,,
23117,12/03/21 03:00:00,23.785,,,,,
23118,12/03/21 03:15:00,23.713,,,,,
23119,12/03/21 03:30:00,23.665,,,,,
23120,12/03/21 03:45:00,23.617,,,,,
23121,12/03/21 04:00:00,23.593,,,,,
23122,12/03/21 04:15:00,23.569,,,,,
23123,12/03/21 04:30:00,23.545,,,,,
23124,12/03/21 04:45:00,23.521,,,,,
23125,12/03/21 05:00:00,23.497,,,,,
23126,12/03/21 05:15:00,23.497,,,,,
23127,12/03/21 05:30:00,23.472,,,,,
23128,12/03/21 05:45:00,23.472,,,,,
23129,12/03/21 06:00:00,23.448,,,,,
23130,12/03/21 06:15:00,23.448,,,,,
23131,12/03/21 06:30:00,23.424,,,,,
23132,12/03/21 06:45:00,23.424,,,,,
23133,12/03/21 07:00:00,23.448,,,,,
23134,12/03/21 07:15:00,23.424,,,,,
23135,12/03/21 07:30:00,23.424,,,,,
23136,12/03/21 07:45:00,23.424,,,,,
23137,12/03/21 08:00:00,23.448,,,,,
23138,12/03/21 08:15:00,23.472,,,,,
23139,12/03/21 08:30:00,23.497,,,,,
23140,12/03/21 08:45:00,23.545,,,,,
23141,12/03/21 09:00:00,23.569,,,,,
23142,12/03/21 09:15:00,23.593,,,,,
23143,12/03/21 09:30:00,23.665,,,,,
23144,12/03/21 09:45:00,23.713,,,,,
23145,12/03/21 10:00:00,23.761,,,,,
23146,12/03/21 10:15:00,23.809,,,,,
23147,12/03/21 10:30:00,23.857,,,,,
23148,12/03/21 10:45:00,23.930,,,,,
23149,12/03/21 11:00:00,24.050,,,,,
23150,12/03/21 11:15:00,24.171,,,,,
23151,12/03/21 11:30:00,24.315,,,,,
23152,12/03/21 11:45:00,24.460,,,,,
23153,12/03/21 12:00:00,24.629,,,,,
23154,12/03/21 12:15:00,24.823,,,,,
23155,12/03/21 12:30:00,25.186,,,,,
23156,12/03/21 12:45:00,25.477,,,,,
23157,12/03/21 13:00:00,25.623,,,,,
23158,12/03/21 13:15:00,25.841,,,,,
23159,12/03/21 13:30:00,26.085,,,,,
23160,12/03/21 13:45:00,26.304,,,,,
23161,12/03/21 14:00:00,26.524,,,,,
23162,12/03/21 14:15:00,26.720,,,,,
23163,12/03/21 14:30:00,26.842,,,,,
23164,12/03/21 14:45:00,26.989,,,,,
23165,12/03/21 15:00:00,27.186,,,,,
23166,12/03/21 15:15:00,27.382,,,,,
23167,12/03/21 15:30:00,27.481,,,,,
23168,12/03/21 15:45:00,27.505,,,,,
23169,12/03/21 16:00:00,27.505,,,,,
23170,12/03/21 16:15:00,27.505,,,,,
23171,12/03/21 16:30:00,27.505,,,,,
23172,12/03/21 16:45:00,27.505,,,,,
23173,12/03/21 17:00:00,27.456,,,,,
23174,12/03/21 17:15:00,27.382,,,,,
23175,12/03/21 17:30:00,27.308,,,,,
23176,12/03/21 17:45:00,27.235,,,,,
23177,12/03/21 18:00:00,27.161,,,,,
23178,12/03/21 18:15:00,27.087,,,,,
23179,12/03/21 18:30:00,26.989,,,,,
23180,12/03/21 18:45:00,26.891,,,,,
23181,12/03/21 19:00:00,26.769,,,,,
23182,12/03/21 19:15:00,26.671,,,,,
23183,12/03/21 19:30:00,26.573,,,,,
23184,12/03/21 19:45:00,26.475,,,,,
23185,12/03/21 20:00:00,26.353,,,,,
23186,12/03/21 20:15:00,26.231,,,,,
23187,12/03/21 20:30:00,26.109,,,,,
23188,12/03/21 20:45:00,25.987,,,,,
23189,12/03/21 21:00:00,25.890,,,,,
23190,12/03/21 21:15:00,25.793,,,,,
23191,12/03/21 21:30:00,25.647,,,,,
23192,12/03/21 21:45:00,25.501,,,,,
23193,12/03/21 22:00:00,25.404,,,,,
23194,12/03/21 22:15:00,25.307,,,,,
23195,12/03/21 22:30:00,25.210,,,,,
23196,12/03/21 22:45:00,25.089,,,,,
23197,12/03/21 23:00:00,24.968,,,,,
23198,12/03/21 23:15:00,24.871,,,,,
23199,12/03/21 23:30:00,24.774,,,,,
23200,12/03/21 23:45:00,24.702,,,,,
23201,12/04/21 00:00:00,24.605,,,,,
23202,12/04/21 00:15:00,24.484,,,,,
23203,12/04/21 00:30:00,24.388,,,,,
23204,12/04/21 00:45:00,24.291,,,,,
23205,12/04/21 01:00:00,24.219,,,,,
23206,12/04/21 01:15:00,24.146,,,,,
23207,12/04/21 01:30:00,24.050,,,,,
23208,12/04/21 01:45:00,23.978,,,,,
23209,12/04/21 02:00:00,23.905,,,,,
23210,12/04/21 02:15:00,23.833,,,,,
23211,12/04/21 02:30:00,23.785,,,,,
23212,12/04/21 02:45:00,23.737,,,,,
23213,12/04/21 03:00:00,23.689,,,,,
23214,12/04/21 03:15:00,23.641,,,,,
23215,12/04/21 03:30:00,23.593,,,,,
23216,12/04/21 03:45:00,23.569,,,,,
23217,12/04/21 04:00:00,23.545,,,,,
23218,12/04/21 04:15:00,23.497,,,,,
23219,12/04/21 04:30:00,23.472,,,,,
23220,12/04/21 04:45:00,23.448,,,,,
23221,12/04/21 05:00:00,23.448,,,,,
23222,12/04/21 05:15:00,23.424,,,,,
23223,12/04/21 05:30:00,23.400,,,,,
23224,12/04/21 05:45:00,23.400,,,,,
23225,12/04/21 06:00:00,23.376,,,,,
23226,12/04/21 06:15:00,23.376,,,,,
23227,12/04/21 06:30:00,23.376,,,,,
23228,12/04/21 06:45:00,23.376,,,,,
23229,12/04/21 07:00:00,23.376,,,,,
23230,12/04/21 07:15:00,23.352,,,,,
23231,12/04/21 07:30:00,23.352,,,,,
23232,12/04/21 07:45:00,23.376,,,,,
23233,12/04/21 08:00:00,23.400,,,,,
23234,12/04/21 08:15:00,23.400,,,,,
23235,12/04/21 08:30:00,23.424,,,,,
23236,12/04/21 08:45:00,23.448,,,,,
23237,12/04/21 09:00:00,23.521,,,,,
23238,12/04/21 09:15:00,23.593,,,,,
23239,12/04/21 09:30:00,23.617,,,,,
23240,12/04/21 09:45:00,23.665,,,,,
23241,12/04/21 10:00:00,23.689,,,,,
23242,12/04/21 10:15:00,23.737,,,,,
23243,12/04/21 10:30:00,23.809,,,,,
23244,12/04/21 10:45:00,23.881,,,,,
23245,12/04/21 11:00:00,23.930,,,,,
23246,12/04/21 11:15:00,23.954,,,,,
23247,12/04/21 11:30:00,24.002,,,,,
23248,12/04/21 11:45:00,24.050,,,,,
23249,12/04/21 12:00:00,24.098,,,,,
23250,12/04/21 12:15:00,24.146,,,,,
23251,12/04/21 12:30:00,24.171,,,,,
23252,12/04/21 12:45:00,24.171,,,,,
23253,12/04/21 13:00:00,24.219,,,,,
23254,12/04/21 13:15:00,24.243,,,,,
23255,12/04/21 13:30:00,24.267,,,,,
23256,12/04/21 13:45:00,24.243,,,,,
23257,12/04/21 14:00:00,24.243,,,,,
23258,12/04/21 14:15:00,24.219,,,,,
23259,12/04/21 14:30:00,24.219,,,,,
23260,12/04/21 14:45:00,24.219,,,,,
23261,12/04/21 15:00:00,24.219,,,,,
23262,12/04/21 15:15:00,24.219,,,,,
23263,12/04/21 15:30:00,24.219,,,,,
23264,12/04/21 15:45:00,24.219,,,,,
23265,12/04/21 16:00:00,24.267,,,,,
23266,12/04/21 16:15:00,24.291,,,,,
23267,12/04/21 16:30:00,24.315,,,,,
23268,12/04/21 16:45:00,24.315,,,,,
23269,12/04/21 17:00:00,24.315,,,,,
23270,12/04/21 17:15:00,24.315,,,,,
23271,12/04/21 17:30:00,24.339,,,,,
23272,12/04/21 17:45:00,24.339,,,,,
23273,12/04/21 18:00:00,24.315,,,,,
23274,12/04/21 18:15:00,24.291,,,,,
23275,12/04/21 18:30:00,24.243,,,,,
23276,12/04/21 18:45:00,24.219,,,,,
23277,12/04/21 19:00:00,24.195,,,,,
23278,12/04/21 19:15:00,24.146,,,,,
23279,12/04/21 19:30:00,24.122,,,,,
23280,12/04/21 19:45:00,24.050,,,,,
23281,12/04/21 20:00:00,24.002,,,,,
23282,12/04/21 20:15:00,23.978,,,,,
23283,12/04/21 20:30:00,23.930,,,,,
23284,12/04/21 20:45:00,23.881,,,,,
23285,12/04/21 21:00:00,23.833,,,,,
23286,12/04/21 21:15:00,23.809,,,,,
23287,12/04/21 21:30:00,23.761,,,,,
23288,12/04/21 21:45:00,23.761,,,,,
23289,12/04/21 22:00:00,23.713,,,,,
23290,12/04/21 22:15:00,23.689,,,,,
23291,12/04/21 22:30:00,23.641,,,,,
23292,12/04/21 22:45:00,23.617,,,,,
23293,12/04/21 23:00:00,23.617,,,,,
23294,12/04/21 23:15:00,23.593,,,,,
23295,12/04/21 23:30:00,23.569,,,,,
23296,12/04/21 23:45:00,23.545,,,,,
23297,12/05/21 00:00:00,23.545,,,,,
23298,12/05/21 00:15:00,23.521,,,,,
23299,12/05/21 00:30:00,23.521,,,,,
23300,12/05/21 00:45:00,23.521,,,,,
23301,12/05/21 01:00:00,23.497,,,,,
23302,12/05/21 01:15:00,23.497,,,,,
23303,12/05/21 01:30:00,23.497,,,,,
23304,12/05/21 01:45:00,23.497,,,,,
23305,12/05/21 02:00:00,23.472,,,,,
23306,12/05/21 02:15:00,23.472,,,,,
23307,12/05/21 02:30:00,23.472,,,,,
23308,12/05/21 02:45:00,23.472,,,,,
23309,12/05/21 03:00:00,23.497,,,,,
23310,12/05/21 03:15:00,23.521,,,,,
23311,12/05/21 03:30:00,23.545,,,,,
23312,12/05/21 03:45:00,23.545,,,,,
23313,12/05/21 04:00:00,23.545,,,,,
23314,12/05/21 04:15:00,23.569,,,,,
23315,12/05/21 04:30:00,23.593,,,,,
23316,12/05/21 04:45:00,23.569,,,,,
23317,12/05/21 05:00:00,23.569,,,,,
23318,12/05/21 05:15:00,23.545,,,,,
23319,12/05/21 05:30:00,23.521,,,,,
23320,12/05/21 05:45:00,23.521,,,,,
23321,12/05/21 06:00:00,23.521,,,,,
23322,12/05/21 06:15:00,23.497,,,,,
23323,12/05/21 06:30:00,23.497,,,,,
23324,12/05/21 06:45:00,23.472,,,,,
23325,12/05/21 07:00:00,23.448,,,,,
23326,12/05/21 07:15:00,23.472,,,,,
23327,12/05/21 07:30:00,23.472,,,,,
23328,12/05/21 07:45:00,23.472,,,,,
23329,12/05/21 08:00:00,23.472,,,,,
23330,12/05/21 08:15:00,23.472,,,,,
23331,12/05/21 08:30:00,23.521,,,,,
23332,12/05/21 08:45:00,23.569,,,,,
23333,12/05/21 09:00:00,23.593,,,,,
23334,12/05/21 09:15:00,23.641,,,,,
23335,12/05/21 09:30:00,23.641,,,,,
23336,12/05/21 09:45:00,23.665,,,,,
23337,12/05/21 10:00:00,23.713,,,,,
23338,12/05/21 10:15:00,23.761,,,,,
23339,12/05/21 10:30:00,23.785,,,,,
23340,12/05/21 10:45:00,23.809,,,,,
23341,12/05/21 11:00:00,23.833,,,,,
23342,12/05/21 11:15:00,23.881,,,,,
23343,12/05/21 11:30:00,23.954,,,,,
23344,12/05/21 11:45:00,23.978,,,,,
23345,12/05/21 12:00:00,24.002,,,,,
23346,12/05/21 12:15:00,24.026,,,,,
23347,12/05/21 12:30:00,24.074,,,,,
23348,12/05/21 12:45:00,24.146,,,,,
23349,12/05/21 13:00:00,24.219,,,,,
23350,12/05/21 13:15:00,24.267,,,,,
23351,12/05/21 13:30:00,24.315,,,,,
23352,12/05/21 13:45:00,24.363,,,,,
23353,12/05/21 14:00:00,24.412,,,,,
23354,12/05/21 14:15:00,24.508,,,,,
23355,12/05/21 14:30:00,24.581,,,,,
23356,12/05/21 14:45:00,24.629,,,,,
23357,12/05/21 15:00:00,24.702,,,,,
23358,12/05/21 15:15:00,24.726,,,,,
23359,12/05/21 15:30:00,24.798,,,,,
23360,12/05/21 15:45:00,24.847,,,,,
23361,12/05/21 16:00:00,24.895,,,,,
23362,12/05/21 16:15:00,24.919,,,,,
23363,12/05/21 16:30:00,24.895,,,,,
23364,12/05/21 16:45:00,24.895,,,,,
23365,12/05/21 17:00:00,24.919,,,,,
23366,12/05/21 17:15:00,24.919,,,,,
23367,12/05/21 17:30:00,24.919,,,,,
23368,12/05/21 17:45:00,24.871,,,,,
23369,12/05/21 18:00:00,24.823,,,,,
23370,12/05/21 18:15:00,24.774,,,,,
23371,12/05/21 18:30:00,24.726,,,,,
23372,12/05/21 18:45:00,24.677,,,,,
23373,12/05/21 19:00:00,24.605,,,,,
23374,12/05/21 19:15:00,24.508,,,,,
23375,12/05/21 19:30:00,24.436,,,,,
23376,12/05/21 19:45:00,24.363,,,,,
23377,12/05/21 20:00:00,24.291,,,,,
23378,12/05/21 20:15:00,24.243,,,,,
23379,12/05/21 20:30:00,24.146,,,,,
23380,12/05/21 20:45:00,24.098,,,,,
23381,12/05/21 21:00:00,24.026,,,,,
23382,12/05/21 21:15:00,23.978,,,,,
23383,12/05/21 21:30:00,23.930,,,,,
23384,12/05/21 21:45:00,23.881,,,,,
23385,12/05/21 22:00:00,23.833,,,,,
23386,12/05/21 22:15:00,23.785,,,,,
23387,12/05/21 22:30:00,23.761,,,,,
23388,12/05/21 22:45:00,23.737,,,,,
23389,12/05/21 23:00:00,23.713,,,,,
23390,12/05/21 23:15:00,23.665,,,,,
23391,12/05/21 23:30:00,23.641,,,,,
23392,12/05/21 23:45:00,23.617,,,,,
23393,12/06/21 00:00:00,23.593,,,,,
23394,12/06/21 00:15:00,23.593,,,,,
23395,12/06/21 00:30:00,23.569,,,,,
23396,12/06/21 00:45:00,23.545,,,,,
23397,12/06/21 01:00:00,23.521,,,,,
23398,12/06/21 01:15:00,23.521,,,,,
23399,12/06/21 01:30:00,23.497,,,,,
23400,12/06/21 01:45:00,23.497,,,,,
23401,12/06/21 02:00:00,23.497,,,,,
23402,12/06/21 02:15:00,23.497,,,,,
23403,12/06/21 02:30:00,23.497,,,,,
23404,12/06/21 02:45:00,23.545,,,,,
23405,12/06/21 03:00:00,23.545,,,,,
23406,12/06/21 03:15:00,23.545,,,,,
23407,12/06/21 03:30:00,23.545,,,,,
23408,12/06/21 03:45:00,23.521,,,,,
23409,12/06/21 04:00:00,23.545,,,,,
23410,12/06/21 04:15:00,23.569,,,,,
23411,12/06/21 04:30:00,23.569,,,,,
23412,12/06/21 04:45:00,23.545,,,,,
23413,12/06/21 05:00:00,23.545,,,,,
23414,12/06/21 05:15:00,23.521,,,,,
23415,12/06/21 05:30:00,23.521,,,,,
23416,12/06/21 05:45:00,23.521,,,,,
23417,12/06/21 06:00:00,23.497,,,,,
23418,12/06/21 06:15:00,23.497,,,,,
23419,12/06/21 06:30:00,23.497,,,,,
23420,12/06/21 06:45:00,23.521,,,,,
23421,12/06/21 07:00:00,23.545,,,,,
23422,12/06/21 07:15:00,23.521,,,,,
23423,12/06/21 07:30:00,23.521,,,,,
23424,12/06/21 07:45:00,23.521,,,,,
23425,12/06/21 08:00:00,23.521,,,,,
23426,12/06/21 08:15:00,23.545,,,,,
23427,12/06/21 08:30:00,23.569,,,,,
23428,12/06/21 08:45:00,23.593,,,,,
23429,12/06/21 09:00:00,23.641,,,,,
23430,12/06/21 09:15:00,23.737,,,,,
23431,12/06/21 09:30:00,23.881,,,,,
23432,12/06/21 09:45:00,24.074,,,,,
23433,12/06/21 10:00:00,24.219,,,,,
23434,12/06/21 10:15:00,24.315,,,,,
23435,12/06/21 10:30:00,24.436,,,,,
23436,12/06/21 10:45:00,24.605,,,,,
23437,12/06/21 11:00:00,24.726,,,,,
23438,12/06/21 11:15:00,24.895,,,,,
23439,12/06/21 11:30:00,25.040,,,,,
23440,12/06/21 11:45:00,25.162,,,,,
23441,12/06/21 12:00:00,25.283,,,,,
23442,12/06/21 12:15:00,25.428,,,,,
23443,12/06/21 12:30:00,25.501,,,,,
23444,12/06/21 12:45:00,25.574,,,,,
23445,12/06/21 13:00:00,25.598,,,,,
23446,12/06/21 13:15:00,25.671,,,,,
23447,12/06/21 13:30:00,25.744,,,,,
23448,12/06/21 13:45:00,25.817,,,,,
23449,12/06/21 14:00:00,25.914,,,,,
23450,12/06/21 14:15:00,26.012,,,,,
23451,12/06/21 14:30:00,26.085,,,,,
23452,12/06/21 14:45:00,26.134,,,,,
23453,12/06/21 15:00:00,26.207,,,,,
23454,12/06/21 15:15:00,26.304,,,,,
23455,12/06/21 15:30:00,26.402,,,,,
23456,12/06/21 15:45:00,26.451,,,,,
23457,12/06/21 16:00:00,26.475,,,,,
23458,12/06/21 16:15:00,26.524,,,,,
23459,12/06/21 16:30:00,26.598,,,,,
23460,12/06/21 16:45:00,26.622,,,,,
23461,12/06/21 17:00:00,26.646,,,,,
23462,12/06/21 17:15:00,26.598,,,,,
23463,12/06/21 17:30:00,26.549,,,,,
23464,12/06/21 17:45:00,26.475,,,,,
23465,12/06/21 18:00:00,26.426,,,,,
23466,12/06/21 18:15:00,26.353,,,,,
23467,12/06/21 18:30:00,26.304,,,,,
23468,12/06/21 18:45:00,26.231,,,,,
23469,12/06/21 19:00:00,26.158,,,,,
23470,12/06/21 19:15:00,26.061,,,,,
23471,12/06/21 19:30:00,25.939,,,,,
23472,12/06/21 19:45:00,25.817,,,,,
23473,12/06/21 20:00:00,25.720,,,,,
23474,12/06/21 20:15:00,25.623,,,,,
23475,12/06/21 20:30:00,25.501,,,,,
23476,12/06/21 20:45:00,25.380,,,,,
23477,12/06/21 21:00:00,25.234,,,,,
23478,12/06/21 21:15:00,25.113,,,,,
23479,12/06/21 21:30:00,24.992,,,,,
23480,12/06/21 21:45:00,24.895,,,,,
23481,12/06/21 22:00:00,24.774,,,,,
23482,12/06/21 22:15:00,24.653,,,,,
23483,12/06/21 22:30:00,24.532,,,,,
23484,12/06/21 22:45:00,24.412,,,,,
23485,12/06/21 23:00:00,24.291,,,,,
23486,12/06/21 23:15:00,24.195,,,,,
23487,12/06/21 23:30:00,24.074,,,,,
23488,12/06/21 23:45:00,23.978,,,,,
23489,12/07/21 00:00:00,23.881,,,,,
23490,12/07/21 00:15:00,23.785,,,,,
23491,12/07/21 00:30:00,23.713,,,,,
23492,12/07/21 00:45:00,23.665,,,,,
23493,12/07/21 01:00:00,23.617,,,,,
23494,12/07/21 01:15:00,23.545,,,,,
23495,12/07/21 01:30:00,23.497,,,,,
23496,12/07/21 01:45:00,23.448,,,,,
23497,12/07/21 02:00:00,23.424,,,,,
23498,12/07/21 02:15:00,23.400,,,,,
23499,12/07/21 02:30:00,23.352,,,,,
23500,12/07/21 02:45:00,23.304,,,,,
23501,12/07/21 03:00:00,23.304,,,,,
23502,12/07/21 03:15:00,23.280,,,,,
23503,12/07/21 03:30:00,23.280,,,,,
23504,12/07/21 03:45:00,23.280,,,,,
23505,12/07/21 04:00:00,23.256,,,,,
23506,12/07/21 04:15:00,23.280,,,,,
23507,12/07/21 04:30:00,23.304,,,,,
23508,12/07/21 04:45:00,23.304,,,,,
23509,12/07/21 05:00:00,23.304,,,,,
23510,12/07/21 05:15:00,23.304,,,,,
23511,12/07/21 05:30:00,23.304,,,,,
23512,12/07/21 05:45:00,23.328,,,,,
23513,12/07/21 06:00:00,23.352,,,,,
23514,12/07/21 06:15:00,23.352,,,,,
23515,12/07/21 06:30:00,23.352,,,,,
23516,12/07/21 06:45:00,23.352,,,,,
23517,12/07/21 07:00:00,23.352,,,,,
23518,12/07/21 07:15:00,23.400,,,,,
23519,12/07/21 07:30:00,23.424,,,,,
23520,12/07/21 07:45:00,23.424,,,,,
23521,12/07/21 08:00:00,23.424,,,,,
23522,12/07/21 08:15:00,23.424,,,,,
23523,12/07/21 08:30:00,23.448,,,,,
23524,12/07/21 08:45:00,23.497,,,,,
23525,12/07/21 09:00:00,23.569,,,,,
23526,12/07/21 09:15:00,23.617,,,,,
23527,12/07/21 09:30:00,23.665,,,,,
23528,12/07/21 09:45:00,23.761,,,,,
23529,12/07/21 10:00:00,23.857,,,,,
23530,12/07/21 10:15:00,23.954,,,,,
23531,12/07/21 10:30:00,24.026,,,,,
23532,12/07/21 10:45:00,24.171,,,,,
23533,12/07/21 11:00:00,24.315,,,,,
23534,12/07/21 11:15:00,24.460,,,,,
23535,12/07/21 11:30:00,24.605,,,,,
23536,12/07/21 11:45:00,24.750,,,,,
23537,12/07/21 12:00:00,24.871,,,,,
23538,12/07/21 12:15:00,25.016,,,,,
23539,12/07/21 12:30:00,25.210,,,,,
23540,12/07/21 12:45:00,25.380,,,,,
23541,12/07/21 13:00:00,25.720,,,,,
23542,12/07/21 13:15:00,25.914,,,,,
23543,12/07/21 13:30:00,26.061,,,,,
23544,12/07/21 13:45:00,26.280,,,,,
23545,12/07/21 14:00:00,26.500,,,,,
23546,12/07/21 14:15:00,26.793,,,,,
23547,12/07/21 14:30:00,27.063,,,,,
23548,12/07/21 14:45:00,27.530,,,,,
23549,12/07/21 14:50:18,,,Logged,Logged,,
23550,12/07/21 14:59:56,,,,,Logged,Logged
